zcta,year,merge_key,number_of_households,household_median_income_1yr,household_mean_income_1yr,number_of_rent_home,median_rent,number_of_owned_home,median_home_value,population_25_and_over,less_than_9th_grade,9th_to_12th_grade,high_school_graduate,some_college_no_degree,associates_degree,bachelors_degree,graduate_or_professional_degree,total_population,pct_children_teens_5-19,pct_young_adults_20-34,pct_middle_aged_35-59,pct_older_adults_60+,housing_units,pct_1_person,pct_2_person,pct_3_person,pct_4_or_more_person
10001,2023,2023_10001,15097,123393,205444,11399,3024,3570,793000,22724,2.11230417180074,5.034324942791762,8.638443935926773,9.51417004048583,3.1992606935398697,41.47157190635451,30.029924309100508,29079,10.653736373327831,20.898242718112726,41.91684720932632,20.898242718112726,15097,55.01092932370669,29.297211366496654,9.518447373650394,6.1734119361462545
10002,2023,2023_10002,35771,46525,93314,28916,1207,6660,808500,59418,13.788750883570636,15.215927833316504,17.7235854454879,10.347032885657544,3.970177387323707,26.54246188023831,12.412063684405398,75517,11.974787134022801,15.850735595958525,33.39380536832766,32.45361971476621,35771,44.22297391741914,33.21126051829694,12.521316149953874,10.044449414330044
10003,2023,2023_10003,25080,153750,248577,16196,2772,8701,1137000,36544,2.9827057793345007,1.3134851138353765,4.802429947460595,6.170643607705779,2.53119527145359,44.72964098073555,37.469899299474605,53825,17.103576405016256,25.62935438922434,30.918718067812353,21.935903390617742,25080,53.33732057416268,32.14912280701754,10.07177033492823,4.441786283891547
10004,2023,2023_10004,1775,220592,309645,1145,3501,630,1866400,3010,0.53156146179402,0.3654485049833887,1.6611295681063123,6.378737541528238,0.1661129568106312,42.62458471760797,48.27242524916944,3875,11.561290322580646,16.07741935483871,48.10322580645161,14.09032258064516,1775,40.33802816901408,30.366197183098592,15.71830985915493,13.577464788732394
10005,2023,2023_10005,5156,211810,279387,4276,3501,880,1387200,7325,0.8873720136518772,1.665529010238908,5.870307167235495,6.484641638225256,0.832764505119454,50.55290102389078,33.70648464163823,9238,5.877895648408747,35.57046979865772,45.60510933102403,9.092877246157176,5156,53.31652443754849,31.40031031807603,7.059736229635376,8.223429014740109
10006,2023,2023_10006,2305,209972,235292,1880,3501,402,1125700,3465,0.0,0.0,4.704184704184704,8.253968253968253,2.1645021645021645,43.26118326118326,41.61616161616162,4475,16.29050279329609,23.64245810055866,50.74860335195531,6.569832402234637,2305,54.40347071583515,32.92841648590022,4.989154013015185,7.678958785249458
10007,2023,2023_10007,3309,250001,512350,2140,3501,1159,2000001,5618,0.9433962264150944,1.4417942328230686,5.74937700249199,4.538981844072624,0.9611961552153792,52.26059095763617,34.10466358134568,7802,12.522430146116381,19.23865675467829,48.65419123301717,11.63804152781338,3309,35.44877606527652,29.37443336355394,15.35207011181626,19.82472045935328
10009,2023,2023_10009,30025,87963,134024,26968,1925,2687,690600,47633,7.047635042932421,5.638947788298029,11.032267545609136,9.75794092330947,3.892259567946592,38.12692880985871,24.50402032204564,58341,8.008090365266279,19.720265336555766,37.553350131125626,29.576112853739225,30025,49.32889258950874,29.08243130724396,15.213988343047461,6.3746877601998335
10010,2023,2023_10010,16192,156127,253684,11531,3113,4453,1037900,23770,0.9465713083718972,2.3559108119478336,6.360959192259149,7.240218763146823,2.5788809423643246,45.620530079932685,34.89692890197728,31905,14.251684688920232,19.683435198244787,36.276445698166434,24.228177401661185,16192,51.27223320158103,32.719861660079054,7.559288537549406,8.448616600790514
10011,2023,2023_10011,28277,146571,238674,17645,2868,10180,1165800,41026,2.1084190513333008,2.359479354555648,6.807877931068103,7.207624433286208,2.320479695802661,39.96490030712231,39.23121922683176,49344,9.251378080415046,17.144941634241246,35.967898832684824,33.85214007782101,28277,59.88612653393217,27.605474413834564,7.203734483856137,5.3046645683771265
10012,2023,2023_10012,11909,130938,219222,9273,2731,2562,1500000,17230,1.9616947185142195,2.08357515960534,4.892629135229251,5.96053395240859,1.845618107951248,49.55890887986071,33.697040046430644,21846,6.362720864231438,26.554060239860846,41.67811040922824,21.143458756751805,11909,54.5049962213452,31.052145436224706,8.850449240070535,5.59240910235956
10013,2023,2023_10013,12609,159474,385678,8500,2378,3723,2000001,21815,5.175338070135228,5.762090304836122,8.833371533348613,6.655970662388265,1.5264726105890445,44.79944991977997,27.24730689892276,28215,11.458444090023036,17.579301789828108,39.99291157185894,24.58266879319511,12609,35.625346974383376,34.118486795146325,14.973431675787136,15.282734554683163
10014,2023,2023_10014,17682,167254,276638,12138,2998,5052,1294200,25727,0.4780969409569712,0.629688653943328,4.773195475570413,8.034360788276908,1.1971858358922534,50.044700120495975,34.84277218486415,29772,5.9519011151417445,21.557167808679296,40.97474136772807,27.707241703614134,17682,55.808166497002595,33.361610677525164,5.706368057912001,5.12385476756023
10016,2023,2023_10016,30164,153065,217368,21593,3321,8345,928400,43154,1.3023126477267462,1.6522222737173842,6.265931315752884,7.359688557260045,1.7634518237011634,41.47240116791027,40.183992213931504,54297,6.882516529458349,29.905887986444924,38.24704863988802,19.5056817135385,30164,55.184988728285376,31.97188701763692,8.503514122795385,4.339610131282323
10017,2023,2023_10017,9529,132518,182585,6519,2980,2914,808200,13266,1.5302276496306346,1.9523594150459824,3.9499472335293233,6.701341775968642,0.5804311774461027,40.999547715965626,44.286145032413685,14985,3.029696363029696,21.96196196196196,40.35368702035369,31.197864531197865,9529,59.848882359114285,33.26686955609193,4.008815195718333,2.8754328890754537
10018,2023,2023_10018,4901,133042,219569,4310,3501,580,947100,7458,3.392330383480826,4.532046124966479,7.642799678197908,6.181281844998659,3.0839367122552965,41.65996245642263,33.5076427996782,8764,7.816065723413966,25.251026928343222,43.94112277498859,19.64856230031949,4901,53.56049785758008,34.319526627218934,8.018771679249133,4.101203835951846
10019,2023,2023_10019,26900,121835,198898,20933,2619,5813,1066100,39679,1.0761359913304267,1.3105168981073112,8.092441845812646,7.265808110083419,4.71786083318632,42.34985760729857,35.18737871418131,44276,3.372029993676032,17.66645586773873,42.73195410606198,31.138765922847593,26900,58.4907063197026,31.301115241635685,6.754646840148699,3.4535315985130115
10020,2023,2023_10020,0,-666666666,-666666666,0,-666666666,0,-666666666,0,,,,,,,,0,0.0,0.0,0.0,0.0,0,,,,
10021,2023,2023_10021,20319,156712,279563,10859,3002,9165,1529600,31592,0.5001266143327424,1.604836667510762,5.681818181818182,9.033932641174982,2.560774879716384,39.22828564193467,41.39022537351228,39479,12.051977000430607,13.128498695509006,36.105271156817544,30.000759897667113,20319,45.2581327821251,32.791968108666765,12.062601505979625,9.887297603228506
10022,2023,2023_10022,18627,171038,283490,9085,2928,9017,1116700,29095,1.213266884344389,0.6702182505585152,6.221000171850834,6.801855989001547,1.495102251245919,37.59065131465887,46.00790513833992,34340,7.845078625509609,11.406523005241702,35.00873616773442,35.32032615026208,18627,49.00413378429162,34.82042196811081,9.615074891286842,6.560369356310732
10023,2023,2023_10023,36881,157866,255254,21747,3050,14576,1401800,53645,0.9320533134495292,1.200484667722994,5.7302637710877065,5.672476465653835,2.173548326964302,38.11725230683195,46.17392114828968,67468,12.583743404280547,10.06551253927788,36.89600996027747,32.969704156044344,36881,52.338602532469295,30.818036387299692,8.375586345272634,8.467774734958379
10024,2023,2023_10024,29447,182614,311852,17906,2965,11398,1746400,50060,2.311226528166201,0.8749500599280863,4.696364362764682,5.966839792249301,1.9396723931282465,34.942069516580105,49.26887734718338,62576,11.063346970084377,8.349846586550754,39.06449757095372,31.476924060342625,29447,40.662885862736445,33.840459129962305,11.260909430502258,14.235745576798994
10025,2023,2023_10025,41029,109195,187891,27491,2009,12584,1125200,70984,3.805082835568579,4.085427702017356,9.757128366955934,10.619294488898907,2.9443254817987152,28.93046320297532,39.85827792178519,93223,11.841498342683673,19.15728951009944,30.893663580875963,31.0524226853888,41029,41.82651295425187,33.537254137317504,14.116844183382485,10.519388725048136
10026,2023,2023_10026,15537,74140,126720,11544,1546,3574,1014100,27341,3.807468636845763,6.499396510734794,19.183643612157567,13.082915767528618,3.9062214256976704,27.336234958487253,26.184119088548336,37113,14.601352625764559,16.306954436450837,42.055344488454175,20.731280144423785,15537,42.2797193795456,28.8601403102272,15.678702452210851,13.181437858016348
10027,2023,2023_10027,24509,64220,116529,20284,1609,3846,915000,42572,5.7925396974537255,7.570703748942967,18.4064643427605,12.635065301136898,3.772432584797519,24.96006765009865,26.862726674809736,65068,18.731173541525788,21.3714882891744,33.38507407635089,19.762402409786684,24509,42.7638826553511,30.156269125627322,13.435880696886857,13.643967522134727
10028,2023,2023_10028,24901,168125,282107,15112,2702,9447,1600400,37523,1.2898755430002933,0.3011486288409775,4.767742451296538,7.859179703115422,2.539775604296032,33.68067585214402,49.56160221730672,45679,11.020381356859826,12.01427351737122,36.36682063968125,32.77436020928654,24901,48.1546925826272,31.569013292638846,10.650174691779446,9.6261194329545
10029,2023,2023_10029,33098,38308,79430,30292,1183,2304,818100,54112,12.682953873447664,9.00724423418096,23.593657599053813,14.49031638083974,4.571998817267889,20.16558249556476,15.48824659964518,74848,15.40588926891834,15.413905515177426,34.757107738349724,26.581872595126125,33098,45.76409450722098,27.814369448305033,14.985799746208231,11.435736298265756
10030,2023,2023_10030,13180,42738,80313,11298,1204,1754,810100,22234,12.184042457497526,10.24107223171719,22.344157596473867,14.689214716200413,5.595034631645228,19.258792839794907,15.687685526670863,30781,14.466716480946037,15.64601539910984,36.665475455638216,25.369546148598165,13180,48.08801213960546,23.62670713201821,15.629742033383915,12.655538694992414
10031,2023,2023_10031,21991,65067,95724,18466,1787,3008,678000,47341,11.085528400329524,10.358885532624996,17.72670623772206,16.11922012631757,3.869795737310154,24.452377431824424,16.38748653387127,60305,12.017245667855068,16.38670093690407,40.94022054556007,24.951496559157615,21991,35.08253376381247,28.779955436314857,15.651857578100131,20.485653221772544
10032,2023,2023_10032,21359,56588,83374,19373,1546,1780,545500,42647,15.87450465448918,8.242080333903909,17.335334255633455,14.317536989706191,4.452833728046522,23.964170985063426,15.813539053157314,55579,11.806617607369688,19.85462134979039,36.05858327785674,26.313895536083777,21359,40.66669787911419,25.314855564399082,18.690013577414675,15.328432979072055
10033,2023,2023_10033,19747,75585,125737,16296,1742,3035,709100,39698,13.849564209783868,8.79641291752733,15.328228122323544,13.950324953398155,6.808907249735503,21.988513275227973,19.278049272003628,53611,13.064483035198002,17.765010911939715,38.154483221726885,24.42409207065714,19747,33.83805134957208,29.04238618524333,16.802552286423253,20.31701017876133
10034,2023,2023_10034,15462,69786,96915,13571,1621,1547,518000,29329,11.711957448259405,8.029595281121074,18.81755259299669,16.990009887824336,5.237137304374509,21.398615704592725,17.81513178083126,39037,14.127622511975817,13.753618362066758,39.43438276506904,25.32469195891078,15462,38.17099987065063,29.769758116673135,13.788643125080844,18.270598887595398
10035,2023,2023_10035,15056,40556,74154,13463,1283,1484,663500,27782,11.9069901374991,12.050968252825571,26.884313584335175,13.166798646605717,5.312792455546757,18.41480095025556,12.263335972932117,39082,16.631697456629652,15.876874264367228,36.592293127270864,23.089913515173226,15056,45.91524973432519,27.225026567481404,11.00557917109458,15.854144527098832
10036,2023,2023_10036,18886,100225,153956,16986,2301,1673,988000,25778,2.9560089999224144,3.7085887190627664,9.632244549615953,9.496469858018465,4.89952672821786,41.09705950810768,28.21010163705485,30589,5.8027395468959435,20.464872993559776,44.761188662591124,25.214946549413188,18886,61.304670126019275,29.09562638991846,6.825161495287515,2.7745419887747538
10037,2023,2023_10037,10205,51250,88255,9245,1406,912,-666666666,14375,7.151304347826088,6.810434782608696,23.902608695652177,13.523478260869563,5.43304347826087,25.718260869565217,17.46086956521739,18333,13.358424698630886,11.465663012054765,39.786177930507826,27.982326951399113,10205,59.480646741793244,26.369426751592357,7.300342969132778,6.849583537481626
10038,2023,2023_10038,10694,115121,168823,7593,3140,3040,865700,16805,9.991074085093722,7.235941684022612,9.866111276405832,7.259744123772687,4.07021719726272,38.16126152930676,23.415650104135675,23342,16.318224659412216,21.60054836774912,32.56790335018422,21.626253105989203,10694,44.16495230970638,33.36450345988405,11.959977557508882,10.510566672900692
10039,2023,2023_10039,12427,48792,72337,10522,1211,1841,478200,21944,10.754648195406489,7.792562887349617,26.558512577469923,19.94166970470288,7.783448778709443,17.52643091505651,9.64272694130514,30512,17.11785527005768,14.125589931830099,37.67697954902989,23.92829050865233,12427,36.75867063651726,32.73517341273035,15.265148467047556,15.241007483704836
10040,2023,2023_10040,16260,64022,91539,13329,1680,2511,465700,32180,12.697327532628965,10.155376009944064,20.845245494095717,13.570540708514606,4.453076444996892,21.062771908017403,17.215661901802363,41581,12.998725379380005,13.631225800245304,37.52915995286308,29.81890767417811,16260,37.44772447724477,29.11439114391144,18.62238622386224,14.81549815498155
10044,2023,2023_10044,5146,106146,172339,4052,3305,1072,1041300,9119,3.728478999890339,2.44544357933984,11.185436999671015,7.4021274262528785,3.267902182256827,27.85393135212194,44.116679460467154,11998,12.143690615102516,12.377062843807302,39.456576096016,24.97916319386565,5146,40.225417800233195,27.477652545666537,18.441507967353285,13.855421686746988
10065,2023,2023_10065,16706,160938,267101,10971,2828,5542,1368200,24999,1.2400496019840794,0.5320212808512341,4.928197127885115,5.992239689587583,1.360054402176087,41.417656706268254,44.52978119124765,31047,10.658034592714273,11.41173060199053,38.721937707346925,28.482623119786133,16706,50.42499700706333,30.58781276188196,9.25416018197055,9.733030049084162
10069,2023,2023_10069,3202,226151,343678,2231,3501,935,2000001,4958,0.0,0.0,7.503025413473175,0.645421540943929,0.8067769261799113,36.76885841064946,54.27591770875353,6669,13.690208427050532,7.317438896386264,47.38341580446844,19.523166891587945,3202,44.8469706433479,26.420986883198,21.111805121798877,7.6202373516552155
10075,2023,2023_10075,12536,146556,292128,6570,2390,5732,1097800,18743,0.6082270714400042,1.6112682067972044,5.6447740489782845,5.111241530171264,2.1874833271087875,36.178840100304114,48.65816571520034,23865,11.468677980305888,16.936936936936938,32.31929604022627,32.465954326419435,12536,50.35098915124442,28.39023611997447,8.543395022335673,12.715379706445438
10103,2023,2023_10103,0,-666666666,-666666666,0,-666666666,0,-666666666,0,,,,,,,,0,0.0,0.0,0.0,0.0,0,,,,
10110,2023,2023_10110,0,-666666666,-666666666,0,-666666666,0,-666666666,0,,,,,,,,0,0.0,0.0,0.0,0.0,0,,,,
10111,2023,2023_10111,0,-666666666,-666666666,0,-666666666,0,-666666666,0,,,,,,,,0,0.0,0.0,0.0,0.0,0,,,,
10112,2023,2023_10112,0,-666666666,-666666666,0,-666666666,0,-666666666,0,,,,,,,,0,0.0,0.0,0.0,0.0,0,,,,
10115,2023,2023_10115,0,-666666666,-666666666,0,-666666666,0,-666666666,0,,,,,,,,0,0.0,0.0,0.0,0.0,0,,,,
10119,2023,2023_10119,0,-666666666,-666666666,0,-666666666,0,-666666666,0,,,,,,,,0,0.0,0.0,0.0,0.0,0,,,,
10128,2023,2023_10128,30154,148705,243787,19775,2648,9725,1295600,47586,1.840877569032909,2.372546547303829,7.468583196738536,5.8672718866893625,4.988862270415669,34.55217921237338,42.90967931744631,59000,10.050847457627118,14.128813559322033,36.052542372881355,31.95084745762712,30154,46.431650858924186,31.54142070703721,12.2637129402401,9.763215493798501
10152,2023,2023_10152,0,-666666666,-666666666,0,-666666666,0,-666666666,0,,,,,,,,0,0.0,0.0,0.0,0.0,0,,,,
10153,2023,2023_10153,0,-666666666,-666666666,0,-666666666,0,-666666666,0,,,,,,,,0,0.0,0.0,0.0,0.0,0,,,,
10154,2023,2023_10154,0,-666666666,-666666666,0,-666666666,0,-666666666,0,,,,,,,,0,0.0,0.0,0.0,0.0,0,,,,
10162,2023,2023_10162,883,110349,138519,814,3501,0,-666666666,1349,0.0,1.853224610822832,28.39140103780578,1.3343217197924389,3.9288361749444034,30.911786508524838,33.58042994810971,1769,7.235726399095533,2.6003391746749576,25.83380440927077,48.841153193894854,883,46.206115515288786,34.54133635334088,2.1517553793884483,17.10079275198188
10165,2023,2023_10165,0,-666666666,-666666666,0,-666666666,0,-666666666,0,,,,,,,,0,0.0,0.0,0.0,0.0,0,,,,
10167,2023,2023_10167,0,-666666666,-666666666,0,-666666666,0,-666666666,0,,,,,,,,0,0.0,0.0,0.0,0.0,0,,,,
10168,2023,2023_10168,0,-666666666,-666666666,0,-666666666,0,-666666666,0,,,,,,,,0,0.0,0.0,0.0,0.0,0,,,,
10169,2023,2023_10169,0,-666666666,-666666666,0,-666666666,0,-666666666,0,,,,,,,,0,0.0,0.0,0.0,0.0,0,,,,
10170,2023,2023_10170,0,-666666666,-666666666,0,-666666666,0,-666666666,0,,,,,,,,0,0.0,0.0,0.0,0.0,0,,,,
10171,2023,2023_10171,0,-666666666,-666666666,0,-666666666,0,-666666666,0,,,,,,,,0,0.0,0.0,0.0,0.0,0,,,,
10172,2023,2023_10172,0,-666666666,-666666666,0,-666666666,0,-666666666,0,,,,,,,,0,0.0,0.0,0.0,0.0,0,,,,
10173,2023,2023_10173,0,-666666666,-666666666,0,-666666666,0,-666666666,0,,,,,,,,0,0.0,0.0,0.0,0.0,0,,,,
10174,2023,2023_10174,0,-666666666,-666666666,0,-666666666,0,-666666666,0,,,,,,,,0,0.0,0.0,0.0,0.0,0,,,,
10177,2023,2023_10177,0,-666666666,-666666666,0,-666666666,0,-666666666,0,,,,,,,,0,0.0,0.0,0.0,0.0,0,,,,
10199,2023,2023_10199,0,-666666666,-666666666,0,-666666666,0,-666666666,0,,,,,,,,0,0.0,0.0,0.0,0.0,0,,,,
10271,2023,2023_10271,0,-666666666,-666666666,0,-666666666,0,-666666666,0,,,,,,,,0,0.0,0.0,0.0,0.0,0,,,,
10278,2023,2023_10278,0,-666666666,-666666666,0,-666666666,0,-666666666,0,,,,,,,,0,0.0,0.0,0.0,0.0,0,,,,
10279,2023,2023_10279,62,250001,1210208,62,3501,0,-666666666,129,0.0,0.0,0.0,0.0,16.27906976744186,61.240310077519375,22.48062015503876,181,0.0,0.0,49.723756906077355,21.54696132596685,62,0.0,54.83870967741935,0.0,45.16129032258064
10280,2023,2023_10280,4222,206250,343601,2854,3501,1368,893800,7065,0.4246284501061571,0.0,4.699221514508139,4.203821656050955,1.075725406935598,42.87331917905166,46.72328379334749,8668,9.298569450853716,14.813105676049837,48.027226580526076,23.973234886940467,4222,37.13879677877783,36.167693036475605,17.24301279014685,9.450497394599717
10282,2023,2023_10282,2584,250001,468406,2290,3501,280,2000001,4258,0.3522780648191639,0.3992484734617191,6.599342414279004,4.3212775951150775,6.317519962423673,32.24518553311414,49.76514795678722,5960,21.392617449664428,6.308724832214764,47.197986577181204,16.20805369127517,2584,30.572755417956653,36.72600619195047,21.86532507739938,10.8359133126935
10301,2023,2023_10301,14430,84937,116032,7650,1697,6435,657000,27600,5.771739130434782,6.572463768115942,24.768115942028984,17.641304347826086,7.0144927536231885,18.894927536231883,19.33695652173913,39799,17.045654413427474,14.334531018367295,33.626473026960475,26.513228975602402,14430,30.810810810810814,26.74982674982675,17.761607761607763,24.677754677754677
10302,2023,2023_10302,6159,76089,96783,2615,1800,3493,586300,12959,8.742958561617408,6.096149394243383,34.96411760166679,12.554981094220231,8.73524191681457,17.61710008488309,11.289451346554518,19693,20.682476006702892,14.360432641039964,34.68237444777332,22.510536738942772,6159,23.9162201656113,23.559019321318395,13.476213671050497,39.04854684201981
10303,2023,2023_10303,8742,79429,100468,3186,1520,5448,457600,17467,6.830022327818172,9.721188526936508,30.4288086105227,14.427205587679628,8.988378084387701,19.70000572508158,9.904391137573713,25993,22.517600892547993,13.934520832531836,31.250721348055244,26.391720847920595,8742,23.118279569892472,27.934111187371315,18.256691832532603,30.690917410203618
10304,2023,2023_10304,15900,71506,107989,7904,1516,7856,659900,31617,7.473827371350855,8.846506626182117,31.245848752253536,15.311383116677735,5.7152797545624185,19.39462947148686,12.012524907486478,45843,19.46862116353642,12.824204349628078,34.247322382915605,26.837248871147178,15900,26.69811320754717,28.729559748427675,16.050314465408803,28.52201257861635
10305,2023,2023_10305,15637,86294,113878,5024,1656,10158,627200,31274,8.246466713563983,6.491014900556373,29.53571656967449,14.929334271279656,8.91475346933555,19.85355247170173,12.029161603888214,41714,16.910389797190394,11.068226494702019,32.09713765162775,34.38893417078199,15637,27.594807188079557,28.419773613864553,16.19236426424506,27.793054933810836
10306,2023,2023_10306,19846,97746,125636,5529,1743,14143,675400,40780,6.022560078469838,5.882785679254536,32.09171162334478,16.23589995095635,6.189308484551251,20.52721922511035,13.050514958312895,57249,18.120840538699365,10.665688483641635,33.106255131093995,30.3044594665409,19846,22.266451677919985,27.9653330645974,18.094326312607077,31.67388894487554
10307,2023,2023_10307,5135,138807,160824,734,1618,4285,799100,10140,3.806706114398422,6.0256410256410255,22.87968441814596,16.824457593688365,10.986193293885602,21.50887573964497,17.96844181459566,14821,18.095944942986304,10.67404358680251,35.10559341474934,28.425882194183927,5135,20.662122687439144,26.543330087633887,19.337877312560856,33.45666991236612
10308,2023,2023_10308,10323,122654,138577,1662,1729,8231,648800,21765,2.3845623707787733,3.24833448196646,29.276361130255,16.27842866988284,8.458534344130484,23.344819664599125,17.00895933838732,29996,18.362448326443527,13.21509534604614,34.21789571942925,29.287238298439792,10323,16.652136006974715,28.170105589460427,20.93383706286932,34.24392134069553
10309,2023,2023_10309,12108,123638,154589,2334,1907,9535,745500,24801,2.330551187452119,5.193338978267005,26.81343494213943,17.753316398532316,7.983549050441514,23.124067577920247,16.80174186524737,34918,18.371613494472765,10.41869522882181,33.7762758462684,30.51721175325048,12108,19.441691443673605,28.57614800132144,17.905517013544763,34.07664354146019
10310,2023,2023_10310,8982,106118,122637,3736,1638,5078,623300,17295,4.827984966753397,7.244868459092222,32.18271176640648,17.44434807747904,7.453021104365423,17.126337091644984,13.720728534258456,25824,19.830390334572492,11.930762081784387,32.252942998760844,26.463754646840144,8982,24.070362948118458,24.315297261189045,18.425740369628148,33.18859942106435
10311,2023,2023_10311,0,-666666666,-666666666,0,-666666666,0,-666666666,0,,,,,,,,0,0.0,0.0,0.0,0.0,0,,,,
10312,2023,2023_10312,21366,111434,135032,3578,1911,17426,698900,43322,3.619408152901528,4.450394718618716,28.198144130003232,15.765661788467751,7.03106966437376,24.72185033008633,16.213471215548683,63345,19.25803141526561,12.30247059752151,31.871497355750257,29.430894308943092,21366,19.942899934475335,28.133483103997005,16.835158663296827,35.08845829823083
10314,2023,2023_10314,31419,104655,131486,7421,1726,23446,665500,66392,5.5744668032293045,5.0879624051090495,29.461380889263765,15.94469213158212,6.648391372454513,23.64140257862393,13.641703819737316,93539,17.67070419824886,12.88981066720833,31.54940719913619,29.776884508066154,31419,21.076418727521563,28.043540532798627,18.001846016741464,32.878194722938346
10451,2023,2023_10451,21414,37111,59107,18314,1269,2919,263500,33363,12.346012049276144,13.505979678086502,24.96178401222912,19.02706591133891,8.89308515421275,14.456134040703777,6.809939154152804,48975,18.05410923940786,14.362429811128127,36.586013272077594,21.14139867279224,21414,42.859811338376765,24.479312599234145,15.284393387503503,17.376482674885587
10452,2023,2023_10452,28397,37854,54449,26851,1367,951,263000,48761,14.41315805664363,14.13629745083161,29.515391398863844,18.494288468243063,9.134349172494412,10.098234244580713,4.208281208342733,76745,23.796990031923904,13.26731383151997,34.084305166460354,20.641084109713987,28397,32.86966933126739,23.058773814135296,19.738000493009825,24.33355636158749
10453,2023,2023_10453,28462,35482,53758,26281,1393,1404,580100,50649,16.70319256056388,14.357637860569806,30.377697486623624,16.713064423779343,7.305178779442832,10.882742008726726,3.660486880293787,78270,22.07359141433499,13.914654401430944,34.085856650057494,23.158298198543505,28462,32.95270887499122,21.797484365118404,20.325346075469046,24.924460684421334
10454,2023,2023_10454,14910,27500,55836,13924,1064,948,780800,25673,17.796907256650957,19.96260662953297,25.676781054025632,15.487087601760605,7.12811124527714,9.730066606941143,4.218439605811553,40368,22.436087990487515,14.422314704716609,33.769322235434004,22.265160523186687,14910,33.561368209255534,24.782025486250838,15.144198524480215,26.512407780013415
10455,2023,2023_10455,16366,36701,53392,14458,1130,1692,348700,27010,14.620510921880786,16.1421695668271,29.70381340244354,15.372084413180303,8.059977786005183,11.951129211403185,4.150314698259903,42940,25.640428504890544,13.432696786213322,33.360503027480206,21.29482999534234,16366,33.69180007332274,22.87058535989246,20.120982524746424,23.31663204203837
10456,2023,2023_10456,32601,35676,48755,29900,1194,2144,428800,54317,14.498223392308118,17.519376990629084,29.42541009260453,16.28035421691183,8.262606550435407,10.083399304085278,3.930629453025756,86958,22.043975252420708,14.394305296809954,31.698061132960742,22.79951240828906,32601,36.29643262476611,22.6281402410969,17.726450108892365,23.348977025244626
10457,2023,2023_10457,26715,44911,58366,24433,1400,1667,336900,49107,14.839024986254506,14.747388356038854,30.74714399169161,16.9853585028611,7.774858981407946,9.813264911316104,5.092960270429877,79375,22.839685039370078,16.860472440944882,32.481259842519684,19.571653543307086,26715,28.429721130451057,23.27157027886955,20.16470147857009,28.1340071121093
10458,2023,2023_10458,28856,42107,57371,26906,1548,1134,515700,47734,18.96132735576319,13.29031717434114,26.396279381572885,18.8251560732392,6.404240164243516,11.117861482381532,5.004818368458541,78741,23.202651731626474,17.976657649763148,32.448152804764995,18.714519754638626,28856,33.857776545605766,26.757000277238703,14.877321874133628,24.5079013030219
10459,2023,2023_10459,17919,39276,58743,15506,1285,2119,589500,30929,17.46580878786899,14.10003556532704,27.026415338355587,18.028387597400496,9.54444049274144,9.68023537780077,4.154676840505674,49753,23.01971740397564,13.981066468353667,30.144915884469278,24.24979398227243,17919,33.05429990512864,20.56476365868631,19.180757854791004,27.200178581394052
10460,2023,2023_10460,22734,36067,56863,19986,1332,2431,589300,39377,14.731950123168346,14.632907534855372,29.94133631307616,17.088655814307845,8.451634202707165,11.882571044010463,3.270944967874648,61101,22.22385885664719,14.17980065792704,33.75231174612527,22.012733015826253,22734,32.75710389724642,23.823348288906484,18.650479458080408,24.769068355766695
10461,2023,2023_10461,19078,65023,90619,12688,1741,5990,640400,36094,9.608245137696017,8.35595943924198,29.20707042721782,15.337729262481298,10.10971352579376,16.648196376128997,10.733085831440128,50900,17.994106090373283,13.487229862475441,34.96856581532417,25.499017681728876,19078,30.15515253171192,26.15053988887724,19.488415976517455,24.205891602893384
10462,2023,2023_10462,29538,63460,80576,22428,1711,6755,372100,51042,9.074879510990948,7.877826103992789,29.89302927001293,16.429606990321695,9.06116531483876,17.783394067630578,9.880098742212295,75452,18.47399671314213,14.49000689179876,34.659121030588985,23.768753644701267,29538,33.29270769855779,23.898029656713383,17.750016927347822,25.059245717381
10463,2023,2023_10463,29575,72952,101956,18716,1611,10342,352200,49501,6.951374719702633,7.56550372719743,19.00365649178805,15.41989050726248,7.143290034544757,22.195511201793902,21.720773317710755,69373,17.655283755928096,11.096536116356507,32.17245902584579,29.88050105949,29575,39.570583262890956,28.158918005071854,17.10566356720203,15.164835164835164
10464,2023,2023_10464,2081,100306,132151,623,1993,1434,667600,3581,1.8989109187377828,3.769896676905892,21.083496230103325,13.013124825467743,14.40938285395141,18.207204691426977,27.61798380340687,4273,14.416101099929792,7.746314065059678,28.247133161713084,45.6353849754271,2081,34.59875060067275,34.69485824123018,22.87361845266699,7.832772705430082
10465,2023,2023_10465,16221,90255,110108,6887,1774,9109,602000,31462,6.92263683173352,7.459792765876296,27.47759201576505,20.599453308753414,8.111372449303921,17.95499332528129,11.474159303286504,46457,19.960393482144777,13.987127881697054,31.185827754697897,26.29958886712444,16221,26.188274459034584,26.527341101041856,19.739843412859873,27.544541027063683
10466,2023,2023_10466,25262,66328,90341,14534,1528,10255,605300,49752,6.898215147129763,12.45377070268532,31.679128477247147,15.715951117543014,7.362518089725036,16.328991799324648,9.56142466634507,74061,20.836877708915623,13.027099283023453,32.13567194609848,26.19732382765558,25262,25.00197925738263,25.05739846409627,17.04932309397514,32.89129918454596
10467,2023,2023_10467,38210,47806,66931,32346,1505,5195,425500,65056,12.432365961633057,12.149532710280374,29.67136005902607,15.72030250860797,8.049987702902115,13.565236104279393,8.411214953271028,96304,19.327338428310348,14.657750456886525,33.107659079581325,24.647989699285596,38210,37.066213033237375,26.466893483381316,15.174038209892698,21.292855273488616
10468,2023,2023_10468,28608,46624,61402,25573,1594,2442,259400,52437,14.924576158056336,13.488567233060625,30.604344260731924,17.699334439422547,7.668249518469783,10.162671396151572,5.452256994107215,79825,20.028813028499844,15.045411838396493,33.75634199812089,21.973066082054494,28608,30.400587248322147,25.269155480984338,16.69812639821029,27.632130872483224
10469,2023,2023_10469,23582,76018,98334,11166,1653,11942,640400,47945,7.433517572218166,9.604755448951924,27.49608926895401,17.484617791219108,8.868495150693503,17.893419543226614,11.219105224736678,69855,19.025123470045095,13.031279078090328,30.560446639467465,28.261398611409348,23582,26.33364430497837,22.877618522601985,20.405393944533966,30.383343227885675
10470,2023,2023_10470,6625,81134,105951,3591,1656,2851,500400,12190,5.110746513535685,8.400328137817883,27.834290401968826,12.748154224774405,5.127153404429861,27.97374897456932,12.80557834290402,15558,9.429232549170845,14.436302866692376,33.03766550970562,32.079958863607146,6625,39.09433962264151,26.581132075471697,15.864150943396227,18.460377358490565
10471,2023,2023_10471,9205,108738,147500,3765,1729,5292,406500,16740,2.956989247311828,3.5304659498207887,16.17084826762246,12.8494623655914,6.003584229390681,27.07885304659498,31.409796893667863,23400,18.568376068376068,9.918803418803419,26.64529914529914,34.19230769230769,9205,40.74959261271049,30.13579576317219,14.133623030961434,14.980988593155894
10472,2023,2023_10472,21950,43125,60361,18034,1445,3445,632500,40000,17.585,13.1725,33.28,15.035000000000002,7.305000000000001,10.155,3.4675,63820,22.094954559699154,15.849263553744908,31.153243497336256,21.551237856471328,21950,26.514806378132118,24.82004555808656,19.366742596810933,29.29840546697039
10473,2023,2023_10473,22734,50609,71363,15967,1131,6442,586800,40712,12.038219689526429,13.187757909215955,24.55541363725683,18.45647474945962,7.936235016702692,14.926802908233444,8.899096089605031,59778,18.028371641741106,15.452173040248919,28.965505704439764,29.59115393623072,22734,32.246854930940444,24.439166006861967,20.172428961027535,23.141550101170054
10474,2023,2023_10474,3917,41279,58859,3504,1406,330,-666666666,6842,15.30254311604794,11.341712949429992,33.48436129786612,19.190295235311314,5.685472084185911,9.44168371821105,5.553931598947677,11188,22.801215588130137,15.641759027529496,36.43189131212013,18.03718269574544,3917,28.644370691856015,30.788869032422774,15.573142711258617,24.9936175644626
10475,2023,2023_10475,18692,62383,73880,10054,1221,8388,31900,30825,4.574209245742092,9.200324412003244,29.34306569343066,20.369829683698292,8.921330089213301,16.989456609894564,10.601784266017845,42771,13.069603235837366,14.269014051577003,27.483575319725983,35.31598513011153,18692,36.56644553819816,32.46308581211213,17.60111277551894,13.369355874170768
11001,2023,2023_11001,8508,144755,181986,1091,2196,7283,714600,18123,5.081940076146333,4.143905534403796,18.341334216189374,11.824753076201512,7.195276720189813,32.15251338078684,21.260276996082325,25714,19.02076689740997,12.85680952010578,30.90923232480361,30.150890565450723,8508,17.042783262811472,29.078514339445228,17.031029619181947,36.84767277856135
11003,2023,2023_11003,12068,123000,146612,1940,2315,9710,576500,31823,7.560569399490934,5.47717059988059,25.934072840398454,20.133236966973573,7.947082298966157,21.20164660779939,11.746221286490902,44716,16.477323553090617,14.303604973611234,34.24054029877449,26.697379014223095,12068,13.821677162744447,16.862777593636064,21.07225720914816,48.24328803447133
11004,2023,2023_11004,5093,109865,124377,1429,1967,3539,661900,11393,8.56666374089353,6.714649346089704,21.41665935223383,13.148424471166503,6.144123584657246,24.111296410076363,19.898183094882825,14296,12.241186345831002,9.072467823167319,29.75657526580862,39.059876888640176,5093,26.506970351462794,30.375024543491065,17.317887296289026,25.80011780875712
11005,2023,2023_11005,1535,91719,312858,59,2179,1476,620200,2168,1.9833948339483396,0.0,9.59409594095941,14.852398523985238,2.214022140221402,29.70479704797048,41.65129151291513,2195,0.683371298405467,0.5466970387243736,4.4646924829157175,49.88610478359909,1535,61.954397394136805,37.19869706840391,0.8469055374592834,0.0
11040,2023,2023_11040,13884,153511,189189,1376,2388,12326,795300,30332,3.2144270077805617,4.325464855598049,18.03046287748912,12.142291968877752,6.191480944217329,32.30581564024793,23.790056705789265,42344,17.981296051388625,12.011146797657283,29.539013791800492,33.97883997732855,13884,13.951310861423222,30.077787381158167,19.857389801210026,36.11351195620858
11101,2023,2023_11101,19049,116807,159301,15701,2740,3043,995500,30609,5.864288281224477,3.645986474566304,14.312783821751774,7.063282041229704,3.665588552386553,34.385311509686694,31.062759319154495,39007,9.339349347553004,21.352577742456482,46.791601507421746,15.061399236034557,19049,42.915638616200326,36.45860675101055,10.766969394718883,9.85878523807024
11102,2023,2023_11102,13176,102996,130950,11065,2248,1923,779800,22497,7.405431835355825,2.6803573809841312,15.019780415166467,9.89465262034938,6.832022047384095,35.87144952660355,22.296306174156555,28349,9.672298846520158,15.750114642491798,47.43377191435324,19.612684750784858,13176,38.828172434729815,34.350333940497876,13.13752276867031,13.683970856102004
11103,2023,2023_11103,16211,92787,136638,13390,2120,2676,1003500,28416,7.65061936936937,2.9068130630630638,19.62978603603604,10.951576576576578,6.492820945945946,33.78026463963964,18.58811936936937,35357,10.368526741522189,17.846536753683854,44.88220154424866,21.11604491331278,16211,34.97008204305718,37.980383690086974,14.669051878354203,12.380482388501635
11104,2023,2023_11104,12234,84716,106656,9537,1924,2627,665700,20901,4.841873594564854,2.2104205540404767,21.02291756375293,12.626190134443329,8.009186163341466,29.855030859767474,21.43438113008947,26825,12.756756756756758,11.876980428704567,45.0587138863001,23.761416589002792,12234,38.662743174758866,30.161844041196666,14.999182605852543,16.176230178191926
11105,2023,2023_11105,16068,100306,129329,11981,2211,3855,1089000,29964,4.9158990788946735,3.8346015218261913,17.63115738886664,12.124549459351222,6.908289947937525,33.79722333466827,20.788279268455483,38507,11.377152206092399,17.59939751214065,41.127587191939135,22.627054821201344,16068,28.242469504605427,35.91610654717451,18.869803335822755,16.971620612397313
11106,2023,2023_11106,18970,85573,114092,15323,2032,3264,639200,31294,6.43573848021985,4.591934556144948,19.14104940244136,12.682942417076756,4.812424106857545,32.9999360899853,19.33597494727424,40657,12.37179329512753,16.629362717367243,42.15510244238384,22.812799763878296,18970,39.103848181338954,36.072746441750134,10.84343700579863,13.979968371112284
11109,2023,2023_11109,3638,198773,242553,2846,3501,729,526000,5859,0.273084144051886,0.0,4.505888376856118,6.502816180235535,1.5190305512886155,40.99675712578939,46.20242362177846,7388,6.60530590146183,11.302111532214402,57.769355711965346,10.489983757444506,3638,28.999450247388676,38.565145684442,22.429906542056074,10.005497526113249
11201,2023,2023_11201,33141,169285,243020,21018,3207,11776,1131700,52350,2.3686723973256925,1.883476599808978,7.574021012416428,5.952244508118434,2.9856733524355303,38.30372492836676,40.93218720152817,69251,11.750010830168518,17.51888059378204,43.50406492325021,18.860377467473395,33141,41.08204339036239,37.563742795932534,11.59892580187683,9.755288011828249
11203,2023,2023_11203,30149,68028,88652,17505,1566,11890,677700,57766,5.380327528303846,6.287435515701277,35.53993698715507,18.49877090329952,8.349201952705744,16.810926842779487,9.133400270055049,76853,14.94801764407375,11.19279663773698,32.91218299871183,32.74563127008705,30149,32.08066602540715,28.37241699558858,20.508142890311454,19.038774088692826
11204,2023,2023_11204,25306,67588,88033,15650,1751,8943,1097200,49704,16.08321261870272,9.828182842427168,27.975615644616127,10.03540962497988,5.589087397392564,19.833413809753743,10.655078062127798,81368,24.610411955559925,10.525022121718612,29.944204109723724,23.508012978074916,25306,16.80629099818225,28.171184699280804,14.166600806132934,40.85592349640402
11205,2023,2023_11205,17272,86753,142490,12171,2307,5007,892800,29902,6.1333690054176975,8.367333288743229,16.202929569928433,12.490803290749785,4.314092702829242,31.957728580028093,20.533743562303524,50205,24.280450154367095,15.39687282143213,34.7256249377552,15.458619659396476,17272,31.907132931912923,32.97823066234368,13.721630384437239,21.39300602130616
11206,2023,2023_11206,33696,57280,88480,29593,1558,3670,822100,55844,11.772079363942412,11.399613208222908,23.66771721223408,11.981591576534631,4.89399040183368,25.15400042976864,11.131007807463648,89231,21.92735708442133,18.41624547522722,32.2399166209053,18.61236565767502,33696,30.932454890788225,33.14636752136752,15.02849002849003,20.892687559354226
11207,2023,2023_11207,35309,55419,74315,25362,1443,9492,657400,64067,9.074874740506033,10.212746031498275,36.208968735854654,16.134671515756942,8.918788143662104,13.404716936956625,6.045233895765371,93445,18.216062924715075,16.588367488897212,33.7599657552571,23.51329659157793,35309,33.92902659378629,25.472259197371777,18.001076212863577,22.597637995978364
11208,2023,2023_11208,34486,59988,80641,25152,1563,8921,638200,69088,9.38947429365447,8.937876331635017,48.64520611394164,11.55627605372858,5.708661417322835,10.98309402501158,4.779411764705882,106901,22.041889224609687,13.197257275423055,31.995958877840245,24.048418630321514,34486,22.44968972916546,20.480774807168125,21.307197123470395,35.762338340196024
11209,2023,2023_11209,30376,92656,125801,18785,1857,10879,905700,52678,6.2929496184365386,3.7681764683549113,17.791108242530086,13.204753407494591,6.095523748054217,29.79422149663996,23.05326701848969,70756,16.318050766012778,10.828763638419357,35.400531403697215,29.682288427836507,30376,36.762575717671844,29.701079799841978,13.464577297866736,20.071767184619436
11210,2023,2023_11210,21440,83261,116476,12018,1734,9075,817600,41573,5.222139369302192,6.270896976402954,22.471315517282854,17.730257619127798,9.01546676929738,23.06545113414957,16.224472614437254,60398,19.348322792145435,12.897778072121593,31.991125533958076,27.9678135037584,21440,28.367537313432834,26.61380597014925,17.532649253731343,27.48600746268657
11211,2023,2023_11211,27497,105183,155194,22594,2357,4520,1118600,46081,7.879603307219895,6.451682906186932,16.787830125214295,9.711160782101084,4.320652763611901,37.20188363967796,17.647186475987933,65691,13.498043872067711,23.75820127566942,38.72524394513708,14.125222633237431,27497,32.33807324435393,36.56398879877805,15.910826635632977,15.187111321235044
11212,2023,2023_11212,32588,40060,58158,27654,1231,4512,549400,58490,6.978970764233202,15.16840485553086,36.92597025132501,17.63378355274406,6.891776372029407,12.338861343819456,4.062232860318003,87946,20.20671775862461,14.263297932822415,30.2469697314261,26.917654014963727,32588,34.831839941082606,23.889161654596784,18.951761384558733,22.327237019761874
11213,2023,2023_11213,27060,62040,91348,22361,1607,4189,1184400,46710,6.559623207022051,9.37058445728966,23.573110682937276,18.507814172554056,7.976878612716763,20.291158210233355,13.720830657246845,69630,18.276604911676003,15.952893867585813,34.044233807266984,23.34913112164297,27060,34.320029563932,27.74944567627494,17.006651884700666,20.923872875092385
11214,2023,2023_11214,31006,64286,95206,19850,1710,10520,1007400,63263,16.43614751118347,7.481466259899151,25.64374120734078,9.944201191849896,8.066326288667943,20.582330904320063,11.845786636738694,88994,18.45180573971279,10.9310740049891,32.84153987909298,29.43456862260377,31006,24.77262465329291,25.933690253499325,18.5673740566342,30.726311036573566
11215,2023,2023_11215,29747,180773,246090,17198,2803,12162,1674700,52975,2.516281264747523,1.7763095799905615,6.350165172251061,5.512033978291647,3.6130250117980176,37.381783860311465,42.850401132609726,70922,15.058796988240601,10.259157948168411,46.07456078508784,20.48024590395082,29747,26.352237200389954,36.66252059031162,18.996873634316067,17.988368574982353
11216,2023,2023_11216,26664,95000,130791,20194,2180,6207,1398400,47850,3.592476489028213,5.350052246603971,18.24869383490073,11.471264367816092,5.496342737722048,35.11180773249738,20.72936259143156,59913,10.88912256104685,19.863802513644785,44.192412331213596,19.333032897701663,26664,37.113711371137114,35.54980498049805,13.445094509450945,13.891389138913892
11217,2023,2023_11217,19543,158314,235997,13695,2800,5640,1614200,33086,3.472767938100707,3.554373451006468,7.770658284470773,8.018497249591974,4.204195127848637,38.93791936166354,34.041588587317904,42569,11.158354671239634,15.154220207193028,46.19089008433367,18.34668420681717,19543,38.397380136110115,36.386429923757866,12.285728905490458,12.93046103464156
11218,2023,2023_11218,26053,95916,150487,15732,1966,9880,914300,48420,7.275919041718298,6.484923585295332,19.016935150764148,10.059892606361007,6.204047914085089,26.160677406030565,24.79760429574556,71313,21.56409069875058,11.274241723107988,35.89107175409813,23.827352656598375,26053,27.8470809503704,28.580201896134806,14.370705868805898,29.202011284688904
11219,2023,2023_11219,24476,55685,84493,17540,1678,6363,1086000,48268,17.069279854147677,12.631557139305544,34.834673075329405,10.425126377724371,3.567581006049557,14.86906439048645,6.60271815695699,94737,29.59139512545257,12.933700666054445,25.27418009858873,17.244582370140492,24476,15.848177806831181,22.88364111782971,15.075992809282562,46.19218826605655
11220,2023,2023_11220,28336,64201,88838,19929,1688,7824,1021200,61457,22.433571440193955,15.210635078184747,24.68717965406707,7.69318385212425,4.534878044811819,15.830580731242982,9.609971199375172,90792,21.784959027227067,11.582518283549211,36.881002731518194,23.189267776896642,28336,20.472190852625634,22.46964991530209,16.816064370412196,40.24209486166008
11221,2023,2023_11221,36032,85122,112905,27569,2055,7804,1061400,65891,7.89637431515685,7.711220045226207,22.92422333854396,12.974457816697274,6.481917105522757,27.721540119287912,14.29026725956504,90750,13.776308539944903,22.970798898071628,38.90578512396694,18.50137741046832,36032,28.441385435168737,33.80328596802842,17.395648312611012,20.359680284191832
11222,2023,2023_11222,20277,123963,159569,16351,2595,3586,1245600,33461,3.2007411613520222,2.9138399928274707,12.913541137443593,11.072591972744387,4.530647619616868,40.56961836167479,24.799019754340875,41418,7.9554782944613445,17.881114491283984,51.482447245159115,15.848181949876864,20277,35.996449178872616,40.00098633920205,14.292055037727474,9.710509444197859
11223,2023,2023_11223,26433,63950,96022,16429,1653,9453,1063200,50811,12.47958119304875,9.87778236995926,27.155537186829623,10.65320501466218,6.256519257641062,20.81439058471591,12.762984393143215,78566,21.286561616984446,11.049308861339512,30.989231983300666,25.512308123106685,26433,24.454280634055912,27.12896757840578,17.099837324556425,31.316914462981877
11224,2023,2023_11224,19991,41449,68938,14006,905,5654,512900,34534,8.47860079921237,9.066427289048477,30.59883013841432,9.329935715526728,9.03747031910581,17.817223605721896,15.671512132970406,48469,18.797581959603043,10.348882791062328,24.213414759949657,37.46105758319751,19991,36.28632884798159,29.603321494672603,17.217747986593967,16.892601670751837
11225,2023,2023_11225,24747,85201,111100,19919,1733,4544,1218300,42884,5.713086465814756,5.74573267419084,18.750582968006714,14.639492584646954,7.01193918477754,30.14877343531387,17.990392687249322,56544,13.693760611205434,15.702815506508205,38.4673882286361,25.475735710243356,24747,36.37612639915949,30.617852669010386,17.642542530407727,15.363478401422395
11226,2023,2023_11226,39305,81084,108093,33462,1751,5303,866300,73768,6.314391063875934,7.718794057043704,28.02027979611756,15.677529552109316,6.069027220475003,22.509760329682248,13.690217980696238,100022,14.727759892823578,16.78430745236048,38.0636260022795,23.78276779108596,39305,31.067294237374384,29.604376033583513,18.699910952804988,20.62841877623712
11228,2023,2023_11228,15105,80737,116610,6457,1828,8259,1131700,31445,13.607886786452536,6.347591031960566,27.77548099856893,9.686754650977898,5.495309270154237,23.793925902369217,13.293051359516618,42325,15.128174837566448,11.418783225044299,33.448316597755465,32.15593620791494,15105,22.489241972856668,25.700099304865937,22.164846077457796,29.645812644819596
11229,2023,2023_11229,30924,72556,106957,15863,1666,14541,812200,57192,6.726465239893692,5.067142257658413,24.603091341446355,13.566582738844591,8.747726954818855,24.47195411945727,16.817037347880824,79802,17.775243728227366,9.692739530337587,30.711009749129097,32.74479336357484,30924,29.26206182900013,28.63471737162075,18.35144224550511,23.751778553874015
11230,2023,2023_11230,31802,69522,98968,21468,1734,9452,863400,58329,9.077817209278404,8.431483481630064,19.885477206878225,11.856880796859196,7.037665655162955,23.921205575271305,19.78947007491985,88252,20.431265013824046,11.46942845487921,30.726782395866383,26.34161265467072,31802,30.796805232375323,26.35683290359097,15.404691528834666,27.441670335199042
11231,2023,2023_11231,16810,138485,219505,11320,2474,5203,1678900,28376,5.236819847758669,4.457992669861855,11.294756131942489,6.533690442627573,3.404285311530871,36.46038906117846,32.612066535100084,39704,17.806770098730606,9.34666532339311,43.45657868224864,21.345456377191216,16810,29.714455681142177,35.318262938726946,15.348007138607972,19.619274241522902
11232,2023,2023_11232,9336,87517,120897,6856,1972,2258,782500,19667,17.989525601260993,12.52351655056694,18.16748868663243,9.37102760970153,5.750749987288351,19.48441551838104,16.71327604616871,26681,15.80525467561186,13.631423110078334,44.89336981372512,19.714403508114387,9336,26.724507283633248,32.52999143101971,12.189374464438732,28.55612682090831
11233,2023,2023_11233,32784,62034,86547,24822,1613,7573,1013000,57837,4.792779708491104,9.321022874630428,31.22049898853675,15.004236042671645,7.158047616577623,19.6517800024206,12.851634766671854,82711,15.579548064949039,18.26963765400007,35.07151406705275,23.111798914291928,32784,32.78123474865788,28.419350902879454,18.585285505124453,20.214128843338212
11234,2023,2023_11234,32178,94434,126358,9792,1771,21652,746800,62972,5.648542209235851,5.745410658705456,26.42761862415042,14.63983992885727,8.757860636473353,21.89226958013085,16.8884583624468,87778,17.760714529836633,11.040351796577731,31.25384492697487,32.50472783613206,32178,23.55646715146995,31.01497917832059,17.66735036360246,27.761203306606998
11235,2023,2023_11235,35333,61689,96127,21628,1649,13081,723900,63022,5.690076481228777,4.409571260829551,19.72168449113008,11.7276506616737,8.828663006569135,28.880390974580305,20.741963123988448,81958,13.544742429049025,10.233290221820933,30.71451231118378,36.526025525269034,35333,33.28616307701016,34.981462089264994,14.626553080689442,17.105821753035404
11236,2023,2023_11236,33318,82813,105299,15930,1637,16816,710300,67475,6.854390515005558,5.21230085216747,30.78177102630604,18.95813264171916,9.708781030011115,18.99221934049648,9.492404594294184,95174,17.268371614096285,13.366045348519553,31.016874356441885,30.466303822472522,33318,24.407227324569302,29.848730415991355,19.184825019508974,26.559217239930366
11237,2023,2023_11237,17723,82570,99019,15500,2109,2001,1063700,33975,11.891096394407654,11.793966151582046,19.299484915378954,10.62251655629139,5.033112582781457,30.02501839587932,11.334805003679175,45233,11.916078968894391,24.83363915725245,41.2132734950147,17.436384940198526,17723,27.737967612706655,36.45545336568301,19.099475258139144,16.707103763471196
11238,2023,2023_11238,27371,132957,180373,19258,2511,7691,1146000,46155,2.433105839020691,4.552052865345034,9.507095655941937,8.447622142779764,3.8912360524320224,37.5625609359766,33.606326508503955,58462,10.422154561937667,14.93277684649858,46.81673565735007,19.27747938832062,27371,37.71875342515801,35.18687662124146,15.063388257644952,12.030981695955575
11239,2023,2023_11239,8320,35675,59115,7635,1016,625,580400,12088,6.1052283256121775,6.4940436796823295,39.62607544672402,14.444076770350762,11.259099933818662,13.69953673064196,8.371939113170086,16047,18.209011030099084,7.814544774724247,28.210880538418397,36.74207016887892,8320,48.17307692307693,25.156250000000004,17.319711538461537,9.350961538461538
11354,2023,2023_11354,21275,62833,89334,11693,1766,8641,521000,42188,13.283398122688917,7.509244334881957,27.507822129515503,9.609367592680384,9.166113586801934,20.69782876647388,12.226225466957429,52325,10.690874343048256,10.37553750597229,33.87290969899666,37.2537028189202,21275,31.591069330199765,30.32667450058754,21.292596944770857,16.789659224441834
11355,2023,2023_11355,30651,53700,76760,19819,1664,9185,711500,63003,17.608685300699968,12.851768963382696,28.26214624700411,9.961430408075806,7.729790644889927,14.942145612113707,8.644032823833786,79802,12.713967068494524,8.668955665271547,36.89381218515826,34.03548783238515,30651,28.560242732700402,27.950148445401457,18.723695801115785,24.765913020782357
11356,2023,2023_11356,8372,91445,105289,4118,2160,4122,893100,18608,16.15434221840069,6.3037403267411865,29.79901117798796,14.10146173688736,8.625322441960446,16.718615649183146,8.29750644883921,26956,18.897462531532867,11.566998070930405,32.7904733640006,29.22540436266508,8372,16.44768275203058,24.593884376493072,20.508838987099857,38.44959388437649
11357,2023,2023_11357,15755,97754,133319,3475,2228,12027,920200,31776,10.400931520644512,3.8519637462235647,24.087361530715004,16.534491440080565,7.241314199395771,21.44700402819738,16.436933534743204,42341,16.237216881982004,8.981837934862192,28.55152216527715,37.719940483219574,15755,27.337353221199617,28.968581402729292,18.952713424309742,24.741351951761345
11358,2023,2023_11358,13209,88729,115361,4853,2086,7966,967200,27630,9.037278320665942,6.507419471588853,25.124864277958743,11.921824104234528,10.07600434310532,22.13536011581614,15.197249366630476,36496,15.609929855326612,9.475010960105216,34.587352038579574,33.40092064883823,13209,22.97675827087592,29.73730032553562,21.250662427133015,26.035278976455444
11359,2023,2023_11359,0,-666666666,-666666666,0,-666666666,0,-666666666,0,,,,,,,,0,0.0,0.0,0.0,0.0,0,,,,
11360,2023,2023_11360,8822,100250,130675,1972,2329,6639,692600,15643,7.952438790513329,5.050182190116985,16.844595026529436,14.025442690021094,6.974365530908394,24.023524899315987,25.129450872594774,19510,11.686314710404918,7.719118400820092,28.98001025115326,41.942593541773455,8822,37.41781908864203,32.83835864883247,14.112446157333938,15.631376105191567
11361,2023,2023_11361,11229,108391,132705,4013,2315,6782,900700,22559,7.442705793696529,4.428387783146416,18.227758322620684,13.551132585664256,8.25391196418281,26.08271643246598,22.013387118223328,30402,14.028682323531346,11.9104006315374,33.03730017761989,30.159200052628123,11229,24.516875946210703,32.29138836940066,19.859292902306528,23.332442782082108
11362,2023,2023_11362,7093,118989,138099,1478,2548,5477,634500,14414,3.892049396420147,3.1774663521576243,16.102400444012765,14.492854169557376,10.129041209934789,30.96989038434855,21.236298043568752,18156,13.912756113681429,9.396342806785634,31.163251817580967,38.973342145847106,7093,26.505004934442404,31.66502185253066,19.667277597631468,22.16269561539546
11363,2023,2023_11363,2890,110833,170131,775,2235,2076,1019400,5690,4.92091388400703,3.866432337434095,9.279437609841828,18.400702987697716,8.646748681898067,24.305799648506152,30.57996485061512,7515,17.03260146373919,7.864271457085827,30.019960079840317,38.72255489021956,2890,23.94463667820069,31.972318339100347,23.18339100346021,20.899653979238757
11364,2023,2023_11364,13753,101222,123194,3678,2330,9710,770100,27005,10.149972227365303,4.106646917237549,18.86317348639141,11.20162932790224,6.991297907794852,28.794667654138124,19.892612479170523,36417,15.638300793585413,9.006782546612847,31.39742427986929,35.730565395282426,13753,25.776194284883296,29.280884170726384,19.741147386024867,25.20177415836545
11365,2023,2023_11365,16024,85375,107865,7807,1869,7701,911800,31784,10.60596526554241,5.81109992449031,21.749937075257996,14.217845456833627,8.8220488295998,23.79499119053612,14.998112257739743,43258,16.669748948171435,10.474363123584077,31.182671413380184,34.26187063664524,16024,25.0,25.798801797304044,23.09036445332002,26.110833749375935
11366,2023,2023_11366,4518,117402,138075,1303,2101,3078,950200,9657,7.735321528424977,6.948327637982811,17.003210106658383,10.655483069276173,5.69535052293673,29.03593248420835,22.92637465051258,12967,13.326135574920952,13.25672861880157,30.292280404102723,34.634071103570605,4518,22.177954847277555,32.669322709163346,17.795484727755646,27.35723771580345
11367,2023,2023_11367,14716,75804,100262,7470,1774,7050,519800,27652,9.81845797772313,5.8621437870678434,20.95327643570085,9.67741935483871,7.981339505279908,24.309272385360917,21.39809055402864,42210,19.095001184553425,14.250177683013504,29.03577351338545,25.89670694148306,14716,26.29790703995651,27.663767328078283,17.348464256591463,28.68986137537374
11368,2023,2023_11368,29859,71798,88448,22785,1925,6590,751700,72070,25.310115165811016,9.605938670736784,33.58262800055501,11.308450117940891,5.784653808797003,10.55917857638407,3.849035659775218,107060,20.4483467214646,13.836166635531477,37.02409863627872,20.610872407995515,29859,17.740044877591345,21.578083659868046,17.137211561003383,43.54465990153722
11369,2023,2023_11369,10131,80577,97663,4468,1983,5611,734900,23969,11.656723267553923,9.128457591055112,31.937085401977555,15.778714172472776,7.760023363511202,15.198798447995326,8.540197755434102,33354,17.76698446962883,13.758469748755772,33.843017329255865,28.794147628470352,10131,19.82035337084197,23.768630934754714,23.778501628664493,32.632514065738825
11370,2023,2023_11370,8764,74895,101592,4409,2071,4266,843600,21462,12.897213679992545,10.255335010716616,34.498182834777744,10.171465846612618,7.403783431180691,17.384213959556423,7.389805237163359,28762,14.654752798831794,14.467005076142133,38.9437452193867,25.00869202419859,8764,25.034230944774077,25.102692834322227,18.199452304883614,31.663623916020082
11371,2023,2023_11371,0,-666666666,-666666666,0,-666666666,0,-666666666,0,,,,,,,,0,0.0,0.0,0.0,0.0,0,,,,
11372,2023,2023_11372,25384,77133,108259,16154,1795,8773,454400,50623,11.935286332299547,7.492641684609762,25.8420085731782,12.535803883610216,7.097564348221164,20.073879461904667,15.02281571617644,66995,14.056272856183298,10.26345249645496,38.907381147846856,29.169340995596684,25384,26.556098329656475,30.1567916797983,19.33895367160416,23.948156318941066
11373,2023,2023_11373,32373,71470,90797,22899,1913,8962,683200,71522,16.3711864880736,8.752551662425548,27.632057269092027,10.21364055814994,7.4103073180280195,21.21724783982551,8.403008864405358,99433,17.881387466937536,12.651735339374252,38.352458439351125,24.85492743857673,32373,20.58814444135545,26.818645167269022,19.815895962684955,32.77731442869057
11374,2023,2023_11374,19503,86333,111155,11352,1957,7761,484500,34559,5.610694753899129,4.676061228623514,18.88654185595648,11.19534708758934,8.975954165340433,29.0401921351891,21.61520877340201,46128,15.502514741588623,11.021505376344086,33.97069025320846,31.176292056885185,19503,33.666615392503715,30.585038199251397,15.951392093524072,19.796954314720814
11375,2023,2023_11375,33217,104319,144481,15362,2126,17214,572800,58054,4.085851104144417,2.9765390843008235,13.409928687084438,12.610672821855514,6.306197678023909,32.48871740104041,28.12209322355049,75320,14.946893255443442,8.79182156133829,36.69543281996813,31.339617631439193,33217,35.716651112382216,35.27109612547792,14.883944967938104,14.128307794201763
11377,2023,2023_11377,33371,73292,105205,22998,1802,9815,670300,64044,12.552307788395478,5.949035038411092,29.629629629629623,10.217975142089813,8.589407282493285,22.039535319467863,11.022109799512837,83545,14.116942964869232,11.313663295230114,41.36932192231731,26.335507810162188,33371,35.1083275898235,27.53588445057085,13.143148242485992,24.212639717119654
11378,2023,2023_11378,13013,84762,108263,5732,1932,6966,832700,26304,9.45103406326034,7.394312652068126,32.76687956204379,16.472779805352797,7.732664233576643,17.681721411192214,8.500608272506083,37828,18.322406682880406,11.380458919319022,33.95104155651899,28.568785026964154,13013,23.330515638207945,28.909551986475062,19.38061938061938,28.37931299469761
11379,2023,2023_11379,13897,92509,116226,5485,1989,8070,886600,28267,8.539993632150564,7.167368309335975,26.507942123324018,15.190858598365589,7.538826193087346,21.321682527328687,13.733328616407825,37378,16.27160361710097,9.438707260955642,32.84284873454973,34.12970196372197,13897,23.868460818881772,33.70511621213211,18.154997481470822,24.27142548751529
11385,2023,2023_11385,37586,87365,111194,25560,1959,11389,842800,74152,9.739454094292803,6.520390549142302,28.264915309094835,13.332074657460351,7.997087064408243,23.168626604811735,10.97745172078973,103865,15.926442978866799,16.218167813989314,38.31704616569586,22.487844798536564,37586,23.20544883733305,31.274942797850265,18.59735007715639,26.9222582876603
11411,2023,2023_11411,6518,118393,130626,939,1605,5530,621500,15593,3.841467325081768,4.130058359520298,26.58885397293657,20.791380747771434,9.119476688257553,21.092798050407232,14.43596485602514,20501,13.940783376420663,10.775084142236963,32.403297400126824,35.100726793814935,6518,19.05492482356551,25.851488186560296,21.141454433875424,33.95213255599877
11412,2023,2023_11412,12095,98418,119566,3034,1630,8989,633800,29265,4.291816162651632,6.782846403553733,31.348026652998463,22.60379292670425,9.748846745258842,15.595421151546216,9.62924995728686,41350,16.802902055622734,14.03385731559855,32.38452237001209,29.035066505441357,12095,19.355105415460937,23.803224472922697,17.759404712691197,39.08226539892517
11413,2023,2023_11413,13712,114766,130053,3577,2038,9967,631700,31554,3.232553717436775,4.703048741839386,30.37332826266084,23.721239779425744,8.518729796539267,17.341699942954936,12.109399759143056,45072,18.81434149804757,13.434061057862975,34.36057862974796,26.84593539226127,13712,14.906651108518087,27.304550758459744,22.994457409568263,34.79434072345391
11414,2023,2023_11414,11523,98209,135426,2448,1991,8826,612800,22530,7.310252996005325,6.125166444740346,27.785175321793165,18.62405681313804,8.890368397691967,17.811806480248556,13.4531735463826,31090,16.5680283049212,6.558378899967836,31.231907365712445,31.817304599549693,11523,29.39338713876595,28.62969712748416,14.362579189447192,27.6143365443027
11415,2023,2023_11415,8967,88632,127361,5060,1909,3812,367900,15761,6.877736184252268,4.587272381194087,15.018082608971511,12.797411331768288,7.772349470211282,30.473954698305945,22.473193325296617,21379,15.019411572103465,13.16712661957996,36.6013377613546,26.642967397913843,8967,36.09902977584476,33.210661313705806,12.936322069811531,17.753986840637896
11416,2023,2023_11416,7501,85544,117863,3590,1964,3780,733500,18547,12.853830808216962,8.804658435326468,29.92397692349167,14.30959184773818,9.338437483150914,17.598533455545372,7.170971046530436,26660,17.861965491372843,15.971492873218304,32.22430607651913,25.982745686421605,7501,13.878149580055993,26.75643247566991,18.19757365684575,41.16784428742834
11417,2023,2023_11417,9371,86330,112125,3785,1853,5472,731900,20880,13.615900383141764,8.237547892720306,27.40900383141762,17.480842911877396,8.520114942528735,14.8227969348659,9.913793103448276,30091,18.653417965504637,14.050712837725566,31.46123425608986,28.058223389053207,9371,18.834702806530785,23.263258990502614,20.616796499839932,37.285241703126665
11418,2023,2023_11418,11608,84927,111301,5541,1788,5668,772800,25171,10.627309205037545,8.22374955305709,28.83477017202336,13.567200349608676,6.336657264312105,20.102498907472885,12.30781454848834,36304,18.334067871308946,13.161084178052004,31.919347730277654,29.11800352578228,11608,22.605099931082012,24.060992419021364,18.42694693314955,34.90696071674707
11419,2023,2023_11419,13020,91231,113667,4813,1920,8063,678800,34825,17.840631730078965,9.524766690595836,33.23761665470209,12.077530509691314,6.644651830581479,14.202440775305098,6.472361809045227,46938,14.9431164514892,14.94098598150752,32.62601729941625,32.34266479185309,13020,13.894009216589861,18.533026113671276,22.357910906298002,45.215053763440864
11420,2023,2023_11420,13975,98584,121895,3828,2032,10026,673700,36016,13.177476677032429,8.568414038205242,33.21856952465571,14.832296756996891,8.410151043980454,14.113171923589515,7.67992003553976,50060,15.948861366360369,14.60247702756692,32.718737514982024,30.731122652816616,13975,11.627906976744185,19.105545617173526,22.067978533094813,47.19856887298748
11421,2023,2023_11421,11986,89439,114848,5171,1901,6300,682800,29452,12.858209968762733,8.505364661143556,29.855357870433245,14.705283172619858,8.053782425641721,18.467336683417084,7.5546652179818015,41937,17.397524858716647,14.583780432553592,35.093115864272605,26.670958819181152,11986,14.566994827298515,23.435674954113132,17.395294510261973,44.60203570832638
11422,2023,2023_11422,10341,108519,128930,3180,2327,7062,629100,24045,4.138074443751299,6.317321688500728,25.93054689124558,19.86275733000624,10.455396132252028,21.110417966313165,12.185485547930965,33085,16.149312377210215,12.851745504004835,32.81849780867463,31.31932900105788,10341,21.83541243593463,20.529929407214002,22.841117880282372,34.793540276569
11423,2023,2023_11423,9824,80870,105423,3994,1706,5643,717300,21382,8.086240763258816,7.314563651669628,25.759985034140865,15.770274062295387,8.74567393134412,22.603124123094197,11.720138434196988,29105,15.447517608658307,13.757086411269544,31.214567943652295,32.78818072496135,9824,21.600162866449512,27.738192182410426,20.521172638436482,30.14047231270358
11424,2023,2023_11424,0,-666666666,-666666666,0,-666666666,0,-666666666,0,,,,,,,,0,0.0,0.0,0.0,0.0,0,,,,
11426,2023,2023_11426,6379,107591,128402,1847,2158,4479,676100,14639,5.2394289227406246,6.796912357401462,21.75695061138056,14.28376255208689,8.081153084227065,26.777785367853,17.064007104310402,19638,13.397494653223342,11.90039718912313,29.137386699256542,36.1747632141766,6379,20.01881172597586,26.681298009092338,20.285311177300517,33.01457908763129
11427,2023,2023_11427,8121,92129,114861,2734,1697,5281,690200,19025,8.557161629434953,6.996057818659658,24.47831800262812,14.139290407358738,10.160315374507228,21.492772667542702,14.176084099868596,25124,14.500079605158414,12.219391816589715,27.177201082630155,39.022448654672814,8121,21.647580347247874,26.499199605959856,22.571111932028074,29.282108114764192
11428,2023,2023_11428,6022,84977,112597,1528,1827,4415,666200,13950,11.46236559139785,7.505376344086022,29.369175627240143,15.878136200716847,8.086021505376344,18.22222222222222,9.476702508960573,18898,13.064874589903692,13.969732246798603,31.95047094930681,34.622711398031534,6022,16.074393889073395,21.255396878113583,24.44370640983062,38.2265028229824
11429,2023,2023_11429,8227,98232,119032,2238,1605,5856,646200,20111,8.144796380090497,7.468549549997514,30.13276316443737,19.00949729004028,8.477947391974542,16.916115558649494,9.850330664810302,27933,16.16367737085168,15.361758493538108,30.762896931944294,30.608957147459993,8227,16.61602042056643,27.09371581378388,18.71885255864835,37.57141120700134
11430,2023,2023_11430,0,-666666666,-666666666,0,-666666666,0,-666666666,334,14.67065868263473,5.389221556886228,50.59880239520959,18.263473053892216,5.688622754491018,5.389221556886228,0.0,448,19.419642857142858,44.19642857142857,30.357142857142854,6.026785714285715,0,,,,
11432,2023,2023_11432,20404,75395,105490,12603,1841,7549,826100,44034,11.53653994640505,8.572920924739973,21.544715447154477,14.506971885361311,8.109642548939455,22.736975973111686,12.99223327428805,63730,17.053193158638003,14.795229876039542,30.946179193472464,28.694492389769337,20404,22.495589100176435,20.868457165261713,20.37345618506175,36.2624975495001
11433,2023,2023_11433,10965,71177,94394,5583,1529,5127,625600,24649,10.633291411416284,11.976145076879387,30.58136232707209,19.660026775934117,8.004381516491542,13.53401760720516,5.61077528500142,37777,21.319850702808587,13.439394340471715,32.21272202662996,24.25549937792837,10965,19.316005471956224,19.87232102143183,20.975832193342452,39.83584131326949
11434,2023,2023_11434,22737,76668,102298,11362,1409,11090,585600,47408,5.151029362132974,8.03029024637192,31.859601754978065,24.145713803577458,8.63778265271684,14.457475531555856,7.718106648666892,67611,18.300276582212955,12.98013636834243,32.83637277957729,27.693718477762495,22737,27.16717245019132,24.41395082904517,20.609579100145137,27.809297620618374
11435,2023,2023_11435,19928,79430,100579,12440,1820,7080,550300,41075,12.48934875228241,7.987827145465612,22.846013390139987,16.559951308581862,7.722458916615947,19.644552647595862,12.74984783931832,58424,16.27242229220868,14.781596604135286,34.54059975352595,25.332055319731616,19928,28.01585708550783,23.42432757928543,16.870734644720994,31.68908069048575
11436,2023,2023_11436,6289,86104,109526,2103,2079,4113,602800,14799,6.311237245759848,9.23035340225691,36.08351915669978,17.97418744509764,8.169470910196635,15.048314075275355,7.1829177647138325,21364,18.91031642014604,16.15802284216439,33.027522935779814,26.268489046994944,6289,18.063285100969946,23.231038320877722,23.421847670535854,35.283828907616474
11451,2023,2023_11451,0,-666666666,-666666666,0,-666666666,0,-666666666,0,,,,,,,,0,0.0,0.0,0.0,0.0,0,,,,
11691,2023,2023_11691,22382,57027,87977,15537,1444,6465,649400,43508,11.70359474119702,10.24179461248506,27.80178358003126,18.21044405626552,8.761607060770434,12.567803622322332,10.712972326928382,68704,22.68426874708896,12.690673032137866,27.54570330693992,26.713146250582206,22382,31.123224019301226,23.045304262353678,16.714324010365473,29.11714770797963
11692,2023,2023_11692,7981,49507,89324,5137,1274,2654,650000,14785,6.898884004058167,7.379100439634765,31.26817720662834,18.36996956374704,9.5434562056138,16.307067974298274,10.233344606019616,23247,24.222480320041296,10.883124704262915,31.07927904675872,25.895814513700692,7981,31.549931086330034,25.147224658564088,16.75228668086706,26.550557574238816
11693,2023,2023_11693,5405,67829,94035,2752,1198,2491,473200,9343,7.781226586749439,8.17724499625388,27.689179064540298,14.224553141389276,6.379107353098576,21.9201541260837,13.828534731884831,13066,18.42185825807439,10.79136690647482,26.289606612582276,36.208480024491045,5405,33.024976873265494,33.8945420906568,13.376503237742831,19.703977798334876
11694,2023,2023_11694,8046,103792,131803,3842,1787,4062,839000,15451,4.847582680732638,4.899359264772507,25.12458740534593,16.652643841822538,5.210018769011715,22.516341984337583,20.749466053977088,21430,18.987400839944,6.644890340643957,32.94447036864209,32.79981334577695,8046,33.48247576435496,30.68605518269948,17.36266467810092,18.468804374844645
11697,2023,2023_11697,1668,134844,160574,42,-666666666,1626,684100,3078,0.8122157244964262,4.775828460038986,11.66341780376868,19.980506822612085,10.818713450292398,26.868096166341783,25.081221572449643,4123,14.819306330341982,14.285714285714285,21.295173417414503,42.83288867329615,1668,35.91127098321343,29.256594724220626,8.992805755395683,25.839328537170264
10001,2022,2022_10001,14375,106509,176483,10783,2625,3422,535100,21203,3.494788473329246,5.607697024006037,8.498797339999056,8.35259161439419,3.1174833749941047,42.027071640805545,28.901570532471823,27004,10.224411198340986,22.596652347800326,42.29373426159088,19.997037475929492,14375,57.55826086956522,27.84695652173913,8.883478260869564,5.711304347826087
10002,2022,2022_10002,36028,43362,86843,29619,1136,6224,784800,60952,16.173382333639587,13.851883449271558,18.186441790261192,9.840530253314084,3.8505709410683817,26.392899330620818,11.704291901824384,76518,11.626022635196946,15.050053582163674,33.494079824355055,33.379074204762276,36028,44.81514377706228,32.5774397690685,12.609636949039635,9.997779504829577
10003,2022,2022_10003,24987,152863,250384,15927,2731,8927,1111000,37093,2.6986223815814303,1.5447658587873725,5.348718086970587,5.990348583290648,2.4586849270751894,43.84924379262934,38.10961636966543,53877,16.704716298234867,24.95313399038551,32.00066818865193,21.70870686935056,24987,53.219674230599914,32.588946252051066,8.952655380798015,5.238724136551006
10004,2022,2022_10004,2123,232543,342833,1189,3501,893,1792200,3586,0.4461795872838818,0.4461795872838818,0.8644729503625209,3.457891801450084,0.3067484662576687,44.28332403792526,50.1952035694367,4579,9.84931207687268,15.50556890150688,50.600567809565405,14.58833806507971,2123,37.44700894959963,31.700423928403204,18.69995289684409,12.152614225153085
10005,2022,2022_10005,4881,189886,251095,4067,3501,814,1750000,6842,0.935399006138556,1.5200233849751534,4.998538439052909,2.8500438468284126,0.950014615609471,56.56240865244081,32.18357205495469,8801,5.522099761390751,40.8249062606522,42.915577775252814,5.238041131689581,4881,52.30485556238476,31.20262241343987,9.608686744519565,6.883835279655809
10006,2022,2022_10006,2046,204574,218507,1661,3501,363,1066700,2937,0.0,0.0,4.834865509022812,7.831120190670752,3.0303030303030303,39.76847122914538,44.53524004085802,3736,11.054603854389722,22.778372591006423,57.25374732334047,4.951820128479657,2046,45.894428152492665,42.32649071358749,8.308895405669599,3.470185728250244
10007,2022,2022_10007,3084,250001,483196,1997,3501,1053,2000001,5558,0.9175962576466354,3.166606693055056,5.145735876214466,4.64195753868298,0.791651673263764,51.29543001079525,34.04102195034185,7506,12.376765254463095,15.640820676791899,51.42552624567014,12.030375699440446,3084,35.47341115434501,29.896238651102465,11.057068741893644,23.573281452658883
10009,2022,2022_10009,29670,83344,130249,26485,1832,2835,714100,46815,6.993484994125815,6.2565417067179325,10.86190323614226,9.516180711310476,4.094841396988145,37.31069101783616,24.966356936879205,58418,8.242322571810059,21.109931870313947,36.27649012290732,29.110890478961966,29670,48.109201213346815,30.411189753960226,14.509605662285136,6.970003370407819
10010,2022,2022_10010,16050,150288,254222,11292,2899,4628,1093900,23887,0.9921714740235276,1.800142336835936,5.994892619416419,8.586260308954662,2.2020345794783776,42.500104659438186,37.92439402185289,32410,13.764270286948474,18.525146559703796,36.53502005553842,24.961431656896018,16050,48.398753894081,34.06230529595015,8.299065420560748,9.2398753894081
10011,2022,2022_10011,28874,145934,237851,17919,2637,10558,1151800,42006,1.9330571823072893,2.3782316811884017,6.394324620292339,7.717945055468266,2.716278626862829,39.20868447364662,39.65147836023426,50772,9.812495076026156,15.778381785235958,37.81217994170015,32.864571023398724,28874,58.800304772459654,28.27110895615433,7.328392325275335,5.6001939461106875
10012,2022,2022_10012,11529,126890,205960,9088,2624,2355,1455300,16809,2.385626747575704,1.636028318162889,5.044916413825926,6.294247129513951,1.731215420310548,49.33071568802427,33.577250282586704,21216,4.906674208144796,28.17213423831071,41.4027149321267,21.926847662141782,11529,54.10703443490329,32.413912741781594,8.699800503079192,4.779252320235926
10013,2022,2022_10013,12753,150675,370046,8543,2113,3759,2000001,22108,5.916410349194861,6.635607020083229,8.969603763343587,6.174235570834087,1.7731138049574813,43.21512574633617,27.315903745250587,29453,12.267001663667537,17.54999490714019,38.729501239262554,24.238617458323432,12753,33.262761703128675,33.490159178232574,15.572806398494471,17.67427272014428
10014,2022,2022_10014,17504,147267,249880,11988,2852,4974,1427900,25527,0.411329180867317,0.716888000940181,5.018216006581267,7.944529321894464,1.1242997610373329,47.99232185529048,36.79241587338896,29461,5.566681375377618,20.878449475577884,41.661858049624925,27.768914836563592,17504,55.94149908592322,32.74680073126143,6.587065813528337,4.7246343692870205
10016,2022,2022_10016,30162,145864,215291,21663,3048,8224,953300,43500,1.181609195402299,2.188505747126437,5.308045977011494,7.222988505747126,2.206896551724138,41.61379310344827,40.27816091954023,54369,6.593831043425482,30.142176607993527,39.61448619617797,18.39283415181445,30162,56.02082090047079,31.516477687156026,7.489556395464492,4.973145016908693
10017,2022,2022_10017,9155,139964,188289,6244,2854,2799,850100,12829,2.127991269779406,1.6447112011848155,3.686959232987762,6.282640891729676,0.389741990802089,42.060955647361446,43.80699976615481,14486,3.2307055087670853,22.124810161535276,41.86110727599061,29.780477702609417,9155,58.296013107591484,35.1392681594757,4.041507373020208,2.523211359912616
10018,2022,2022_10018,4704,149118,226793,4087,3501,584,911900,7451,3.4760434840960945,4.818145215407328,7.046034089383975,5.0328814924171255,3.1405180512682858,40.97436585693195,35.51201181049524,8659,6.663587019286291,25.822843284443934,44.31227624437002,18.593371059013744,4704,52.721088435374156,33.92857142857143,7.504251700680271,5.84608843537415
10019,2022,2022_10019,26297,113335,190544,20172,2328,6052,958800,37804,1.6241667548407577,1.944238704898953,8.47529361972278,6.480795682996508,4.684689450851762,41.90032800761824,34.890487779071,42766,4.9665622223261465,17.79684796333536,41.71304307159893,30.935790113641676,26297,60.20458607445717,29.718218808229075,6.2174392516256605,3.859755865688101
10020,2022,2022_10020,0,-666666666,-666666666,0,-666666666,0,-666666666,0,,,,,,,,0,0.0,0.0,0.0,0.0,0,,,,
10021,2022,2022_10021,20568,149432,261254,11039,2754,9179,1572800,32595,0.6749501457278724,1.6935112747353889,6.663598711458812,8.504371836171192,3.150789998466023,38.05184844301273,41.26092959042798,40642,12.295162639633876,12.806948476945033,36.40814920525565,30.170759313025933,20568,44.29696616102684,31.913652275379228,12.986192143134968,10.803189420458965
10022,2022,2022_10022,18153,161236,281977,8822,2754,8865,1125600,28679,1.251787021862687,0.7845461836186757,6.600648558178459,5.680114369399212,2.2141636737682626,36.15537501307577,47.31336518009693,33586,8.176025725004466,12.138986482462933,32.64455427856845,37.503721788840586,18153,49.5785820525533,33.966837437338185,10.753043574064893,5.701536936043629
10023,2022,2022_10023,35742,151468,256121,21445,2744,13634,1525300,52617,0.765912157667674,1.579337476480985,6.106391470437311,6.46559096869833,1.8891232871505408,37.42706729764145,45.766577341923714,65706,11.046175387331447,10.630688217209997,37.34666544912184,32.79152588804675,35742,50.92328353197918,32.41564545912372,8.427060600973645,8.234010407923451
10024,2022,2022_10024,29472,166994,287414,18033,2760,11294,1743700,49806,2.493675460787857,1.4576557041320322,5.1519897201140425,6.2522587640043366,1.845159217764928,36.26269927317994,46.53656186001687,62774,11.39962404817281,8.893809538981106,39.33794246025424,30.050657915697577,29472,42.20276872964169,32.59704125950054,10.342019543973942,14.858170466883822
10025,2022,2022_10025,41653,106916,185788,27520,1885,13115,1105100,72928,4.641564282580079,4.599056603773585,10.064721369021502,10.71604870557262,2.6601579640193065,28.77358490566038,38.54486616937253,96988,12.146863529508806,19.176599166907245,31.59463026353776,29.467562997484222,41653,40.15076945238038,32.63390392048592,15.377043670323868,11.838282956809834
10026,2022,2022_10026,15237,68831,117438,11855,1507,3014,1030400,27690,4.987360057782593,6.399422174070062,21.336222462983027,13.438064283134707,4.0772842181292885,26.99169375225713,22.769953051643192,38265,14.786358290866326,17.663661309290475,40.54357768195479,20.120214295047692,15237,40.57229113342522,27.846688980770494,16.486184944542888,15.094834941261404
10027,2022,2022_10027,24387,63125,112696,20713,1523,3249,872800,42580,5.387505871301081,7.353217472992014,19.502113668388915,12.529356505401598,4.365899483325505,25.312353217472992,25.549553781117893,65806,18.677628179801236,22.724371637844573,33.16566878400146,18.528705589156,24387,41.50982080616722,28.85553778652561,14.602042071595523,15.03259933571165
10028,2022,2022_10028,24440,160244,270845,15380,2550,8713,1572100,37597,1.2181823017793971,0.2899167486767561,6.168045322765114,7.878288161289465,2.622549671516344,34.52669095938506,47.296326834587866,45717,10.761861014502264,12.912045847277819,37.22029004527856,31.31220333792681,24440,46.57937806873977,32.51636661211129,11.170212765957446,9.73404255319149
10029,2022,2022_10029,33406,35640,73594,30578,1137,2284,735700,55086,14.19235377409868,9.303634317249392,24.76672838833824,13.914606252042262,4.6436481138583305,19.00482881312856,14.174200341284536,75614,15.34768693628164,15.789404078609781,35.09138519321819,26.148596820694582,33406,46.73112614500389,27.285517571693706,14.299826378494881,11.68352990480752
10030,2022,2022_10030,13097,47765,77559,11097,1245,1881,710500,23150,10.514038876889847,11.183585313174946,21.347732181425485,16.224622030237583,5.589632829373651,18.66522678185745,16.475161987041037,31268,13.07406933606243,16.71677113982346,38.37149801714213,24.2804144812588,13097,44.94922501336184,25.608918072841107,16.438879132625793,13.00297778117126
10031,2022,2022_10031,22037,64807,94723,18548,1794,2866,629900,47467,12.27589693892599,9.484483957275582,17.702825120610107,16.851707502054058,3.507700086375798,23.913455663934943,16.26393073082352,61044,12.831727933949283,17.61352467072931,41.62898892602058,22.750802699692024,22037,34.56459590688388,29.087443844443435,16.200027226936516,20.14793302173617
10032,2022,2022_10032,22285,56752,80334,19952,1519,2071,593000,46094,17.017399227665205,8.831952097886926,17.603158762528746,14.485616349199464,5.11563327114158,22.63201284332017,14.314227448257908,60480,11.770833333333334,20.415013227513228,37.333002645502646,24.675925925925927,22285,39.255104330266995,24.370652905541846,19.362800089746464,17.011442674444694
10033,2022,2022_10033,20521,77209,119149,16899,1674,3023,702500,43653,13.779121709848122,9.428905229881108,17.806336334272558,13.53858841316748,6.515016150092777,21.48076879023206,17.4512633725059,58711,13.242833540563097,17.380048031884996,38.401662380133196,24.068743506327607,20521,31.21680230008284,30.271429267579553,15.145460747526924,23.366307684810682
10034,2022,2022_10034,15879,65109,87559,14088,1588,1449,491200,30717,12.231012143112936,9.099195885014812,18.143047823680696,15.541882345281111,4.717257544682098,22.23849985350132,18.029104404727025,41570,14.024536925667551,14.106326677892712,40.22612460909309,23.49530911715179,15879,38.09433843441023,28.383399458404178,13.199823666477739,20.322438440707852
10035,2022,2022_10035,14833,36989,70127,13312,1116,1445,661800,27304,11.617345443891006,13.254468209786111,27.157193085262232,13.166569000878992,5.19704072663346,17.466305303252273,12.141078230295928,38595,16.496955564192255,15.30250032387615,35.947661614198736,23.53413654618474,14833,47.576350030337764,26.09047394323468,10.699116834086158,15.634059192341402
10036,2022,2022_10036,18916,102287,148933,17199,2269,1563,1450400,26043,3.321429942786929,4.158507084437277,9.795338478669892,10.947279499289635,4.634642706293437,39.707406980762585,27.43539530776024,30930,5.512447462010992,18.99450371807307,47.84351762043323,23.32686711930165,18916,60.5096214844576,29.065341509832948,7.110382744766336,3.3146542609431164
10037,2022,2022_10037,10103,50177,79169,9397,1470,683,-666666666,14386,6.089253440845266,6.881690532462116,23.286528569442517,13.638259418879468,6.311691922702628,25.288474906158765,18.504101209509244,19138,13.663914724631624,12.195631727453236,38.71355418539032,25.875222071271814,10103,56.992972384440264,25.82401266950411,8.749876274373948,8.433138671681679
10038,2022,2022_10038,10646,99641,151912,7703,3082,2859,886400,16829,9.899578109216234,7.778239942955613,10.303642521837304,7.148374829163943,4.082238992215817,38.77235724047775,22.015568364133344,23343,14.83099858629996,21.9551899927173,33.04630938611147,22.507818189607164,10646,41.62126620326883,35.46872064625211,13.04715386060492,9.86285928987413
10039,2022,2022_10039,12177,51904,71332,10271,1158,1814,576900,20839,10.072460290800905,8.09539805172993,25.572244349536927,20.000959738951003,6.895724362973271,17.51043716109218,11.852776044915784,29887,18.31900157259009,15.013216448623147,35.28289891926256,23.742764412620872,12177,35.59990145355999,33.464728586679804,16.93356327502669,14.001806684733515
10040,2022,2022_10040,16541,59115,84402,13702,1623,2442,454000,32333,13.045495314384684,10.135156032536417,21.318776482231776,13.7104506232023,4.586645223146631,20.681656511922803,16.521819812575387,43653,15.011568506173687,14.351820035278216,35.860078345130916,28.112615398712578,16541,36.67251073091107,25.947645245148422,19.775104286318847,17.604739737621667
10044,2022,2022_10044,5039,120759,157427,3970,3082,1045,932000,9072,4.012345679012346,3.880070546737213,13.029100529100528,5.654761904761905,4.332010582010582,23.98589065255732,45.10582010582011,11846,11.40469356744893,12.004052000675333,39.456356576059434,25.687995947999326,5039,40.00793808295297,28.021432823973008,17.265330422702917,14.705298670371105
10065,2022,2022_10065,16113,158276,262771,10687,2792,5236,1522200,24164,1.2580698559841086,0.4179771560999835,4.9619268333057445,6.124813772554213,1.556033769243503,40.5437841416984,45.13739447111406,30859,10.061894423020837,13.603810881752487,37.826890048284135,26.987264655367962,16113,48.50741637187364,31.16738037609384,9.222367032830633,11.102836219201887
10069,2022,2022_10069,3142,197680,292930,2082,3286,1024,1817100,4683,0.0,0.0,10.143070681187274,0.6833226564168268,2.370275464445868,37.41191543882127,49.39141575912876,6259,13.868030036747083,3.978271289343345,48.01086435532832,21.856526601693563,3142,51.559516231699554,21.8968809675366,20.01909611712285,6.524506683640993
10075,2022,2022_10075,12839,140736,282991,6722,2328,5818,1205100,18721,0.4593771700229688,1.2926659900646331,8.68543347043427,5.298862240264944,3.0393675551519683,33.38496875166925,47.839324822391966,23920,11.066053511705686,15.263377926421404,32.42892976588629,31.588628762541802,12839,51.63174702079601,27.782537580808476,9.066126645377366,11.519588753018148
10103,2022,2022_10103,0,-666666666,-666666666,0,-666666666,0,-666666666,0,,,,,,,,0,0.0,0.0,0.0,0.0,0,,,,
10110,2022,2022_10110,0,-666666666,-666666666,0,-666666666,0,-666666666,0,,,,,,,,0,0.0,0.0,0.0,0.0,0,,,,
10111,2022,2022_10111,0,-666666666,-666666666,0,-666666666,0,-666666666,0,,,,,,,,0,0.0,0.0,0.0,0.0,0,,,,
10112,2022,2022_10112,0,-666666666,-666666666,0,-666666666,0,-666666666,0,,,,,,,,0,0.0,0.0,0.0,0.0,0,,,,
10115,2022,2022_10115,0,-666666666,-666666666,0,-666666666,0,-666666666,0,,,,,,,,0,0.0,0.0,0.0,0.0,0,,,,
10119,2022,2022_10119,0,-666666666,-666666666,0,-666666666,0,-666666666,0,,,,,,,,0,0.0,0.0,0.0,0.0,0,,,,
10128,2022,2022_10128,29328,137253,224663,19681,2434,9084,1365400,45485,2.0622183137298014,2.3018577553039465,8.422556886885786,5.465538089480049,4.913707815763439,34.06177860833242,42.77234253050457,56695,9.879178058029808,14.512743628185905,36.47411588323485,31.19851838786489,29328,48.690671031096564,29.408756137479543,11.698717948717949,10.201854882705947
10152,2022,2022_10152,0,-666666666,-666666666,0,-666666666,0,-666666666,0,,,,,,,,0,0.0,0.0,0.0,0.0,0,,,,
10153,2022,2022_10153,0,-666666666,-666666666,0,-666666666,0,-666666666,0,,,,,,,,0,0.0,0.0,0.0,0.0,0,,,,
10154,2022,2022_10154,0,-666666666,-666666666,0,-666666666,0,-666666666,0,,,,,,,,0,0.0,0.0,0.0,0.0,0,,,,
10162,2022,2022_10162,896,105391,127122,877,3501,0,-666666666,1286,0.0,5.9875583203732505,26.360808709175732,0.0,1.4774494556765163,35.30326594090202,30.870917573872475,1523,5.51543007222587,5.975049244911359,18.45042678923178,56.2048588312541,896,52.34375,33.816964285714285,5.691964285714286,8.147321428571429
10165,2022,2022_10165,0,-666666666,-666666666,0,-666666666,0,-666666666,0,,,,,,,,0,0.0,0.0,0.0,0.0,0,,,,
10167,2022,2022_10167,0,-666666666,-666666666,0,-666666666,0,-666666666,0,,,,,,,,0,0.0,0.0,0.0,0.0,0,,,,
10168,2022,2022_10168,0,-666666666,-666666666,0,-666666666,0,-666666666,0,,,,,,,,0,0.0,0.0,0.0,0.0,0,,,,
10169,2022,2022_10169,0,-666666666,-666666666,0,-666666666,0,-666666666,0,,,,,,,,0,0.0,0.0,0.0,0.0,0,,,,
10170,2022,2022_10170,0,-666666666,-666666666,0,-666666666,0,-666666666,0,,,,,,,,0,0.0,0.0,0.0,0.0,0,,,,
10171,2022,2022_10171,0,-666666666,-666666666,0,-666666666,0,-666666666,0,,,,,,,,0,0.0,0.0,0.0,0.0,0,,,,
10172,2022,2022_10172,0,-666666666,-666666666,0,-666666666,0,-666666666,0,,,,,,,,0,0.0,0.0,0.0,0.0,0,,,,
10173,2022,2022_10173,0,-666666666,-666666666,0,-666666666,0,-666666666,0,,,,,,,,0,0.0,0.0,0.0,0.0,0,,,,
10174,2022,2022_10174,0,-666666666,-666666666,0,-666666666,0,-666666666,0,,,,,,,,0,0.0,0.0,0.0,0.0,0,,,,
10177,2022,2022_10177,0,-666666666,-666666666,0,-666666666,0,-666666666,0,,,,,,,,0,0.0,0.0,0.0,0.0,0,,,,
10199,2022,2022_10199,0,-666666666,-666666666,0,-666666666,0,-666666666,0,,,,,,,,0,0.0,0.0,0.0,0.0,0,,,,
10271,2022,2022_10271,0,-666666666,-666666666,0,-666666666,0,-666666666,0,,,,,,,,0,0.0,0.0,0.0,0.0,0,,,,
10278,2022,2022_10278,0,-666666666,-666666666,0,-666666666,0,-666666666,0,,,,,,,,0,0.0,0.0,0.0,0.0,0,,,,
10279,2022,2022_10279,75,250001,1605259,75,3501,0,-666666666,161,0.0,0.0,0.0,31.67701863354037,11.180124223602483,29.19254658385093,27.95031055900621,161,0.0,0.0,80.12422360248448,19.875776397515526,75,0.0,100.0,0.0,0.0
10280,2022,2022_10280,4293,206150,289305,2903,3501,1345,793600,7261,1.3083597300647294,0.234127530643162,5.081944635725106,6.335215535050269,0.7712436303539457,41.261534223936096,45.00757471422669,8843,8.537826529458329,13.468279995476648,44.17053036299899,28.542349881262016,4293,39.97204751921733,33.636151875145586,15.676682972280457,10.715117633356627
10282,2022,2022_10282,2635,250001,462043,2381,3501,240,2000001,4480,0.5133928571428571,0.2901785714285714,5.714285714285714,4.017857142857143,9.352678571428571,31.31696428571429,48.79464285714285,6450,22.527131782945737,6.279069767441861,47.37984496124031,13.98449612403101,2635,26.110056925996204,37.381404174573056,21.518026565464897,14.990512333965844
10301,2022,2022_10301,14400,84855,118113,7470,1643,6635,642300,28291,5.864055706761868,7.832879714396805,23.781414584143366,17.05135908946308,5.722667986285391,20.837015305220746,18.910607613728747,40331,16.533187870372664,14.725645285264436,33.053978329324835,26.986685180134387,14400,30.291666666666668,26.92361111111111,17.368055555555557,25.416666666666664
10302,2022,2022_10302,5945,75588,94902,2553,1701,3329,529600,12259,6.737906843951383,6.795007749408597,36.35696223182968,13.36976914919651,7.349702259564402,18.614895179052123,10.775756586997309,18567,18.29051543060268,14.9458717078688,35.92395109603059,22.14143372650401,5945,23.465096719932717,24.94533221194281,15.458368376787215,36.13120269133726
10303,2022,2022_10303,8675,78578,98699,3047,1399,5534,433600,17857,9.307274458195666,10.02408019264154,30.777846222769785,14.789718317746544,7.632861062888503,18.26174609396875,9.206473651789214,27083,22.46058413026622,15.219879629287746,31.21884577040948,25.643392534061956,8675,21.164265129682995,28.18443804034582,17.98270893371758,32.668587896253605
10304,2022,2022_10304,15553,69479,108942,7586,1365,7756,653100,30873,6.095941437502025,10.235480840864186,29.443202798561853,17.481294334855697,5.853010721342273,20.0174910115635,10.873578855310466,44864,19.78200784593438,13.005973609129814,34.85868402282454,25.385609843081316,15553,27.454510383848774,28.766154439657942,16.202661865877964,27.576673310615313
10305,2022,2022_10305,15780,84764,109945,5019,1517,10380,614700,31477,8.317183975601232,6.814499475807732,28.3508593576262,14.537598881723165,9.451345426819582,19.820821552244496,12.707691330177587,42211,16.3677714339864,11.82393215038734,32.219089810712845,33.301745990381654,15780,27.712294043092523,27.59822560202788,16.05830164765526,28.631178707224336
10306,2022,2022_10306,19872,94758,118424,5268,1579,14392,653300,39837,5.8262419358887465,5.648015663830107,33.36094585435651,16.808494615558402,6.114918292040064,18.876923463112185,13.364460175213996,56232,19.31106843078674,10.630957461943378,32.35702091335894,30.51998861858017,19872,22.851247987117553,29.015700483091788,18.317230273752013,29.81582125603865
10307,2022,2022_10307,5217,124738,145667,881,1449,4216,785200,10101,2.811602811602812,4.92030492030492,23.274923274923275,18.8001188001188,11.365211365211366,19.87921987921988,18.948618948618947,14755,17.61436801084378,10.50491358861403,35.73703829210437,27.86851914605219,5217,23.04006133793368,26.049453709028175,17.73049645390071,33.17998849913744
10308,2022,2022_10308,10472,122647,136486,1821,1668,8287,630000,22074,2.26510827217541,2.573162997191265,31.036513545347468,14.718673552595815,8.919996375826765,23.113164809277883,17.373380447585397,30075,18.131338320864504,13.612635078969245,33.795511221945134,29.399833748960933,10472,18.6401833460657,26.613827349121465,21.390374331550802,33.355614973262036
10309,2022,2022_10309,11792,110123,144776,2177,1983,9431,699200,24109,2.2605665933883614,5.657638226388485,29.047243767887508,18.076237089883445,7.764735161143139,21.232734663403708,15.960844497905349,34740,19.214162348877373,10.541162924582615,32.737478411053544,30.627518710420265,11792,19.886363636363637,27.137042062415194,16.994572591587517,35.98202170963365
10310,2022,2022_10310,9145,105523,118232,3656,1660,5338,596200,17364,5.43653536051601,7.198802119327344,29.227136604469017,17.973969131536514,7.722874913614374,17.910619672886433,14.530062197650311,26239,19.45958306337894,12.62624337817752,32.6041388772438,25.568809786958344,9145,24.603608529250955,25.63149261891744,17.692728266812466,32.07217058501914
10311,2022,2022_10311,0,-666666666,-666666666,0,-666666666,0,-666666666,0,,,,,,,,0,0.0,0.0,0.0,0.0,0,,,,
10312,2022,2022_10312,21324,107414,133355,3492,1773,17473,665100,43865,2.733386526843725,4.477373760401231,30.63946198563775,15.534024848968423,7.461529693377408,23.572324176450472,15.581899008320985,63473,18.105336127172183,12.822775038205222,32.098687630961194,29.707119562648682,21324,19.503845432376664,28.310823485274806,17.538923278934533,34.64640780341399
10314,2022,2022_10314,31825,103436,128456,7365,1631,23891,649200,66532,5.3042145133169,4.546684302290627,29.615823964408104,16.226778091745324,7.07930018637648,23.73594661215656,13.491252329706004,94355,17.937576175083464,13.15033649515129,31.72062953738541,29.199300514016212,31825,21.89159465828751,26.881382560879814,17.492537313432834,33.73448546739984
10451,2022,2022_10451,20965,34316,57674,17855,1257,2973,243400,33532,12.206250745556485,15.49862817607062,26.65811761899081,17.863533341285937,8.03113443874508,13.69139926040797,6.0509364189431,51311,20.691469665373894,14.969499717409523,35.47582389740991,19.746253240045995,20965,40.38158836155497,23.081326019556403,14.805628428332938,21.731457190555687
10452,2022,2022_10452,28260,36536,52522,26740,1323,933,474400,49113,16.140329444342637,14.40351841671248,29.083949259870096,16.514975668356648,9.496467330442044,10.052328304115,4.308431576161098,78624,23.612382987382986,14.702889702889703,33.34859584859585,20.236823361823358,28260,30.987261146496813,24.493984430290165,18.071479122434535,26.447275300778482
10453,2022,2022_10453,28456,34800,51195,26385,1362,1338,524600,50570,17.152461933952935,15.226418825390548,28.827368004745896,16.751038164919912,7.136642278030453,11.382242436227012,3.523828356733241,80385,22.744293089506748,14.496485662748025,34.280027368290106,21.048703116253034,28456,29.635226314309808,23.87545684565645,19.844672476806295,26.64464436322744
10454,2022,2022_10454,14737,26400,47549,13755,954,840,782900,25781,20.12722547612583,19.215701485590163,28.29991078701369,15.383421899848726,5.372173305922966,9.010511617082347,2.591055428416276,41073,22.055851776105957,15.64531444014316,33.80079370876245,20.509823971952375,14737,33.853565854651556,23.87188708692407,16.20411209879894,26.070434959625434
10455,2022,2022_10455,16254,35813,52036,14105,1130,1907,344100,27345,15.399524593161455,16.657524227463888,28.356189431340283,16.946425306271713,8.334247577253612,10.400438837081731,3.905650027427317,44380,26.050022532672372,14.69580892293826,33.81703470031546,19.121225777377198,16254,31.469176818014027,23.53266888150609,19.281407653500676,25.716746646979203
10456,2022,2022_10456,32370,33317,48138,29723,1163,2021,403600,55052,16.551623919203664,16.805928939911357,29.617452590278283,16.030298626752888,8.277628424035457,9.336627188839644,3.380440310978712,88575,22.308777871860006,14.866497318656506,32.17837990403613,22.286198137171887,32370,34.83163422922459,21.813407476058078,18.66543095458758,24.68952734012975
10457,2022,2022_10457,26163,41145,56909,23900,1381,1636,265200,47967,15.243813455083703,15.300102153563907,29.52654950278316,17.647549356849503,7.1632580732587,10.275814622553003,4.84291283590802,79817,23.19054837941792,16.933735920919105,31.9292882468647,18.853126526930353,26163,27.695600657416964,21.41191759354814,22.6503076864274,28.2421740626075
10458,2022,2022_10458,29116,41550,56212,27162,1512,1210,476200,49281,18.420892433189263,13.477810921044622,27.63336782938658,19.38272356486273,6.671942533633652,9.715711937663604,4.697550780219557,82678,24.25554561068241,18.08461743148117,32.29395969907352,17.67943104574373,29116,30.189586481659568,27.239318587718092,15.702706415716444,26.868388514905895
10459,2022,2022_10459,17805,41270,61443,15101,1292,2301,570600,32618,17.303329449996934,14.347906064136367,28.30645655772886,16.659513152247225,9.304678398430315,10.209087007173952,3.869029370286345,51964,22.04988068662921,16.318990070048493,30.707797706104223,22.41166961742745,17805,30.519516989609663,21.76916596461668,18.809323223813536,28.901993821960126
10460,2022,2022_10460,21814,33080,53823,19228,1299,2216,576500,38400,14.942708333333332,14.619791666666668,31.119791666666668,17.033854166666668,8.026041666666666,11.161458333333334,3.0963541666666665,59852,21.89233442491479,15.123972465414688,33.37398917329412,21.661765688698786,21814,31.02136242779866,25.240671128632986,18.992390208123226,24.745576235445128
10461,2022,2022_10461,18807,64444,88061,12498,1675,5933,626700,36027,9.63721653204541,9.326338579398785,27.987342826213677,15.56332750437172,10.431065589696615,16.837371971021735,10.21733699725206,50868,18.058504364236846,13.975387276873477,34.76645435244161,25.320437210033813,18807,29.191258573935237,28.154410591800925,17.578561174030945,25.075769660232893
10462,2022,2022_10462,29806,63431,77474,22869,1652,6603,398700,51876,8.155987354460636,8.572364870074793,29.81147351376359,15.95728275117588,9.713547690646926,18.395789960675454,9.393553859202717,77230,18.52518451378998,14.869869221804997,35.14048944710605,22.989770814450345,29806,32.01368851909012,24.837281084345435,17.781654700395894,25.36737569616856
10463,2022,2022_10463,29607,66780,98349,18894,1592,10217,349300,50071,7.762976573265962,9.055141698787722,19.20672644844321,14.79698827664716,6.666533522398195,21.53142537596613,20.98020810449162,70296,16.878627517924205,12.128712871287128,31.710196881757142,30.04580630476841,29607,39.254230418482116,27.86503191812747,17.029756476508933,15.85098118688148
10464,2022,2022_10464,1990,129109,155364,641,1794,1318,630700,3468,0.8362168396770472,3.8927335640138407,20.501730103806228,8.189158016147635,12.197231833910037,25.317185697808537,29.06574394463668,4292,15.54054054054054,12.27865796831314,35.06523765144455,32.409133271202236,1990,30.90452261306533,32.814070351758794,26.231155778894472,10.050251256281408
10465,2022,2022_10465,16168,85946,106860,7157,1680,8911,587400,31189,7.284619577415115,6.960787457116291,26.906922312353714,21.80897111160986,7.755939594087659,18.064061047164063,11.218698900253294,46311,18.79898944095355,14.536503206581589,31.424499578933734,25.22726781974045,16168,26.230826323602173,27.73998020781791,20.286986640277092,25.742206828302823
10466,2022,2022_10466,24622,60892,86762,14342,1474,9810,577600,48817,7.259766065100272,12.227297867546142,31.396849458180554,16.42460618227257,8.439682897351332,15.226253149517586,9.025544380031546,72273,19.824830849694905,14.542083488993121,31.76151536535082,26.120404577089644,24622,25.18479408658923,25.76963691008042,18.134188936723255,30.911380066607098
10467,2022,2022_10467,38433,46228,64960,32593,1482,5256,411000,66270,12.248377848196773,13.18998038328052,28.7324581258488,16.550475328202808,7.725969518635884,13.141693073789046,8.411045722046175,98713,19.942662060721485,15.217853778124462,33.574098649620616,23.38496449302523,38433,37.01506517836234,25.129446048968333,16.147581505477064,21.707907267192255
10468,2022,2022_10468,28228,43985,57987,25436,1508,2147,278200,52353,14.083242603098196,14.195939105686396,30.62479705078983,18.640765572173517,7.403587186980689,9.604034152770614,5.4476343285007545,81397,20.83737729891765,15.675024878066758,32.781306436355145,21.294396599383273,28228,29.272353691370274,22.50247980728355,20.093524160408105,28.131642340938072
10469,2022,2022_10469,23337,76731,96953,10944,1634,11950,615600,49816,7.351051870884856,10.101172314115948,27.724024409828168,17.81355387827204,8.824474064557572,17.50642363899149,10.679299823349927,71862,18.15424007124767,13.140463666471849,31.30305307394729,28.185967548913197,23337,23.709131422205083,23.357758066589536,21.772292925397437,31.160817585807944
10470,2022,2022_10470,6351,75750,100670,3791,1581,2329,536400,11579,5.121340357543829,9.01632265307885,27.282148717505827,14.569479229639864,5.509974954659297,27.95578201917264,10.54495206839969,15390,10.058479532163743,16.913580246913583,34.05458089668616,27.654320987654323,6351,38.671075421193514,26.137616123445127,16.769012753897027,18.422295701464336
10471,2022,2022_10471,8924,111418,149559,3844,1680,4997,371400,16424,3.5375060886507548,4.998782269849002,14.028251339503168,13.869946419873354,4.956161714564052,25.96809547004384,32.64125669751583,22888,17.306011883956657,10.420307584760574,27.053477804963304,34.288710241174414,8924,39.8027790228597,32.49663827879875,13.928731510533392,13.771851187808156
10472,2022,2022_10472,22114,40025,59114,18163,1392,3685,581100,41079,18.498502884685607,13.418048151123449,31.497845614547582,15.38742423135909,7.010881472285109,10.285060493196037,3.902237152803136,65283,21.02844538394375,16.921710092979794,30.707841245040825,21.39454375564848,22114,25.657954237134845,24.86207832142534,19.702450936058604,29.777516505381207
10473,2022,2022_10473,22795,51379,73681,16048,1120,6448,542600,40539,12.383137225881253,12.252398924492464,24.11011618441501,19.60334492710723,9.309553763042995,13.858259947211328,8.483189027849726,60087,18.834356849235277,14.672058848003728,29.508878792417665,28.88478373025779,22795,31.835928931783286,24.17635446369818,20.2851502522483,23.702566352270235
10474,2022,2022_10474,3808,40795,55791,3344,1280,380,434900,6787,11.212612347134227,13.349049653749818,36.17209370856048,18.609105643141294,5.540002946810079,8.796228083100043,6.320907617504052,11280,22.074468085106385,15.851063829787234,33.741134751773046,18.519503546099294,3808,28.965336134453786,26.365546218487395,18.513655462184875,26.15546218487395
10475,2022,2022_10475,18383,57003,69530,10419,1207,7750,30800,31179,4.124571025369639,10.66102184162417,29.118958273196704,20.16100580518939,10.231245389525,15.568170884249014,10.135026780846085,43517,14.065767401245491,13.66132775696854,28.462439965990306,33.947652641496425,18383,39.54196812272208,28.646031659685576,16.961322961431758,14.850677256160584
11001,2022,2022_11001,8519,145325,179321,1058,2046,7297,684600,18513,5.093717927942527,3.4840382433965327,19.613244746934587,12.33187489871982,6.454923567223032,31.491384432560903,21.5308161832226,26138,19.3626138189609,11.852475323284107,31.662713290993956,29.814828984620092,8519,15.753022655241224,30.426106350510622,17.20859255781195,36.6122784364362
11003,2022,2022_11003,12607,119448,144798,2062,2234,10139,535600,34070,5.990607572644556,6.7977692985030815,25.71764015262695,20.361021426474903,8.3416495450543,21.179923686527736,11.611388318168476,47515,16.0559823213722,15.313059033989266,34.751131221719454,25.977059875828683,12607,13.286269532799238,15.991116046640755,22.6540810660744,48.0685333544856
11004,2022,2022_11004,5290,112311,129799,1552,1954,3588,647400,12052,7.608695652173914,5.633919681380684,19.897112512446068,13.010288748755396,5.808164619980087,26.825423166279457,21.2163956189844,15702,13.514202012482485,11.520825372564005,29.824226213221248,34.48605273213604,5290,24.839319470699433,28.90359168241966,19.035916824196597,27.22117202268431
11005,2022,2022_11005,1555,81328,288837,85,2211,1461,603900,2175,1.9770114942528731,0.0,11.724137931034482,18.114942528735632,1.793103448275862,27.17241379310345,39.2183908045977,2175,0.0,0.0,1.6551724137931036,51.44827586206896,1555,63.47266881028939,36.52733118971061,0.0,0.0
11040,2022,2022_11040,13670,144174,179734,1390,2493,11984,769800,30081,3.3443037133074034,3.793091984973904,19.13167780326452,12.898507363452014,6.469199827133407,32.85795020112363,21.50526910674512,42140,17.285239677266254,12.242524916943522,30.147128618889415,32.96155671570954,13670,14.901243599122166,28.6100950987564,20.482809070958304,36.00585223116313
11101,2022,2022_11101,16488,109625,145896,13883,2556,2351,1011200,26873,6.043240427194582,4.23473374762773,15.420682469393071,7.684292784579318,4.134261154318461,33.90763963829866,28.57514977858817,34279,9.378920038507541,20.280638291665454,48.44365354881997,14.4140727559147,16488,40.756914119359536,38.233867054827755,11.541727316836486,9.467491508976225
11102,2022,2022_11102,12164,103409,122429,10090,2184,1862,798900,21370,7.5105287786616755,2.466073935423491,18.43706130088909,8.703790360318203,5.9288722508189045,34.99298081422555,21.96069255966308,27069,10.299604713879345,18.039085300528278,45.00350954966936,19.816025712069155,12164,36.87109503452812,35.152910226899046,13.548174942453139,14.427819796119698
11103,2022,2022_11103,15516,88116,129759,12774,2042,2523,998200,28012,7.653862630301298,3.2664572326145938,19.852206197344,9.852920177066972,6.133085820362702,34.31029558760531,18.93117235470513,34752,9.513121546961326,19.725483425414367,44.71972836095764,20.367173112338858,15516,34.69321990203661,37.42588295952565,14.810518174787315,13.070378963650425
11104,2022,2022_11104,11991,83493,100703,9443,1908,2416,678900,20849,5.1465298095831935,2.6619981773706174,20.06331238908341,13.444289893999713,8.57115449182215,29.262794378627277,20.849920859513645,26939,12.116262667508074,13.337540368981774,44.32607001002265,22.977838821040127,11991,36.87765824368276,32.365941122508545,15.236427320490368,15.519973313318323
11105,2022,2022_11105,15851,97233,119098,11282,2162,4314,1054000,30070,5.886265380778184,4.709012304622547,17.412703691386763,11.632856667775192,7.462587296308613,33.55836381775856,19.338210841370135,38756,11.226648776963568,19.28217566312313,39.45969656311281,23.10093920941274,15851,27.44306352911488,36.33209261245347,18.535108195066556,17.689735663365088
11106,2022,2022_11106,18516,81729,110391,14794,1936,3375,662700,30987,7.090070029367154,4.711653273953593,19.153193274599023,12.7053280407913,5.505534579017008,31.08077580921032,19.753444993061606,40198,11.274192745907756,17.77202845912732,41.16373948952684,22.973779790039305,18516,38.869086195722616,35.796068265284084,11.865413696262692,13.46943184273061
11109,2022,2022_11109,3326,173939,229013,2442,3501,841,544600,5601,0.0,1.0712372790573113,6.427423674343867,7.266559542938761,1.2319228709159078,40.36779146580968,43.63506516693448,7280,8.324175824175825,14.217032967032967,54.14835164835166,9.615384615384615,3326,24.80457005411906,40.01803968731208,20.83583884546001,14.341551413108839
11201,2022,2022_11201,32227,163310,232020,20595,3110,11212,1123700,51970,2.715027900711949,2.143544352511064,8.20280931306523,6.453723301904946,2.35328073888782,37.11949201462382,41.01212237829517,69755,12.705899218694,17.313454232671493,42.262203426277686,19.072467923446347,32227,38.911471747292644,38.079870915691814,11.484159245353274,11.52449809166227
11203,2022,2022_11203,29411,68006,89068,17135,1495,11496,646400,58061,5.182480494652176,6.959921461910749,35.23535591877508,18.478841218718244,8.52723859389263,16.487831763145657,9.128330548905462,78506,15.677782589865743,12.313708506356202,32.37586936030367,32.10455251827886,29411,28.706946380605896,29.835775730168983,21.818367277549218,19.638910611675904
11204,2022,2022_11204,25118,64172,83981,15349,1677,9032,1066800,50138,16.462563325222387,10.094140173122184,27.4322868881886,10.223782360684512,5.425026925685109,20.128445490446367,10.233754836650844,80575,23.378219050574,11.504809183990073,30.147067949115733,23.72323921811976,25118,17.338163866549884,27.183692969185447,14.909626562624412,40.56851660164026
11205,2022,2022_11205,16861,74839,132369,11808,2107,4897,883100,28897,6.263625981935841,8.76215524102848,17.59006125203308,10.817731944492508,4.810187908779458,31.740319064262728,20.015918607467903,50319,25.660287366601086,15.445457978099725,34.38065144378863,13.93509409964427,16861,32.601862285748176,30.615028764604705,13.818871953027697,22.964236996619416
11206,2022,2022_11206,32698,51507,81598,28738,1434,3629,849400,55837,12.418288948188478,11.913247488224654,24.505256371223386,13.027204183605852,5.243834733241399,23.006250335798843,9.885917939717393,89949,21.933540117177515,18.86179946414079,32.6785178267685,17.37984858086249,32698,28.775460272799556,32.71759740656921,16.719677044467552,21.78726527616368
11207,2022,2022_11207,34831,52569,71269,24509,1476,9925,632600,65333,9.364333491497405,9.698008663309508,35.97722437359374,16.927127179220303,8.850045153291598,13.769458007438814,5.41380313164863,96801,18.171299883265668,17.28597845063584,32.97693205648702,22.884061115071127,34831,33.763027188424104,23.197726163475068,18.819442450690477,24.21980419741035
11208,2022,2022_11208,34321,56298,76161,24368,1506,9513,621500,69606,8.78228888314226,8.963307760825217,49.17392178835158,11.843806568399277,5.873056920380427,10.938712179984485,4.42490589891676,108180,21.892216675910518,14.036790534294694,32.2980218154927,22.8776113884267,34321,23.591969930946068,20.27330205996329,20.6083738818799,35.526354127210745
11209,2022,2022_11209,30179,88546,122020,18693,1801,10920,935000,52698,5.947094766404797,4.616873505635888,17.35170215188432,13.222513188356292,6.051463053626324,29.891077460245167,22.919275873847205,71812,15.930485155684288,11.713919679162256,35.73636718097254,28.18609703113686,30179,37.0489413168097,29.78561251201166,11.779714370920177,21.38573180025846
11210,2022,2022_11210,21652,82904,114070,11924,1695,9404,799700,42996,4.714392036468508,6.202902595590287,23.141687598846406,18.229602753744533,8.814773467299283,23.913852451390827,14.982789096660154,63426,20.138429035411345,13.631633714880333,31.26635764512976,27.2143915744332,21652,26.88435248475891,26.533345649362644,18.08147053389987,28.50083133197857
11211,2022,2022_11211,26822,94824,141026,22575,2267,3976,1138900,45303,8.434320022956538,7.540339491865882,17.407235723903494,9.829371123325163,4.3794009226762025,35.85855241374743,16.550780301525286,65511,15.27529727831967,23.099937415090597,37.935613866373586,14.70745371006396,26822,32.54418015062262,36.79442248900157,15.356796659458654,15.304600700917156
11212,2022,2022_11212,32091,35840,53831,26994,1150,4632,565200,57864,8.100027651043828,15.672957279137286,36.058689340522605,17.195492879856214,7.230747960735517,11.521844324623256,4.220240564081294,84006,18.143942099373856,14.071613932338167,31.746541913672832,27.617074970835418,32091,40.29790283880216,22.099654108628588,16.91751581440279,20.684927238166466
11213,2022,2022_11213,26281,54211,84408,21533,1550,4204,1100100,45911,7.645226634139966,9.967110278582474,24.628084772712423,18.33547515845876,7.540676526322668,19.171876020997143,12.711550608786563,69131,18.537269821064356,17.074828947939416,33.2166466563481,22.652644978374394,26281,33.79627868041551,28.442601118678894,16.258894258209352,21.502225942696242
11214,2022,2022_11214,31366,60152,89337,20115,1666,10564,947700,64450,16.449961210240495,7.556245151280063,26.29480217222653,10.276183087664856,7.394879751745539,20.377036462373933,11.65089216446858,90796,17.45671615489669,11.643684743821314,33.436494999779725,28.7655843869774,31366,24.475546770388316,25.801823630682907,19.415928074985654,30.306701523943126
11215,2022,2022_11215,29465,173899,236543,17174,2673,11906,1597400,53202,2.417202360813503,2.1559339874440813,6.370061275891883,5.635126499003797,3.858877485808805,37.23168301943536,42.33111537160257,72014,15.36784514122254,10.061932402032937,46.210459077401616,19.521204210292442,29465,26.024096385542165,35.74749703037502,18.985236721534022,19.243169862548786
11216,2022,2022_11216,26311,92684,127418,19439,2048,6658,1360500,48194,4.048221770344856,5.475785367473129,18.74714694775283,11.318836369672573,5.953023197908453,33.70129061708926,20.75569572975889,62373,11.577124717425807,20.544145704070672,43.08755390954419,18.455100764753983,26311,33.78434875147277,35.817718824826116,14.66686937022538,15.731063053475733
11217,2022,2022_11217,18912,152735,224818,13171,2651,5561,1603300,33129,3.863684385281777,4.21684928612394,7.778683328805578,8.21636632557578,4.219867789549942,37.05514805759304,34.64940082706994,43045,10.62376582646068,15.35834591706354,45.25496573353468,18.51086072714601,18912,34.98836717428088,36.40545685279188,14.794839255499154,13.811336717428087
11218,2022,2022_11218,26048,87759,138411,15708,1879,9884,920900,48645,7.332716620413198,7.067530064754857,19.10576626580327,11.15839243498818,5.536026313084593,25.73954157672936,24.06002672422654,73318,22.10371259445157,11.473308055320658,35.493330423634035,22.96843885539704,26048,27.70654176904177,28.1365171990172,14.49247542997543,29.6644656019656
11219,2022,2022_11219,24031,51194,77462,16954,1627,6470,1055800,47448,17.690945877592313,12.419912325071657,36.7370595177879,9.614736132186817,3.3531444950261333,14.177626032709492,6.006575619625695,92283,28.76586153462718,13.203948722950058,25.445640042044584,17.666309071009827,24031,16.549456951437726,22.533394365611088,15.48416628521493,45.432982397736254
11220,2022,2022_11220,27907,62804,85180,19690,1641,7685,978800,62775,22.569494225408203,15.351652727996814,25.052966945440065,7.415372361608921,4.756670649143768,15.647949024293109,9.20589406610912,93008,21.014321348701188,12.149492516772751,36.87532255289867,22.504515740581457,27907,20.23506647077794,21.220482316264736,16.870319274733937,41.67413193822338
11221,2022,2022_11221,35245,77600,104627,27117,1937,7467,1082200,65129,7.431405364737674,8.03482319703972,24.23805063796465,13.61298346358765,5.892920204517189,26.48436180503309,14.305455327120024,91236,14.02626156341795,24.598842562146523,37.08294971283266,18.01920294620545,35245,29.00836998155767,32.594694282877,18.011065399347427,20.385870336217906
11222,2022,2022_11222,19108,126250,153168,15291,2479,3508,1242800,32781,3.709465849119917,3.2091760471004545,12.873310759281292,11.110094261920016,4.331777554070956,41.75589518318538,23.010280345321984,40137,7.145526571492638,17.049106809178564,51.645613772828064,16.54832199715973,19108,33.111785639522715,41.88298095038727,15.11408833996232,9.891145070127696
11223,2022,2022_11223,26748,61356,94988,16667,1596,9623,1037900,52591,13.656329029681883,9.102317887090946,27.320263923485005,10.68814055636896,5.662565838261299,20.547241923523035,13.023140841588866,80113,20.463595171819804,11.45756618775979,31.175963950919325,25.80729719271529,26748,23.57933303424555,27.041274113952447,17.578884402572154,31.80050844922985
11224,2022,2022_11224,19486,40467,67767,13394,925,5838,500700,35071,7.906817598585726,9.842890137150352,30.35841578512161,9.951241766701834,8.057939608223318,18.59370990276867,15.28898520144849,47893,16.74148622972042,11.093479214081391,24.512976844215228,38.51711106007141,19486,33.97824078825823,31.94601252181053,17.817920558349584,16.25782613158165
11225,2022,2022_11225,24873,82716,107973,19947,1730,4505,1170800,43978,4.950202373914229,6.516894811041885,20.066851607621995,15.516849333757786,6.564645959343308,30.249215516849333,16.135340397471463,58476,13.461933100759286,18.409261919419933,37.09214036527806,23.929475340310557,24873,36.43308004663692,29.280746190648493,17.09082137257267,17.19535239014192
11226,2022,2022_11226,38458,75947,99788,32454,1672,5427,807000,73611,6.083329937101792,7.811332545407616,29.551289888739458,16.189156511934357,5.4624988113189605,22.0238823001997,12.87851000529812,101053,15.103955350162785,17.229572600516562,38.03845506813256,22.64554243812653,38458,30.672421862811376,29.707733111446256,18.188673357948932,21.431171667793436
11228,2022,2022_11228,15474,83980,118610,6405,1732,8700,1122100,32687,13.47324624468443,5.485361152751858,27.79392419004497,9.58179092605623,5.98708966867562,23.991189157769146,13.687398660017744,44196,15.232147705674722,11.967146348085798,34.30174676441307,30.916825052040906,15474,21.81724182499677,25.50084011890914,22.334238076773943,30.34767997932015
11229,2022,2022_11229,30751,72799,104211,15331,1586,14866,809600,57942,7.4574574574574575,5.327741534638086,26.57139898519209,11.637499568534052,7.616236926581754,24.453764108936525,16.93590141866004,81109,18.038688678198476,10.746033115930414,30.028726775080447,32.60920489711376,30751,28.743780690058863,29.234821631816853,17.901856850183734,24.119540827940554
11230,2022,2022_11230,31897,65051,95988,21297,1680,9641,859100,59193,8.543239910124507,8.691906137550049,20.286182487794164,12.070684033585051,7.823560218269051,23.71226327437366,18.872163938303515,90245,20.688126766025817,11.763532605684524,30.66762701534711,25.547121724195243,31897,30.18152177320751,25.930338276326925,16.393391228015176,27.494748722450385
11231,2022,2022_11231,16498,130396,204514,11228,2309,5058,1836600,27887,4.636569010650124,5.224656650051996,10.77921612220748,7.236346684835228,3.0695306056585507,35.912790906156985,33.140890020439635,38829,16.098792139895437,10.571995158258003,43.740503232120325,20.744804141234642,16498,31.682628197357253,33.14947266335314,16.38986543823494,18.77803370105467
11232,2022,2022_11232,9589,79599,114279,7275,1865,2170,837000,20295,17.107661985710767,13.899975363389997,19.32495688593249,10.88938162108894,5.001231830500124,19.019462921901948,14.757329391475732,28137,16.703984077904536,14.653303479404343,44.30465223726765,18.267761310729647,9589,25.112107623318387,31.285848367921577,15.152779226196683,28.449264782563354
11233,2022,2022_11233,32516,57812,84738,24064,1510,8023,992800,58249,6.1734965407131455,8.705728853714227,32.570516232038315,15.033734484712182,6.420711085168844,18.309327198750196,12.786485604903088,83125,15.4009022556391,18.01624060150376,35.74255639097745,22.51308270676692,32516,32.322548899003564,29.551605363513346,18.67388362652233,19.451962110960757
11234,2022,2022_11234,32606,91379,120818,9613,1732,22285,715400,63718,5.957500235412285,5.522772215072664,27.63897171913745,14.84666813145422,8.157820396120405,21.71442920367871,16.161838099124264,89976,18.28487596692451,10.697297056992976,31.596203432026318,31.849604338934828,32606,23.964914432926456,31.181377660553274,17.272894559283568,27.580813347236706
11235,2022,2022_11235,34769,61320,94910,21120,1595,13076,727200,63558,5.689291670600081,4.734258472576229,21.347430693225085,10.326001447496774,8.255451713395638,28.33946946096479,21.3080965417414,83069,13.49962079716862,10.351635387448988,31.239090394732088,35.55959503545245,34769,32.29601081423107,33.74557795737582,16.485950127987575,17.472461100405535
11236,2022,2022_11236,33986,79885,102387,16315,1608,17127,676300,69911,6.647022643074767,5.22235413597288,31.718899743960176,18.21029594770494,9.766703380011728,18.835376407146228,9.59934774212928,100082,18.125137387342377,13.608840750584521,31.64505105813233,29.039187865949923,33986,24.739598658271053,27.767315953627964,19.352086153121874,28.14099923497911
11237,2022,2022_11237,17513,79136,94875,15443,1998,1908,949700,34954,12.244664416089718,11.426446186416433,20.618527207186588,11.354923613892543,4.949362018653087,29.49018710304972,9.915889454711907,47183,13.46883411398173,25.63635207595956,39.96778500731196,16.13716804781383,17513,23.616741848912238,34.93975903614458,22.81733569348484,18.626163421458344
11238,2022,2022_11238,26492,125747,173287,18382,2368,7650,1145100,45762,2.388444560989468,4.6457759713299245,10.423495476596305,7.986976093702198,4.123508587911368,37.99877627726061,32.43302303221013,58047,9.814460695643186,15.664892242493153,46.626009957448275,18.74687753027719,26492,36.47516231315114,35.67869545523177,15.174392269364336,12.671749962252758
11239,2022,2022_11239,8367,38670,61506,7505,1018,845,467600,12188,8.040695766327536,5.4725959960617,39.186084673449294,13.299967180833608,9.599606170003282,14.70298654414178,9.698063669182805,16808,19.324131366016182,10.001189909566873,27.546406473108043,33.769633507853406,8367,46.002151308712804,25.206167084976695,19.720329867335963,9.071351738974542
11354,2022,2022_11354,20980,56854,84204,12020,1707,8015,513300,43024,12.293138713276312,9.294812197843063,28.25167348456675,10.322145779100037,9.503997768687244,19.498419486798067,10.835812569728525,53371,10.453242397556725,11.393828108898092,33.3945401060501,36.55730640235334,20980,30.34318398474738,30.762631077216398,21.334604385128696,17.55958055290753
11355,2022,2022_11355,29690,52658,77413,19170,1625,8671,718600,62791,17.042251278049402,13.589527161535887,28.462677772292206,9.82624898472711,8.292589702345877,14.207450112277236,8.579254988772277,79495,12.27498584816655,9.584250581797598,36.70419523240455,33.68513743002705,29690,27.68945772987538,28.02627147187605,19.01987201077804,25.264398787470526
11356,2022,2022_11356,8391,86717,103917,3928,2034,4275,856500,19162,14.763594614340883,7.405281285878301,30.336081828619143,12.926625613192776,11.105312597849911,15.259367498173468,8.203736561945517,27632,17.990011580775914,10.965547191661841,34.01129125651419,28.267950202663577,8391,14.789655583363126,25.920629245620308,21.761411035633415,37.52830413538315
11357,2022,2022_11357,15508,95987,126065,3466,2184,11685,906800,31777,10.136262076344526,4.899770274097618,25.42719577052585,15.215407370110457,7.584101708783082,21.9718664442836,14.765396355854865,42792,16.961114226958312,8.760983361375958,29.856047859412975,35.443540848756776,15508,26.147794686613363,29.687903017797268,18.59685323703895,25.567449058550423
11358,2022,2022_11358,13179,84020,109224,4980,1939,7854,938200,28351,9.5516912983669,7.579979542167825,25.11022538887517,12.708546435751824,9.121371380198228,21.554795245317628,14.373390709322424,37647,14.657210401891252,10.850798204372193,34.06645947884294,32.671926049884455,13179,22.824189999241216,29.41801350633584,20.350557705440472,27.407238788982475
11359,2022,2022_11359,0,-666666666,-666666666,0,-666666666,0,-666666666,0,,,,,,,,0,0.0,0.0,0.0,0.0,0,,,,
11360,2022,2022_11360,8692,100016,134122,1993,2145,6495,679500,15729,7.0252400025430735,4.533028164536843,17.629855680589994,12.728081886960393,6.637421323669655,24.99205289592473,26.45432004577532,19719,11.542167452710583,9.787514579846848,28.799634869922407,39.44926213296821,8692,37.64381040036815,32.89231477220433,12.091578462954441,17.372296364473076
11361,2022,2022_11361,10886,102343,127417,3708,2302,6751,870100,22121,7.047601826318882,5.257447674155779,18.44853306812531,14.212739026264634,8.308846797161069,25.20681705167036,21.518014556303964,29544,14.172082317898727,12.638776062821554,32.00649878147847,31.627403195234226,10886,24.104354216424767,33.96105089105273,19.658276685651295,22.27631820687121
11362,2022,2022_11362,7164,113688,128688,1608,2426,5398,669000,14748,4.0751288310279365,4.183618117710876,16.151342554922703,13.812042310821807,9.01139137510171,30.926227285055603,21.84024952535937,18426,13.193313795723434,8.585694127862803,32.834038858135244,38.082057961576034,7164,27.247347850362925,32.509771077610274,17.3785594639866,22.8643216080402
11363,2022,2022_11363,2855,112625,155429,798,2334,2031,986000,5458,6.540857456943935,4.635397581531697,9.160864785635765,16.39794796628802,6.888970318798095,28.728471967753755,27.64748992304873,7365,17.718940936863543,8.228105906313646,32.17922606924644,34.663951120162935,2855,23.817863397548162,30.2276707530648,26.304728546409805,19.649737302977233
11364,2022,2022_11364,13822,100577,121275,3735,2268,9690,758300,27737,8.872625013519848,4.315535205681941,19.61639687060605,11.389119227025272,7.834300753506147,28.283520207664854,19.68850272199589,38124,16.973559962228517,9.781240163676424,32.454621760570774,33.21005141118456,13822,25.271306612646505,26.84850238749819,22.26161192302127,25.61857907683403
11365,2022,2022_11365,16361,82655,103325,8009,1708,7838,885800,32872,9.390971039182284,4.709174981747384,22.347286444390363,16.07447067412996,9.661718179605744,23.14431735215381,14.67206132879046,46424,18.096243322419436,10.457952783043254,31.257539203860073,32.29148716181286,16361,22.932583582910578,26.563168510482242,21.88130309883259,28.622944807774587
11366,2022,2022_11366,4640,114881,128237,1368,2022,3174,928200,9789,8.19286954745122,5.220145060782511,17.09061191132904,11.073654101542548,6.599244049443252,30.615997548268464,21.20747778118296,13659,13.66132220513947,14.569148546745737,28.15725895014276,35.127022476023136,4640,18.663793103448274,33.512931034482754,21.637931034482758,26.185344827586203
11367,2022,2022_11367,14647,76888,101917,7521,1711,6927,631500,28346,9.53926479926621,5.648063218796303,22.88506314823961,9.740351372327666,7.990545403231497,25.460382417272275,18.73632964086644,43286,19.214064593633044,13.232915954350137,29.864159312479785,26.17474472115696,14647,24.796886734484875,28.70895063835598,17.990032088482284,28.504130538676865
11368,2022,2022_11368,30123,69391,85754,23089,1884,6617,797200,75326,25.912699466319733,9.689881315880308,32.00090274274487,12.204285372912407,6.539574648859624,10.542176672065422,3.110479781217641,112750,20.18536585365854,14.526829268292683,38.40975609756097,18.627937915742795,30123,15.954586196593965,21.963283869468512,17.209441290708096,44.872688643229424
11369,2022,2022_11369,9736,72342,89135,4196,1888,5477,704400,23134,11.247514480850697,9.747557707270683,34.51629636033544,14.511109189936889,8.282182069680989,14.411688423964728,7.283651767960578,32177,17.68654629082885,13.239270286229294,34.574385430587064,28.181620412095597,9736,22.093262119967132,23.654478225143798,21.353738701725554,32.89852095316352
11370,2022,2022_11370,8140,71618,99134,3917,2044,4012,844700,21254,11.818951726733792,12.891690975816315,34.115931118848216,9.649948245036228,6.6481603462877565,16.547473416768607,8.32784417050908,28164,14.4049140747053,13.985939497230508,40.24641386166737,23.846044595938075,8140,24.63144963144963,27.063882063882065,20.061425061425062,28.243243243243242
11371,2022,2022_11371,0,-666666666,-666666666,0,-666666666,0,-666666666,0,,,,,,,,0,0.0,0.0,0.0,0.0,0,,,,
11372,2022,2022_11372,25359,73089,100131,16010,1760,8982,428800,50209,11.74490629170069,6.907128204106834,28.010914377900377,11.878348503256388,7.313429863171941,18.19394929195961,15.95132346790416,67001,14.769928807032732,11.002820853420099,40.07402874583961,27.186161400576115,25359,27.867818131629797,31.002799794944597,17.72151898734177,23.407863086083836
11373,2022,2022_11373,32644,67489,85161,23058,1835,9001,659200,72670,17.174900233934224,8.233108573001239,27.539562405394246,9.31058208339067,7.311132516857024,22.208614283748453,8.222099903674144,102618,18.23461770839424,13.154612251261963,38.2778849714475,23.8681322964782,32644,20.818527141281706,26.46121798799167,19.81987501531675,32.90037985540988
11374,2022,2022_11374,19800,86006,107971,11406,1953,7960,481200,35610,5.214827295703453,4.310586913788262,18.08761583824768,10.887391182252175,9.281100814377984,30.780679584386405,21.437798371244032,47230,14.562777895405464,12.951513868304044,33.97205166207919,29.89836968028795,19800,32.90909090909091,30.626262626262623,18.17676767676768,18.28787878787879
11375,2022,2022_11375,33312,103995,144354,15231,2046,17601,559400,58743,3.8404575864358304,2.2538855693444324,13.317331426723184,12.178472328617875,6.16243637539792,32.94860664249357,29.29881007098718,75212,13.33164920491411,9.547678561931606,35.68446524490773,32.93623357974792,33312,35.482708933717575,36.23919308357348,14.883525456292027,13.394572526416907
11377,2022,2022_11377,33239,72273,98608,22404,1743,10186,645900,65544,11.912608324179178,6.565055535212987,31.439948736726475,10.222140851946785,7.814597827413645,21.51379226168681,10.531856462834128,86977,14.469342469848353,11.421410257884268,41.0510824700783,25.294043252813964,33239,33.755528144649354,27.729474412587624,14.067811907698788,24.447185535064232
11378,2022,2022_11378,12818,90572,110310,5775,1931,6660,815800,26947,7.503618213530264,7.421976472334582,32.760604148884845,17.11136675696738,8.156752143095707,18.792444427951164,8.253237837236057,39250,18.285350318471338,12.937579617834395,34.853503184713375,26.26496815286624,12818,21.251365267592448,27.06350444687159,20.65844905601498,31.026681229520985
11379,2022,2022_11379,13810,89500,114711,5490,1881,8022,863900,28619,7.051259652678291,6.974387644571787,27.26160942031517,16.087214787379015,6.6564170655858,21.7512841119536,14.217827317516337,38261,16.672329526149344,9.950079715637333,33.45443140534748,31.8365960116045,13810,23.98262128892107,32.00579290369298,18.283852280955827,25.727733526430125
11385,2022,2022_11385,37167,85127,104776,25335,1857,11181,834400,74477,9.159874860695249,6.7134820145816825,29.24795574472656,13.731756112625373,8.07766155994468,22.33575466251326,10.733515044913194,105521,16.29249154196795,16.115275632338587,38.173444148558104,22.079965125425268,37167,22.03567681007345,31.016762181505097,19.667985040492912,27.279575967928537
11411,2022,2022_11411,6602,117018,130644,889,1650,5674,591400,16130,2.96342219466832,4.513329200247985,27.334159950402974,23.3230006199628,9.392436453812772,18.15871047737136,14.314941103533789,21329,14.00909559754325,11.824276806226266,32.55661306202823,34.4835669745417,6602,19.600121175401394,24.628900333232355,20.58467131172372,35.18630717964253
11412,2022,2022_11412,11753,96094,116394,2847,1554,8768,597500,28976,3.979155162893429,6.657233572611816,32.11968525676422,23.108779679734955,8.938431805632248,16.102981778023192,9.093732744340144,40593,16.593994038381002,14.224127312590841,33.72502648239844,28.33493459463454,11753,20.63302986471539,23.440823619501405,17.689100655151876,38.23704586063133
11413,2022,2022_11413,13512,111065,125373,3413,1970,9886,612700,31498,3.384341862975427,4.892374118991682,31.094037716680425,23.382436980125725,8.613245285414948,16.53120833068766,12.102355705124134,44832,17.819860813704494,13.588508208422557,34.15640613847252,27.32869379014989,13512,17.014505624629958,26.073120189461218,22.57992895204263,34.332445233866196
11414,2022,2022_11414,11401,95370,129067,2331,1978,8799,596300,22440,6.510695187165775,5.877896613190731,29.26916221033868,19.558823529411764,7.598039215686274,17.972370766488414,13.213012477718362,30374,15.924804108777245,7.894910120497793,30.697306907223286,33.360769078817405,11401,30.479782475221473,30.286816945881938,13.419875449521973,25.813525129374614
11415,2022,2022_11415,8588,88306,120616,4874,1863,3613,373500,15411,6.774381934981506,4.996431120628123,16.390889624294335,12.685743949127245,8.331711115437026,27.67503731101161,23.145804944520147,20315,13.251292148658624,13.108540487324637,36.99237016982525,28.717696283534334,8588,37.040055891942245,31.625523986958548,15.125756870051235,16.208663251047977
11416,2022,2022_11416,7485,84085,121191,3635,1840,3691,724200,18580,12.96555435952637,10.096878363832078,29.192680301399356,13.789020452099033,8.353067814854683,18.719052744886973,6.883745963401506,27794,19.583363315823558,16.114988846513636,32.15801971648557,24.537670000719583,7485,14.21509686038744,23.27321309285237,20.334001336005343,42.17768871075484
11417,2022,2022_11417,9377,84419,104714,3906,1847,5321,669800,21094,11.86593344078885,9.225372143737555,27.339527827818337,17.46468190006637,8.030719635915426,16.189437754811795,9.884327296861668,31200,19.451923076923077,15.131410256410255,31.57692307692308,25.80448717948718,9377,17.84152714087661,24.261490881945186,20.46496747360563,37.43201450357257
11418,2022,2022_11418,11681,79101,100978,5515,1775,5739,729400,26371,11.22065905729779,8.759622312388608,28.79299230215009,15.2819384930416,6.006598157066474,18.342118235941,11.596071442114445,38317,18.04160033405538,14.513140381553878,30.555628050212697,29.088916146879978,11681,20.794452529749165,24.672545158804894,18.29466655252119,36.23833575892475
11419,2022,2022_11419,12908,90818,108546,4704,1868,8089,654700,35168,16.728275705186533,9.704845313921746,32.6404686078253,14.115104640582349,6.722020018198362,13.600432211101,6.488853503184713,48096,15.452428476380572,15.92440119760479,32.990269461077844,30.68238522954092,12908,13.766656337155252,19.499535171986366,21.82367524016114,44.91013325069724
11420,2022,2022_11420,13836,97919,116128,3765,1969,9940,654700,37248,12.830219072164947,9.047465635738831,32.38831615120275,16.3525558419244,7.949420103092783,14.7632087628866,6.668814432989691,51153,15.430180048091021,15.11152816061619,33.59529255371142,30.121400504369248,13836,10.479907487713213,21.220005782017925,21.313963573287076,46.98612315698178
11421,2022,2022_11421,11840,81324,108437,5207,1903,6164,665300,29130,12.629591486440097,8.462066598008926,29.01132852729145,14.874699622382424,8.558187435633368,18.561620322691383,7.902506007552351,41552,16.91615325375433,14.213515594917212,35.199268386599925,26.537832113977668,11840,14.493243243243242,23.319256756756758,18.91891891891892,43.26858108108108
11422,2022,2022_11422,10019,101416,119487,2997,2115,6916,599100,23843,4.538019544520404,6.2701841211256975,27.58042192677096,22.38812230004613,9.336073480686157,19.146080610661407,10.741098016189238,32296,16.52836264552886,12.890141193955907,33.41280653950953,31.443522417636856,10019,20.900289450044916,23.325681205709152,22.367501746681306,33.406527597564626
11423,2022,2022_11423,9946,79500,103394,3952,1662,5768,678700,22020,8.201634877384196,6.884650317892825,25.481380563124432,15.853769300635786,9.064486830154406,22.59763851044505,11.916439600363306,29921,15.306975034256876,14.374519568196249,30.96153203435714,32.59917783496541,9946,23.426503116830887,25.51779609893424,20.16891212547758,30.88678865875729
11424,2022,2022_11424,0,-666666666,-666666666,0,-666666666,0,-666666666,0,,,,,,,,0,0.0,0.0,0.0,0.0,0,,,,
11426,2022,2022_11426,6108,112325,129673,1680,2131,4326,653300,14645,5.612837145783544,6.104472516217139,22.294298395356776,15.575281666097643,8.00955957664732,26.88972345510413,15.513827244793449,19733,13.150559975675263,12.36507373435362,30.269092383317286,35.28100136826635,6108,16.240995415848065,30.09168303863785,18.729535036018337,34.937786509495744
11427,2022,2022_11427,8046,84691,107138,2820,1665,5087,678400,18763,8.88983638010979,7.813249480360283,22.76288440014923,15.274742844960826,10.605979853967916,20.748281191707083,13.90502584874487,25187,13.693572080835352,11.835470679318696,28.653670544328428,36.4434033429944,8046,23.70121799652001,27.566492667163807,21.377081779766343,27.35520755654984
11428,2022,2022_11428,6153,89593,110985,1478,1763,4565,645300,14561,10.672343932422224,7.252249158711627,29.997939701943547,15.280543918686904,9.470503399491792,18.61135910995124,8.715060778792665,19554,13.388564999488596,12.912958985373837,32.66339367904265,34.17715045514984,6153,15.56964082561352,23.744514870794735,23.858280513570616,36.82756379002113
11429,2022,2022_11429,8038,95721,117648,2062,1452,5820,609200,19662,6.667683857186452,8.32061845183603,31.4108432509409,18.970603193978235,7.369545315837657,17.058285016783646,10.202420913437086,27845,16.132160172382832,16.311725623989947,32.40797270605135,27.92961034297001,8038,18.69868126399602,26.623538193580494,17.467031599900473,37.21074894252301
11430,2022,2022_11430,0,-666666666,-666666666,0,-666666666,0,-666666666,200,0.0,8.5,32.5,40.5,9.5,6.0,3.0,332,22.590361445783135,33.433734939759034,36.74698795180723,7.228915662650602,0,,,,
11432,2022,2022_11432,20036,72001,103895,11751,1768,8050,781100,44701,11.239122167289322,7.832039551687882,22.068857519965995,14.348672289210532,7.682154761638442,23.65047761795038,13.178676092257444,64268,16.46698201282131,15.03547644239746,31.23482915292214,28.74058629489015,20036,20.967258933918945,20.907366739868237,21.336594130564983,36.78878019564784
11433,2022,2022_11433,10886,73118,91186,5606,1321,5100,586800,25282,11.972945178387786,9.908235107981964,33.81852701526778,19.658254884898348,7.273949845740052,12.629538802309945,4.7385491654141285,38865,20.19812170333205,14.704747201852566,32.21664736909816,23.86723272867619,10886,20.824912731949293,18.51001286055484,21.385265478596363,39.279808928899506
11434,2022,2022_11434,22986,71728,96344,11696,1375,11074,551800,46920,5.078857630008525,7.902813299232736,31.05285592497869,25.19181585677749,8.667945439045182,14.347826086956522,7.757885763000852,68182,18.978616057023846,12.633832976445397,32.884045642544955,27.250593998416004,22986,29.857304446184635,22.91394762029061,21.12155224919516,26.107195684329593
11435,2022,2022_11435,19350,76915,100007,12147,1775,6813,525000,41895,11.555078171619524,8.027210884353742,21.8999880654016,17.13808330349684,7.993794008831603,20.816326530612244,12.569519035684449,59961,16.37897967011891,15.026433848668301,34.89601574356665,24.26744050299361,19350,26.351421188630493,23.602067183462534,17.24547803617571,32.80103359173127
11436,2022,2022_11436,6136,87685,110683,1885,2018,4151,573500,14882,6.645612148904717,8.560677328316087,36.22496976212874,19.18424942884021,6.867356538099719,14.944227926353983,7.572906867356538,21349,18.595718769028995,17.129607944166004,32.85399784533234,25.626493044170683,6136,18.77444589308996,23.093220338983052,22.702086049543677,35.43024771838331
11451,2022,2022_11451,0,-666666666,-666666666,0,-666666666,0,-666666666,0,,,,,,,,0,0.0,0.0,0.0,0.0,0,,,,
11691,2022,2022_11691,21687,59153,92048,15282,1424,6096,632300,43301,10.992817717835615,9.186854807048336,28.532828341146853,17.295212581695573,8.893559040206924,14.115147456178844,10.983580055887856,70365,23.875506288637816,13.090314787181127,28.421800611099265,24.026149364030413,21687,28.238114999769447,22.658735648084104,18.988334024991932,30.114815327154513
11692,2022,2022_11692,8128,57687,88642,5005,1305,2919,591800,15490,8.231116849580374,7.74693350548741,28.50871530019367,17.06907682375726,9.819238218205294,16.17172369270497,12.453195610071012,24584,23.65766352098926,11.243084933289945,33.14350797266515,23.856980149690855,8128,29.318405511811026,26.402559055118108,17.64271653543307,26.636318897637796
11693,2022,2022_11693,5274,72714,94702,2823,1137,2377,458800,9683,6.65083135391924,7.714551275431168,27.9252297841578,13.69410306723123,8.323866570277806,22.2658267065992,13.425591242383556,13558,18.173771942764418,13.05502286472931,28.08673845699956,33.648030682991596,5274,27.853621539628364,36.935912021236255,15.510049298445203,19.70041714069018
11694,2022,2022_11694,7994,100190,124327,3586,1688,4201,810500,15723,4.674680404502958,5.762259110856706,24.365579087960317,16.631686065000316,5.253450359346181,22.234942441009984,21.07740253132354,21788,17.785019276666056,7.426106113456948,33.761703690104646,32.003855333210936,7994,33.17488116087065,30.78558919189392,17.00025018764073,19.039279459594695
11697,2022,2022_11697,1533,134563,160188,48,-666666666,1485,660700,2916,0.8573388203017833,5.795610425240055,12.517146776406037,18.964334705075444,9.396433470507544,26.74897119341564,25.720164609053494,3946,13.583375570197669,15.433350228079068,20.17232640648758,42.4227065382666,1533,32.87671232876712,31.05022831050228,9.328114807566863,26.74494455316373
10001,2021,2021_10001,14273,101409,170154,10279,2269,3780,467800,21296,3.160217881292261,4.061795642374155,8.316115702479339,8.353681442524417,2.967693463561232,43.68425995492111,29.45623591284748,26966,10.086775940072684,20.622265074538305,43.48809612104131,19.465252540235856,14273,55.811672388425706,29.040846353254395,8.897919148041757,6.249562110278148
10002,2021,2021_10002,34737,37093,76115,28698,1047,5850,719500,60747,17.43625199598334,14.789207697499466,17.921872685070866,9.452318633018916,4.023243946203105,25.518955668592685,10.85814937363162,76807,11.656489642871094,15.898290520395278,33.006106214277345,32.497038030387856,34737,43.93298212280853,31.82197656677318,13.147364481676599,11.097676828741687
10003,2021,2021_10003,25181,137533,222765,15774,2478,9245,972900,37589,2.61246641304637,1.005613344329458,5.094575540716699,5.850115725345181,3.067386735481125,43.92242411343744,38.44741812764372,54447,16.73003103935938,25.235550168053337,31.862177897772142,21.96264256983856,25181,53.302092847782056,33.711925658234385,7.640681466184822,5.345300027798737
10004,2021,2021_10004,2113,216017,317203,1217,3501,864,1722600,3624,0.3311258278145695,0.0275938189845474,0.6070640176600441,1.6004415011037527,0.8830022075055187,53.17328918322296,43.377483443708606,4795,9.217935349322211,14.994786235662149,49.36392075078207,13.597497393117832,2113,36.53573118788452,30.05205868433507,18.173213440605775,15.238996687174634
10005,2021,2021_10005,4782,197188,225528,3915,3501,795,1237900,6829,0.0878605945233562,0.0,5.41806999560697,1.0543271342802754,0.7614584858690877,57.695123737003954,34.98316005271636,8637,5.9511404422832,37.03832349195322,45.91872177839528,5.279610976033345,4782,52.593057298201586,31.994981179422837,5.520702634880803,9.891258887494772
10006,2021,2021_10006,1991,200536,222594,1623,3398,348,931900,2924,0.0,0.0,3.4541723666210675,5.779753761969904,1.8467852257181945,36.9015047879617,52.017783857729135,3894,16.38418079096045,21.545968156137647,53.877760657421675,4.725218284540318,1991,44.751381215469614,42.24008036162733,9.090909090909092,3.917629331993973
10007,2021,2021_10007,3246,250001,444574,2197,3501,1018,2000001,6083,1.0521124445175078,2.87686996547756,5.671543646227191,2.7124773960217,0.9370376458984052,54.10159460792372,32.64836429393391,8194,11.056870881132536,14.766902611667074,54.55211130095192,9.482548206004394,3246,34.71965495995071,33.857054836722114,8.410351201478743,23.01293900184843
10009,2021,2021_10009,29407,77551,122290,26275,1740,2765,626300,47484,6.159969673995451,5.452362901187769,11.570213124420857,9.923342599612502,4.483615533653442,37.894869850897145,24.51562631623284,60000,8.934999999999999,21.933333333333334,35.95666666666666,27.908333333333335,29407,47.420682150508384,30.09487536980991,13.9626619512361,8.521780528445607
10010,2021,2021_10010,16207,131635,217670,11096,2513,4884,1028800,24661,1.3503102063987673,2.0072178743765456,8.519524755687117,7.46522849843883,1.922063176675723,39.50772474757714,39.22793074084587,33193,13.195553279305877,19.660771849486338,36.805953062392675,23.459765613231706,16207,48.361818967112974,34.102548281606715,8.42228666625532,9.11334608502499
10011,2021,2021_10011,29222,139343,220009,17932,2301,11017,1042400,43115,2.124550620433724,1.5586222892264874,6.767946190420967,7.765278905253393,2.834280412849356,39.32274150527659,39.62658007653948,51867,8.895829718318005,15.067383885707677,39.23496635625735,32.57948213700426,29222,59.51338032988844,26.746971459859008,8.298542194237218,5.441106016015331
10012,2021,2021_10012,11964,117581,194972,9520,2406,2359,2000001,17490,1.8238993710691824,2.195540308747856,5.09433962264151,6.214979988564894,2.1612349914236706,47.34133790737564,35.16866781017725,22269,6.0263146077506855,25.349140060173337,43.684045085095875,21.08761057972967,11964,55.40789033767971,29.663991975927782,9.754262788365095,5.1738548980274155
10013,2021,2021_10013,12334,137572,335135,8345,1951,3557,2000001,22119,8.079027080790272,6.84027306840273,6.97590306975903,6.25254306252543,1.8445680184456803,43.76328043763281,26.24440526244405,29563,12.055610053106923,17.91090214119,38.15242025504854,24.456245983154616,12334,32.625263499270304,33.24144640830225,15.761310199448678,18.371979892978757
10014,2021,2021_10014,17685,136559,227995,12006,2587,5242,1266100,25727,0.2682007229758619,0.6102538189450771,5.297936020523186,8.026586854277609,1.2788121428849069,46.138298285847554,38.379912154545806,29815,5.497232936441389,20.18447090390743,39.614288110011735,29.83733020291799,17685,58.416737348035056,30.35340684195646,6.581849024597116,4.648006785411366
10016,2021,2021_10016,30115,136431,198234,21283,2793,8458,883100,44420,1.4745610085547052,1.958577217469608,4.396668167492121,7.19945970283656,2.5168842863574965,42.633948671769474,39.81990094552004,56758,7.021036682053631,31.125127735297227,38.466824060044395,17.389619084534335,30115,53.020089656317445,32.68802922131828,8.796280923128009,5.495600199236261
10017,2021,2021_10017,9471,136112,195183,6398,2606,3010,801800,13417,2.4968323768353584,1.3639412685399122,4.457032123425505,6.476857717820675,0.223596929268838,41.10456883058807,43.877170753521646,15514,4.054402475183705,19.962614412788447,41.233724377981176,30.8044347041382,9471,57.343469538591485,34.4419807834442,4.286770140428677,3.9277795375356352
10018,2021,2021_10018,4535,130457,188857,3871,3291,633,667700,6894,2.727008993327531,4.4676530316217,6.890049318247751,5.425007252683493,2.3063533507397738,42.52973600232086,35.65419205105889,8063,6.412005457025921,24.680639960312536,46.806399603125385,17.164826987473646,4535,53.8037486218302,35.63395810363837,6.681367144432195,3.8809261300992284
10019,2021,2021_10019,26403,105538,179458,20212,2128,6016,907400,38542,1.7643090654351097,1.8966322453427429,9.415702350682372,7.80706761455036,4.447096673758497,38.49047792019096,36.17871413003996,43989,5.176294073518379,18.363681829548298,43.99736297710791,28.34799608993157,26403,58.92890959360678,30.265500132560696,6.847706699996213,3.9578835738363063
10020,2021,2021_10020,0,-666666666,-666666666,0,-666666666,0,-666666666,0,,,,,,,,0,0.0,0.0,0.0,0.0,0,,,,
10021,2021,2021_10021,21312,136060,240154,11266,2437,9695,1593100,33676,0.6770400285069486,1.327354792730728,6.339826582729541,9.903195153818745,2.984321178287207,36.78881102268678,41.97945124124005,42484,12.87308163073157,11.512569437906036,34.77073721871764,32.32040297523774,21312,45.72541291291291,30.302177177177175,11.866554054054054,12.105855855855856
10022,2021,2021_10022,18294,156255,274674,8889,2519,8989,1051500,28228,1.38869207878702,0.6589202210571063,6.383732464219924,5.9515374805158,2.706532520901233,34.72792971517642,48.1826555193425,33303,7.38672191694442,11.245233162177582,32.24934690568418,39.083566045101044,18294,49.743085164534826,36.13206515797529,9.893954301956926,4.2308953755329615
10023,2021,2021_10023,35480,136109,230171,21431,2399,13520,1337600,52962,0.8647709678637514,1.4859710735999394,5.881575469204335,7.849023828405271,1.8749291945168236,35.81813375627809,46.22559571013179,65891,11.62374224097373,10.14857871332959,37.62425824467681,33.29134479670972,35480,51.530439684329195,32.127959413754226,8.165163472378804,8.176437429537769
10024,2021,2021_10024,29475,153177,280261,18076,2543,11266,1641100,49815,2.4550838100973604,1.2666867409414837,5.060724681320887,5.747264880056209,2.748168222422965,34.8730302117836,47.849041453377495,63916,12.730771637774579,9.179235246260717,40.27160648350961,27.80524438325302,29475,42.68702290076336,31.745547073791347,9.32994062765055,16.23748939779474
10025,2021,2021_10025,41418,103440,187489,27098,1690,13365,1043600,73319,4.933236950858577,3.884395586410071,10.155621325986443,10.18017157899044,2.95694158403688,27.8127088476384,40.07692412607919,96918,12.707649765781381,19.105842052043997,31.01900575744444,29.974824078086634,41418,40.59104737070839,33.362306243662175,13.97942923366652,12.067217151962915
10026,2021,2021_10026,15034,65038,112171,11678,1415,3077,988900,28518,5.884003085770391,7.388316151202749,20.21179605862964,11.974893050003509,4.835542464408444,27.757907286625983,21.947541903359284,39401,14.956473185959748,18.4690743889749,39.78325423212608,19.6264054211822,15034,38.33311161367567,27.910070506851138,18.291871757350005,15.464946122123187
10027,2021,2021_10027,23638,58435,103558,19946,1353,3249,798600,42596,5.066203399380224,7.331674335618368,20.015963940276084,11.801577612921404,5.01690299558644,24.81453657620434,25.953141140013148,65840,18.171324422843256,23.983900364520046,32.66251518833536,18.19866342648846,23638,39.70725103646671,29.52872493442762,14.997038666553856,15.766985362551825
10028,2021,2021_10028,24790,149789,247394,15925,2570,8538,1405100,39152,1.0906211687780956,0.7253780138945648,5.3994687372292605,7.598590110339192,3.665202288516551,33.93440948099714,47.5863302002452,47793,10.790283095850857,13.631703387525368,38.78810704496475,28.715502270206937,24790,45.65550625252118,33.005244050020174,10.71803146430012,10.621218233158531
10029,2021,2021_10029,33024,33901,70923,30046,1038,2358,612400,56351,13.380419158488758,10.613831165374172,24.47693918475271,14.718461074337633,5.054036308140051,18.22327908998953,13.533034018917146,77661,15.849654266620313,15.957816664735194,34.99826167574458,25.53147654549903,33024,45.206516472868216,27.716206395348834,14.407703488372093,12.669573643410853
10030,2021,2021_10030,13111,42834,76965,11084,1106,1915,719300,23175,9.665587918015104,11.81445523193096,21.872707659115427,16.871628910463862,4.694714131607335,17.738942826321466,17.341963322545848,31611,13.814811299863972,15.858403720223972,38.119641896808076,23.10588086425611,13111,44.15376401494928,26.26801922050187,16.535733353672487,13.042483410876363
10031,2021,2021_10031,21473,57180,85279,17985,1620,2819,562100,46813,11.919765876999978,9.467455621301776,18.79392476448849,16.55736654348151,4.332129963898916,22.77358853309978,16.15576869672954,61801,13.435057685150724,19.519101632659662,39.98802608372033,21.76663808028996,21473,33.479253015414706,29.08769151958273,15.857122898523727,21.575932566478834
10032,2021,2021_10032,21959,55059,74843,19569,1375,2104,501900,46145,17.384331996966086,9.318452703434826,17.295481633979843,14.881352259183007,4.990789901397768,21.64914942030556,14.480442084732909,60529,11.102116340927488,21.86389994878488,36.681590642501945,24.45274166102199,21959,38.85878227605993,26.781729586957514,18.13379479939888,16.225693337583678
10033,2021,2021_10033,20079,71630,107765,16884,1541,2728,626200,45642,14.063800885149645,11.193637439200735,18.355900267297663,12.460014898558343,6.3143595810875945,21.705884930546425,15.90640199815959,60739,13.059154744068884,18.457663115955153,38.6473270880324,23.42975682839691,20079,28.880920364559987,31.361123561930377,16.265750286368842,23.492205787140794
10034,2021,2021_10034,15763,63851,81250,13993,1469,1464,425200,32131,12.7571504154866,9.977902959758488,18.12268525722822,15.856960567676076,5.169462512838069,22.862656001991848,15.253182285020698,43365,13.955955263461316,14.008993427879627,41.432030439294365,22.704946385333795,15763,35.21537778341686,29.290109750681975,14.007485884666623,21.487026581234538
10035,2021,2021_10035,14350,32555,66588,12817,971,1389,634500,26061,11.21215609531484,13.518284025939142,25.74728521545605,14.412340278577185,5.525497870381029,17.32473811442385,12.25969839990791,37042,16.065547216672968,15.417634037039036,36.50180875762648,22.43669348307327,14350,48.77351916376307,23.48432055749129,12.487804878048781,15.254355400696864
10036,2021,2021_10036,18598,98177,138231,16706,2196,1655,1173700,25667,4.001246737055364,3.272684770327658,10.199867534187868,10.332333346320176,4.784353449955195,39.09299879222348,28.31651536993026,30437,5.6017347307553305,18.59578802115846,47.632815323455006,24.043105430890034,18598,60.00107538444994,29.917195397354558,6.635122056135067,3.446607162060437
10037,2021,2021_10037,9922,48782,73954,9285,1350,617,-666666666,14546,5.431046335762408,7.617214354461707,25.429671387322976,12.704523580365738,5.121682936889867,25.202804894816445,18.49305651038086,19374,13.069061628987303,12.547744399710952,38.63425209043048,25.095488799421908,9922,54.434589800443455,27.494456762749447,9.232009675468655,8.83894376133844
10038,2021,2021_10038,10494,99924,148712,7419,2637,2999,797800,17077,10.517069742929086,7.589155003806288,9.88464015927856,6.505826550330854,3.396381097382444,40.334953446155644,21.771974000117115,23356,14.338927898612777,20.936804247302618,33.404692584346634,23.86110635382771,10494,41.54755098151325,34.48637316561845,14.351057747284163,9.615018105584143
10039,2021,2021_10039,11550,50164,69073,9650,1064,1817,528100,18495,8.532035685320356,8.591511219248446,24.471478778048123,19.470127061367936,7.818329278183294,16.9397134360638,14.176804541768046,27234,18.906513916427997,16.03877506058603,34.622163472130424,23.099801718440183,11550,37.41125541125541,34.84848484848485,15.662337662337663,12.077922077922079
10040,2021,2021_10040,16502,54700,76397,14026,1499,2136,416100,33768,12.83463634209903,10.021321961620467,20.30028429282161,14.72399905235726,4.877398720682303,21.283463634209905,15.95889599620943,45771,15.363439732581766,14.66212230451596,35.389220248629044,26.931900111424266,16502,34.98969821839777,27.396679190401162,18.82196097442734,18.791661616773723
10044,2021,2021_10044,4914,115294,163681,3773,2810,1128,951500,9744,3.273809523809524,2.92487684729064,14.501231527093598,6.044745484400657,4.6592775041050905,25.31814449917898,43.27791461412151,12155,9.444672974084739,12.283011106540519,41.73591114767585,25.643767996709173,4914,36.324786324786324,33.2926332926333,17.90801790801791,12.474562474562473
10065,2021,2021_10065,16112,152335,253089,10945,2560,5056,1284300,24691,0.9355635656717022,0.7209104532015714,5.568830748045847,6.139889028390912,1.2717184399173789,40.6463893726459,44.71669839212669,31270,9.645027182603133,13.39622641509434,39.066197633514555,26.776463063639273,16112,48.57869910625621,30.98311817279047,9.347070506454816,11.09111221449851
10069,2021,2021_10069,2651,183178,265053,1760,2790,891,1740000,4065,0.0,0.0,7.109471094710947,1.6482164821648215,3.1734317343173437,31.832718327183272,56.23616236162362,5774,16.937997921718047,5.97506061655698,41.3058538275026,22.80914444059577,2651,46.02036967182195,21.19954734062618,22.821576763485478,9.95850622406639
10075,2021,2021_10075,12227,131372,266816,6429,2233,5488,1005300,18047,0.5208621931622984,1.2245802626475315,8.644095971629634,5.39701889510722,2.316174433423838,36.028148722779406,45.86911952125007,23391,11.04270873412851,16.502073447052286,31.57197212603138,31.118806378521654,12227,49.88140999427497,30.04825386439846,8.832910771243968,11.237425370082605
10103,2021,2021_10103,0,-666666666,-666666666,0,-666666666,0,-666666666,0,,,,,,,,0,0.0,0.0,0.0,0.0,0,,,,
10110,2021,2021_10110,0,-666666666,-666666666,0,-666666666,0,-666666666,0,,,,,,,,0,0.0,0.0,0.0,0.0,0,,,,
10111,2021,2021_10111,0,-666666666,-666666666,0,-666666666,0,-666666666,0,,,,,,,,0,0.0,0.0,0.0,0.0,0,,,,
10112,2021,2021_10112,0,-666666666,-666666666,0,-666666666,0,-666666666,0,,,,,,,,0,0.0,0.0,0.0,0.0,0,,,,
10115,2021,2021_10115,0,-666666666,-666666666,0,-666666666,0,-666666666,0,,,,,,,,0,0.0,0.0,0.0,0.0,0,,,,
10119,2021,2021_10119,0,-666666666,-666666666,0,-666666666,0,-666666666,0,,,,,,,,0,0.0,0.0,0.0,0.0,0,,,,
10128,2021,2021_10128,29351,127919,218422,19558,2335,9293,1175400,46197,2.1083620148494493,2.0434227330779056,7.615213109076347,4.7687079247570185,4.9830075546031125,34.63428361148993,43.84700305214624,58147,10.568043063270677,15.66202899547698,35.79032452233133,31.43928319603763,29351,45.99502572314402,31.923954890804403,11.968927804844808,10.112091581206775
10152,2021,2021_10152,0,-666666666,-666666666,0,-666666666,0,-666666666,0,,,,,,,,0,0.0,0.0,0.0,0.0,0,,,,
10153,2021,2021_10153,0,-666666666,-666666666,0,-666666666,0,-666666666,0,,,,,,,,0,0.0,0.0,0.0,0.0,0,,,,
10154,2021,2021_10154,0,-666666666,-666666666,0,-666666666,0,-666666666,0,,,,,,,,0,0.0,0.0,0.0,0.0,0,,,,
10162,2021,2021_10162,1208,99300,146926,1133,3068,0,-666666666,1642,0.0,5.84652862362972,25.700365408038977,0.0,4.567600487210719,42.14372716199756,21.74177831912302,2268,6.3051146384479715,5.99647266313933,38.88888888888889,24.514991181657848,1208,51.158940397350996,27.40066225165563,8.940397350993377,12.5
10165,2021,2021_10165,0,-666666666,-666666666,0,-666666666,0,-666666666,0,,,,,,,,0,0.0,0.0,0.0,0.0,0,,,,
10167,2021,2021_10167,0,-666666666,-666666666,0,-666666666,0,-666666666,0,,,,,,,,0,0.0,0.0,0.0,0.0,0,,,,
10168,2021,2021_10168,0,-666666666,-666666666,0,-666666666,0,-666666666,0,,,,,,,,0,0.0,0.0,0.0,0.0,0,,,,
10169,2021,2021_10169,0,-666666666,-666666666,0,-666666666,0,-666666666,0,,,,,,,,0,0.0,0.0,0.0,0.0,0,,,,
10170,2021,2021_10170,0,-666666666,-666666666,0,-666666666,0,-666666666,0,,,,,,,,0,0.0,0.0,0.0,0.0,0,,,,
10171,2021,2021_10171,0,-666666666,-666666666,0,-666666666,0,-666666666,0,,,,,,,,0,0.0,0.0,0.0,0.0,0,,,,
10172,2021,2021_10172,0,-666666666,-666666666,0,-666666666,0,-666666666,0,,,,,,,,0,0.0,0.0,0.0,0.0,0,,,,
10173,2021,2021_10173,0,-666666666,-666666666,0,-666666666,0,-666666666,0,,,,,,,,0,0.0,0.0,0.0,0.0,0,,,,
10174,2021,2021_10174,0,-666666666,-666666666,0,-666666666,0,-666666666,0,,,,,,,,0,0.0,0.0,0.0,0.0,0,,,,
10177,2021,2021_10177,0,-666666666,-666666666,0,-666666666,0,-666666666,0,,,,,,,,0,0.0,0.0,0.0,0.0,0,,,,
10199,2021,2021_10199,0,-666666666,-666666666,0,-666666666,0,-666666666,0,,,,,,,,0,0.0,0.0,0.0,0.0,0,,,,
10271,2021,2021_10271,0,-666666666,-666666666,0,-666666666,0,-666666666,0,,,,,,,,0,0.0,0.0,0.0,0.0,0,,,,
10278,2021,2021_10278,0,-666666666,-666666666,0,-666666666,0,-666666666,0,,,,,,,,0,0.0,0.0,0.0,0.0,0,,,,
10279,2021,2021_10279,56,-666666666,-999999999,56,-666666666,0,-666666666,131,0.0,0.0,0.0,46.56488549618321,10.687022900763358,9.16030534351145,33.587786259541986,131,0.0,0.0,80.1526717557252,19.84732824427481,56,0.0,100.0,0.0,0.0
10280,2021,2021_10280,4208,178148,259093,2870,3501,1303,885000,7220,0.9833795013850416,0.5678670360110804,5.277008310249308,7.257617728531857,0.2493074792243767,41.13573407202216,44.52908587257618,8582,8.855744581682591,7.9468655325099045,53.623863901188535,24.30668841761827,4208,40.35171102661597,35.09980988593156,15.89828897338403,8.650190114068442
10282,2021,2021_10282,2581,250001,442237,2322,3501,246,2000001,4405,0.2724177071509648,0.4994324631101022,5.516458569807037,3.745743473325766,9.398410896708285,33.643586833144155,46.92395005675369,6419,21.467518305031934,5.748558965570962,50.41283689048139,11.730799189904968,2581,29.329717163889967,34.48275862068966,17.047655947307245,19.139868268113133
10301,2021,2021_10301,14308,78053,111315,7499,1494,6543,563300,27433,5.154376116356214,9.160500127583568,24.867859876790728,16.305179892829806,5.4350599642766015,20.08529872780957,18.991725294353515,38736,16.37494836844279,15.048017348203222,33.16036761668732,27.770033044196616,14308,32.275649986021804,29.738607771875873,15.753424657534246,22.232317584568072
10302,2021,2021_10302,5597,73927,90391,2336,1576,3190,452500,11729,7.127632364225424,8.87543695114673,35.26302327564157,15.107852331827097,6.454088157558189,18.066331315542676,9.105635604058318,18144,20.089285714285715,14.770723104056437,33.92305996472663,22.08443562610229,5597,25.120600321600854,22.029658745756656,13.739503305342149,39.110237627300336
10303,2021,2021_10303,8387,69879,92679,3115,1164,5193,382500,17573,8.860183235645593,9.4975246116201,31.582541398736694,15.38724179138451,8.752062823649917,17.054572355317816,8.865873783645364,27469,23.70308347591831,14.408970111762349,32.08343951363355,23.226182241799847,8387,18.802909264337668,26.326457612972458,20.341003934660783,34.52962918802909
10304,2021,2021_10304,15160,64539,100967,7592,1234,7344,561200,30210,6.150281363786825,10.499834491890104,29.728566699768287,17.384971863621317,5.729890764647467,20.046342270771262,10.460112545514727,43849,19.314009441492395,14.258021847704622,33.04294282651828,26.03936235718032,15160,26.147757255936675,31.246701846965696,15.362796833773087,27.242744063324537
10305,2021,2021_10305,15969,76833,100743,5077,1421,10532,544000,31973,8.832452381697056,7.099740405967535,29.312232195915307,14.22450192349795,8.754261408063053,20.24520689331624,11.531604791542865,44531,17.551817834766794,12.734948687431228,32.2988479935326,30.190204576587096,15969,27.052414052226187,26.407414365332833,14.741060805310289,31.79911077713069
10306,2021,2021_10306,19820,88687,111383,5418,1439,14164,586400,39553,4.674740221980633,5.433216190933684,32.84959421535661,16.94940965287083,6.849037999646044,20.064217632038027,13.17978408717417,55805,18.960666606934865,10.972135113341098,33.12248006451035,29.80198906907983,19820,24.339051463168516,27.901109989909184,18.55196770938446,29.20787083753784
10307,2021,2021_10307,5146,117469,136066,1034,1388,4032,763300,10085,2.578086266732772,6.564204263758057,24.50173525037184,16.98562221120476,10.798215171046108,22.55825483391175,16.013882002974714,14828,20.420825465335852,10.203668734826005,35.0080927974103,27.475047207984893,5146,21.41469102215313,26.097940147687527,15.876408861251456,36.61095996890789
10308,2021,2021_10308,10488,116082,126978,1853,1660,8217,591100,22255,1.8782296113232984,2.6106492922938664,28.91934396764772,15.933498090316784,8.87441024488879,24.09795551561447,17.685913277915073,30353,16.828649556880706,11.913155207063554,34.69838236747603,30.01680229301881,10488,17.74408848207475,27.240655987795577,22.091914569031275,32.9233409610984
10309,2021,2021_10309,12114,107500,133325,2001,1663,9919,625800,25121,3.3637195971497955,5.505354086222682,28.97575733450102,17.678436367978982,6.998129055372,22.550853867282356,14.927749691493172,35832,18.650926546104042,11.397633400312571,32.81145344943067,30.04855994641661,12114,20.381376919266962,26.341423146772332,18.19382532606901,35.08337460789169
10310,2021,2021_10310,9070,96161,108100,3366,1433,5590,559700,17554,5.691010595875584,6.91010595875584,30.34635980403327,16.49196764270252,8.385553150279138,18.19528312635297,13.979719722000684,25976,18.809670465044654,12.569294733600245,32.48383122882661,27.02494610409609,9070,23.18632855567806,26.637265711135612,18.544652701212787,31.631753031973542
10311,2021,2021_10311,0,-666666666,-666666666,0,-666666666,0,-666666666,0,,,,,,,,0,0.0,0.0,0.0,0.0,0,,,,
10312,2021,2021_10312,21708,100875,123417,3469,1590,17870,603000,44243,2.192437221707389,4.565694008091676,30.33926270822503,17.783604185972923,7.890513753588138,22.059986890581563,15.168501231833284,63935,18.290451239540158,12.343786658324861,32.24368499257058,29.15461015093454,21708,20.582273816104664,28.09563294637922,17.316196793808732,34.00589644370739
10314,2021,2021_10314,31761,94578,116963,7375,1503,23841,586200,66660,5.402040204020402,4.731473147314731,30.175517551755178,16.17761776177618,6.813681368136813,23.414341434143417,13.285328532853285,93736,18.238456942903476,12.27489971835794,32.255483485533844,29.39638986088589,31761,21.816063725953214,27.757312427190577,17.216082617046062,33.21054122981014
10451,2021,2021_10451,20434,33945,54313,17432,1136,2872,186500,33101,13.02075465998006,15.39530527778617,25.34364520709344,19.080994531887256,8.135705869913295,13.241291803872995,5.782302649466783,50118,19.918991180813283,15.980286523803823,34.34295063649787,20.63530069037072,20434,39.93833806401096,23.906234706861113,15.219731819516491,20.935695409611434
10452,2021,2021_10452,27940,33877,44666,26537,1241,759,375600,49385,16.626506024096386,15.077452667814114,27.903209476561702,16.507036549559583,9.180925382201073,10.768451959096891,3.936417940670244,79838,24.55973346025702,14.642150354467798,33.298679826648964,19.37799043062201,27940,28.156764495347176,25.07874015748032,18.450250536864708,28.314244810307805
10453,2021,2021_10453,27864,34860,48372,25737,1269,1385,518200,50520,16.47268408551069,15.447347585114809,29.362628661916077,16.68844022169438,7.252573238321457,11.114410134600158,3.661916072842439,80393,22.3365218364783,15.824760862264128,33.807669821999426,19.958205316383264,27864,28.621159919609536,23.48550100488085,21.055842664369795,26.83749641113982
10454,2021,2021_10454,14259,21846,39741,13469,908,657,633500,24140,19.304059652029824,18.84424192212096,29.623032311516155,14.589892294946146,5.459817729908865,9.382767191383596,2.796188898094449,38908,22.918165929885888,15.25650251876221,33.15513519070628,19.399609334841163,14259,36.28585454800477,23.234448418542677,16.284451925099937,24.19524510835262
10455,2021,2021_10455,15673,30741,44713,14055,1092,1426,328500,25968,15.060844115834874,18.43422674060382,27.83425754775108,15.861829944547134,8.283271719038817,10.59765865680838,3.927911275415896,42781,25.282251466772628,15.170285874570487,33.22970477548444,18.716252542016317,15673,32.31672302686148,22.918394691507686,20.142920946851273,24.621961334779556
10456,2021,2021_10456,31718,31166,46133,29506,1116,1788,390100,55629,16.26669542864333,17.92410433407036,29.15206097539053,17.258983623649534,7.97605565442485,8.459616387136206,2.9624835966851824,90314,22.92999977855039,15.724029497087937,32.87751622118387,20.189560865425076,31718,32.133173592281985,22.258654391827985,19.16262059398449,26.445551421905545
10457,2021,2021_10457,25682,38066,53193,23494,1254,1560,370000,47213,14.29055556732256,16.73056149789253,28.48156228157499,18.24497490098066,7.093385296422595,10.626310550060364,4.532649905746299,79443,23.55777098045139,16.168825447175962,31.63400173709452,18.803418803418804,25682,28.701035744879682,20.348882485787712,21.357370921267815,29.59271084806479
10458,2021,2021_10458,29090,38768,52267,27401,1375,993,432500,50808,17.890883325460557,14.261533616753267,27.828294756731225,20.00669185954968,5.88883640371595,9.537868052275233,4.585891985514092,86757,24.024574385928513,18.573717394561825,31.95707550975714,16.745622831587077,29090,28.2296321760055,25.737366792712272,17.597112409762804,28.435888621519425
10459,2021,2021_10459,17453,36631,53656,14860,1173,2126,478300,32482,19.219875623422205,13.99544363031833,27.84619173696201,15.648666954005297,9.088110338033372,10.525829690290006,3.6758820269687824,51303,22.43338596183459,15.960080307194513,32.52441377697211,20.97343235288385,17453,30.05786970721366,21.681086346186902,18.87354609522718,29.387497851372256
10460,2021,2021_10460,21480,31504,50458,18653,1191,2308,491800,38737,16.04925523401399,15.197356532514132,29.44471693729509,18.091230606396984,7.349562433848774,10.733923638898212,3.1339546170328108,59979,21.47418263058737,16.172326981110054,32.669767752046546,21.81096717184348,21480,29.473929236499067,25.56797020484171,19.73929236499069,25.21880819366853
10461,2021,2021_10461,19084,61087,80905,12197,1532,6433,528000,37759,9.976429460525967,9.240181148865172,26.5764453507773,16.578828888476917,10.736513149182976,16.978733546968936,9.912868455202734,52756,17.486162711350367,13.645841231329138,34.752445219501105,26.112669648949883,19084,29.826032278348354,27.46803605114232,17.522531963948857,25.183399706560472
10462,2021,2021_10462,29843,59032,73154,22893,1522,6637,400200,53581,8.784830443627405,9.118904089136077,28.81618484164163,15.503630018103433,9.712398051548124,18.02131352531681,10.042739030626528,78470,18.32674907608003,14.039760417994138,35.82770485535873,23.217790238307636,29843,32.08792681700901,25.00418858693831,18.027678182488355,24.88020641356432
10463,2021,2021_10463,30201,63048,93350,19753,1474,9946,319000,52376,8.316786314342448,8.946845883610814,19.05261952039102,15.243623033450437,6.359783106766457,21.380021383839924,20.7003207575989,73256,17.217702304248114,11.724636889811073,31.35306323031561,30.614557169378617,30201,38.87288500380782,27.737492136021984,16.29747359358962,17.092149266580577
10464,2021,2021_10464,1958,118972,129329,628,1641,1313,535000,3580,2.76536312849162,3.4636871508379885,23.016759776536315,11.06145251396648,11.787709497206704,22.43016759776536,25.474860335195533,4417,13.90083767262848,16.164817749603802,36.699117047769974,28.820466379895855,1958,28.907048008171603,33.146067415730336,24.974463738508682,12.972420837589377
10465,2021,2021_10465,16211,80245,99423,6903,1567,9147,538700,31145,8.585647776529138,7.121528335206293,27.60635736073206,20.661422379194093,7.686627066944935,16.62225076256221,11.716166318831272,46205,18.630018396277457,13.191213072178336,32.55275403094903,25.453955199653716,16211,28.41280611930171,28.264758497316638,19.289371414471653,24.03306396891
10466,2021,2021_10466,25014,62918,81664,14602,1383,9941,495900,51092,7.232051984655132,12.573397009316528,31.304313786894227,15.951616691458543,8.455335473263915,15.346825334690362,9.136459719721287,75767,19.40422611427138,15.439439333746883,32.30694101653754,25.37780300130664,25014,24.79411529543456,24.75013992164388,18.5296234108899,31.926121372031663
10467,2021,2021_10467,38175,42639,58443,32431,1403,5282,337600,67026,12.20869513323188,12.89947184674604,28.599349506161783,17.806522841882256,7.9983886849879156,12.27732521707994,8.210246769910185,102209,20.931620503086812,15.100431468853035,33.35322721091097,21.98632214384252,38175,36.220039292730846,24.804191224623445,15.761624099541585,23.214145383104125
10468,2021,2021_10468,27795,40138,52985,24935,1392,2210,240900,53117,15.074270007718807,13.869382683509986,29.436903439576785,19.184065365137336,7.50418886608807,10.03256961048252,4.898620027486492,82480,20.526188166828323,15.192774005819594,32.828564500484966,21.253637245392824,27795,28.422378125562155,22.57960064759849,20.050368771361757,28.947652455477602
10469,2021,2021_10469,23517,70415,88234,11383,1567,11709,518300,52183,7.414292010808117,9.872947128375142,28.18734070482724,18.86438112028822,8.824713029147425,17.005538202096467,9.83078780445739,75290,18.376942489042367,13.485190596360738,30.95630229778191,28.12591313587462,23517,22.66870774333461,23.719011778713273,20.300208359909853,33.312072118042266
10470,2021,2021_10470,6412,70107,95435,3765,1521,2317,505600,12503,5.142765736223306,10.669439334559708,26.03375189954411,16.22810525473886,5.918579540910182,26.305686635207547,9.701671598816285,16446,10.263893955977137,17.232153715189103,36.355344764684425,27.459564635777696,6412,35.16843418590144,26.59076731129133,17.607610729881472,20.633187772925766
10471,2021,2021_10471,9015,96368,139523,4083,1619,4845,360900,16593,3.423130235641535,4.501898390887724,15.711444585065992,14.43379738443922,5.110588802507081,25.564997288013014,31.254143313445425,23387,17.424210031213924,10.390387822294436,26.33086757600376,34.425107965964,9015,39.578480310593456,33.08929561841376,12.645590682196339,14.68663338879645
10472,2021,2021_10472,21876,36730,55264,18274,1312,3371,550300,42041,19.44292476392093,12.954021074665208,30.67006017934873,14.80221688351847,7.523607906567399,10.68242905734878,3.92474013463048,66720,21.404376498800957,16.531774580335732,31.06115107913669,21.531774580335732,21876,24.917718047174986,25.041140976412507,19.816236972024136,30.22490400438837
10473,2021,2021_10473,22362,48212,69479,15457,1010,6590,468500,40379,10.641670175091011,14.341613214789868,23.86884271527279,20.76822110502984,9.01211025533074,13.29899205032319,8.068550484162559,60296,19.250033169696167,15.105479633806553,29.93399230463049,27.30031842908319,22362,30.681513281459623,23.920042929970485,21.116179232626777,24.28226455594312
10474,2021,2021_10474,3649,33157,50210,3234,1148,328,423800,6607,11.911608899651885,13.09217496594521,35.583472075071896,17.43605267140911,7.76449220523687,8.521265324655667,5.690933858029363,11312,24.186704384724187,16.36315417256011,33.2478783592645,16.875884016973128,3649,28.50095916689504,24.6916963551658,18.635242532200603,28.17210194573856
10475,2021,2021_10475,18608,56327,68354,10742,1095,7673,32100,33350,4.680659670164918,9.223388305847076,29.91304347826087,19.736131934032983,10.60569715142429,16.599700149925038,9.241379310344827,44509,12.77269765665371,13.597249994383159,29.778247096092926,35.93655215799052,18608,41.09522785898538,26.45098882201204,17.66981943250215,14.783963886500429
11001,2021,2021_11001,8688,132344,156286,1170,1928,7292,610600,18956,5.760709010339734,4.12006752479426,19.408102975311248,13.700147710487446,6.9212914116902295,29.54737286347331,20.54230850390378,26818,19.24826608993959,11.305839361622791,32.19106570214036,30.013423819822503,8688,15.573204419889503,30.858655616942908,17.495395948434624,36.07274401473297
11003,2021,2021_11003,12279,107088,128947,1919,2042,9932,452600,33182,5.855584352962449,6.003254776686156,26.00204930383943,21.16810318847568,9.318305105177506,20.954131758182147,10.698571514676631,46200,16.49134199134199,14.675324675324676,34.324675324675326,26.699134199134196,12279,13.690039905529765,17.851616581154815,22.02948122811304,46.42886228520238
11004,2021,2021_11004,5302,100174,121062,1548,1743,3673,555100,12285,6.617826617826618,5.641025641025641,19.56043956043956,12.91819291819292,5.567765567765568,30.13431013431013,19.56043956043956,16426,14.355290393278947,11.85315962498478,30.969195178375745,31.462315840740292,5302,24.933987174651076,27.216144850999623,18.86080724254998,28.98906073179932
11005,2021,2021_11005,1452,60800,266978,85,2147,1356,654400,2075,1.1566265060240963,0.0,11.469879518072288,25.927710843373493,0.2891566265060241,23.373493975903614,37.78313253012048,2075,0.0,0.0,0.5301204819277109,48.0,1452,62.121212121212125,37.878787878787875,0.0,0.0
11040,2021,2021_11040,13387,140368,166900,1523,2207,11611,678000,30055,3.29728830477458,3.83630011645317,19.58076859091665,12.134420229579106,6.571285975711196,32.14107469638996,22.438862086175345,42634,18.11934137073697,11.141342590420791,32.02842801519914,30.677393629497583,13387,14.275042952117726,26.54067378800329,21.812205871367745,37.372077388511244
11101,2021,2021_11101,15764,98920,130719,13109,2221,2447,968400,25839,5.743256317968962,4.450636634544681,17.69418321142459,8.293664615503696,4.733155307867952,33.78226711560045,25.30283679708967,33789,11.983189795495576,18.18047293497884,48.249430287963534,14.247240226109088,15764,40.97310327328089,36.54529307282416,11.310581070794216,11.171022583100736
11102,2021,2021_11102,12265,95478,114216,10316,1995,1794,768900,21739,6.375638253829523,2.571415428492571,19.75711854271125,9.07585445512673,5.681034086204518,35.71461428768573,20.82432494594968,27876,10.234610417563495,18.933849906729805,44.1060410388865,19.217247811737696,12265,38.09213208316347,33.48552792498981,13.346922136159806,15.075417855686915
11103,2021,2021_11103,15515,82597,115803,12790,1868,2518,915200,28939,7.51235357130516,3.3207781886036147,19.385604201942016,9.896679221811397,6.340924012578182,35.31911952728152,18.22454127647811,35912,9.93539763867231,20.099131209623526,43.94631321006906,20.547449320561373,15515,33.567515307766676,37.821463100225586,15.249758298420883,13.36126329358685
11104,2021,2021_11104,11864,81142,96642,9039,1764,2661,499600,21469,4.765010014439424,3.2279100097815454,19.77269551446271,12.375983976896922,9.41357305882901,29.50766221062928,20.937165214961105,27575,12.554850407978243,12.710788757932908,44.90299184043518,22.904805077062555,11864,34.64261631827377,33.041132838840184,16.486850977747807,15.829399865138233
11105,2021,2021_11105,15352,93200,112815,10910,1997,4235,934500,30044,6.367327919052057,5.042604180535215,17.883770469977367,10.651045133803756,7.285980561842631,32.741978431633605,20.02729330315537,38311,10.503510741040433,18.88752577588682,39.85017357938973,23.199603247109184,15352,27.540385617509116,36.46430432516936,18.127931214174048,17.86737884314747
11106,2021,2021_11106,18225,71972,100232,14534,1768,3403,606400,31436,6.941086652245833,4.612546125461255,19.770327013614963,12.771981168087542,6.413029647537854,31.269881664333887,18.221147728718663,40472,11.425182842458986,18.04210318244712,40.7812808855505,23.11227515319233,18225,38.617283950617285,35.87379972565158,12.482853223593965,13.026063100137176
11109,2021,2021_11109,3109,160898,197521,2276,3501,757,488300,5244,0.0,1.0488176964149505,8.676582761250954,6.750572082379863,1.2967200610221206,36.17467581998474,46.05263157894737,6712,6.34684147794994,16.88021454112038,53.90345649582837,7.19606674612634,3109,23.319395303956256,44.03345127050498,20.907044065615953,11.740109359922805
11201,2021,2021_11201,31084,148282,213208,19793,2838,10956,994100,51000,2.76078431372549,2.0274509803921568,8.668627450980392,6.709803921568628,2.262745098039216,36.345098039215685,41.22549019607843,68777,13.056690463381653,16.5404132195356,42.764296203672735,18.683571542812277,31084,37.61742375498649,38.87852271264959,12.356839531591817,11.147214000772102
11203,2021,2021_11203,29002,61414,80141,16560,1397,11643,542800,58565,4.895415350465295,6.244343891402715,35.888329206864164,18.849141978997693,8.39409203449159,16.7489114658926,8.979766071885939,79499,16.03919546157813,12.944816915936048,32.628083372117885,31.143787972175755,29002,28.904903110130338,29.06351286118199,21.333011516447144,20.698572512240535
11204,2021,2021_11204,25207,58850,79120,15197,1569,9420,966100,52405,17.09188054574945,10.72607575613014,26.426867665299117,10.46465031962599,5.558629901726935,19.645072035111152,10.086823776357216,82140,22.44825906988069,11.88945702459216,31.055514974433894,23.562210859508156,25207,17.157932320387197,27.53203475225136,14.499940492720276,40.81009243464117
11205,2021,2021_11205,16926,68607,114380,11694,1835,5018,809100,29376,6.324891067538127,9.562227668845315,17.248774509803923,11.04643246187364,4.94281045751634,31.35212418300653,19.52273965141612,50681,24.42927329768552,17.17408890905862,34.25544089500997,13.636273948817113,16926,31.82677537516247,31.448658868013705,12.743707904998228,23.980857851825593
11206,2021,2021_11206,31256,49013,77433,27590,1293,3374,807200,55298,11.331332055408875,12.107128648414047,25.48193424716988,13.313320554088756,5.6222648197041485,22.57767007848385,9.566349596730442,90903,22.65271773208805,19.59891312717952,32.511578275744476,15.865262972619167,31256,26.00780650115178,33.7055285385206,16.62400819042744,23.662656769900178
11207,2021,2021_11207,33996,45616,63245,24359,1386,9137,548100,64755,9.19465678325998,9.898849509690372,35.6636553161918,17.82256196432708,8.785421975137055,13.489305845108484,5.145548606285229,97690,19.376599447231037,16.325110041969495,32.97778687685536,22.470058347834993,33996,33.94811154253441,23.15272384986469,17.890340040004705,25.00882456759619
11208,2021,2021_11208,33551,49679,70501,24118,1436,9066,549400,67988,8.894216626463495,8.720656586456434,48.47325998705654,13.852444549038063,5.595105018532682,10.610696005177385,3.8536212272754016,107724,21.910623445100445,14.170472689465672,32.14139838847425,22.455534514128697,33551,24.970939763345353,20.9650979106435,20.404756937200084,33.65920538881107
11209,2021,2021_11209,30150,84145,114589,18097,1682,11558,823100,53922,5.519083120062312,4.921924260969549,17.91105671154631,13.806980453247284,6.171877897704091,29.296020177293126,22.37305737917733,72938,15.55841947955798,12.162384490937509,35.15862787573007,28.565356878444707,30150,36.49087893864013,30.30514096185738,12.139303482587065,21.064676616915424
11210,2021,2021_11210,21720,77378,105692,11682,1552,9730,722700,44236,4.34035627091057,5.757753865629804,24.407722217198664,20.08319016185912,8.201464870241432,23.198300027127228,14.011212587033189,65854,20.64111519421751,13.710632611534606,30.482582682904606,26.883712454824305,21720,25.386740331491715,26.929097605893187,17.98342541436464,29.70073664825046
11211,2021,2021_11211,26082,89091,132181,21687,2143,4057,1005200,45998,8.872124874994565,7.393799730423062,18.39645201965303,9.74607591634419,3.965389799556503,34.56889429975216,17.05726335927649,65925,14.690936670458854,22.730375426621162,37.78991277967386,15.358361774744026,26082,30.46162104133119,37.815351583467525,15.681312782762058,16.04171459243923
11212,2021,2021_11212,31594,30733,47426,26927,1016,4332,459500,55138,7.794987123218107,13.487975624795968,36.171061699735205,18.77652435706772,9.017374587398889,10.934382821284776,3.817693786499329,78296,17.721211811586798,14.253601716562788,33.3720752017983,27.10866455502197,31594,45.271254035576376,21.323669051085652,16.38918782047224,17.015889092865734
11213,2021,2021_11213,26098,48896,77637,21231,1404,4329,916800,46526,7.40876069294588,10.714439238275371,24.601298198856558,17.82659158320079,7.221768473541676,20.03610884236771,12.19103297081202,69392,18.179329029282915,17.914168780262855,32.94183767581278,22.766313119667974,26098,33.48149283469998,29.15932255345237,16.238792244616445,21.120392367231204
11214,2021,2021_11214,31716,58487,83512,19817,1573,11119,831100,67598,15.44572324624989,7.80940264504867,26.21971064232669,11.129027486020297,7.5061392348886065,20.81422527293707,11.075771472528771,95361,17.116011786789148,11.925210515829322,34.39875840228186,27.556338545107543,31716,23.49918022449237,25.119813343422877,20.462857863538908,30.918148568545845
11215,2021,2021_11215,29395,156930,214768,16808,2446,12229,1437900,54262,2.5579595296892856,2.7182927278758617,7.377170026906491,5.714864914673252,4.048873981792046,36.23714570049022,41.34569311857285,73419,15.233114044048545,10.604884294256255,45.64213623176562,19.560331794222208,29395,25.589385949991495,35.49583262459602,18.503146793672393,20.411634631740093
11216,2021,2021_11216,26106,84661,116617,19516,1825,6359,1196800,48484,4.506641366223909,5.94422902400792,19.649781371174,10.745813051728405,6.334048345846052,32.880950416632295,19.938536424387426,62210,10.352033435139045,21.875904195466966,43.24385147082463,18.460054653592675,26106,33.09200949973186,37.04895426338773,15.11912970198422,14.73990653489619
11217,2021,2021_11217,18052,133269,195414,12722,2390,5153,1432200,32401,3.848646646708435,4.509120088886146,7.950371902101787,8.552205178852503,3.796179130273757,37.29205888707139,34.05141816610598,42107,10.850927399244782,15.771724416367826,44.98539435248296,18.612107250575917,18052,35.386660757810766,35.98493241746067,15.588300465322401,13.04010635940616
11218,2021,2021_11218,26140,81857,124925,15167,1733,10552,828600,50257,7.047774439381578,6.890582406430945,20.30562906659769,11.447161589430328,6.048908609745906,24.76868893885429,23.491254949559263,76370,21.51630221291083,11.440356160796124,35.756186984417965,22.172318973418882,26140,26.644988523335883,27.329762815608262,15.734506503442999,30.290742157612854
11219,2021,2021_11219,24000,44450,67012,17030,1470,6406,959400,48592,18.904346394468224,12.39710240368785,36.28169245966414,8.342937108989135,3.3812150148172537,14.971600263417848,5.721106354955548,93119,27.92126204104426,13.519260301334851,24.761863851630707,18.375412107088778,24000,16.995833333333334,22.650000000000002,15.25,45.104166666666664
11220,2021,2021_11220,27487,57046,80054,19134,1514,7715,852900,63974,21.954231406508896,17.535248694782254,23.95035483165036,7.900084409291274,4.673773720573983,15.345296526713978,8.641010410479257,93584,20.0344075910412,12.662420926654129,37.370704393913485,22.160839459736707,27487,20.59155237021137,21.679339324044093,16.164004802270167,41.56510350347437
11221,2021,2021_11221,33851,66923,92568,26123,1717,7255,1000200,63333,6.966352454486604,8.668466676140401,24.89223627492776,15.077447776040923,6.408981099900527,24.73907757409249,13.247438144411284,89728,15.300686519258203,24.051578102710415,36.67528530670471,18.034504279600572,33851,29.830728782015303,31.975421700983723,18.380550057605387,19.813299459395587
11222,2021,2021_11222,18636,110385,136729,14918,2274,3376,1180900,32557,3.937709248395122,3.1606106213717484,14.325644254691772,11.085173695365052,3.977639217372608,42.32576711613478,21.18745584666892,39669,7.842395825455645,17.893065113816835,50.48274471249591,16.781365802011646,18636,32.3191672032625,42.65400300493668,15.378836660227515,9.6479931315733
11223,2021,2021_11223,27484,57281,88967,16657,1474,10299,927200,55448,12.68395613908527,9.022868272976485,27.60424181214832,10.819145866397346,6.274347136055402,20.23156831626028,13.3638724570769,83565,19.71758511338479,11.90809549452522,30.894513253156223,26.08987016095255,27484,22.9369815165187,27.13214961432106,18.305195750254693,31.625673118905546
11224,2021,2021_11224,19218,37241,64289,12969,874,6033,474500,35209,8.926694879150217,9.486210911982733,29.21412138941748,8.869891220994631,7.992274702490841,19.09170950609219,16.419097389871908,48110,17.027644980253584,10.735813760133029,24.69964664310954,38.131365620453124,19218,32.63607035071288,33.541471537100634,15.97460713914039,17.847850973046103
11225,2021,2021_11225,24609,68542,97104,19438,1595,4705,1064300,44191,5.492068520739517,6.569210925301531,20.57432508881899,17.413047905682152,5.331402321739721,27.856350840668917,16.76359439704917,59465,14.823845959808292,17.908013116959555,36.651811990246365,24.50517110905575,24609,36.482587671177214,30.094680807834536,16.636190011784308,16.78654150920395
11226,2021,2021_11226,37128,66173,88051,31553,1530,4889,686400,71646,5.705831449069034,7.259302682634063,32.36747341093711,16.72807972531614,5.019121793261313,20.47846355693269,12.44172738184965,99776,15.802397370109045,16.47891276459269,38.28776459268762,22.21877004490058,37128,31.21633268692092,28.87039431157078,17.757487610428786,22.155785391079508
11228,2021,2021_11228,15485,77189,110604,6599,1616,8476,990400,33350,12.548725637181407,5.712143928035983,27.991004497751128,9.505247376311845,6.842578710644677,23.640179910044974,13.760119940029986,45267,15.18987341772152,11.555879559060685,33.64923675083394,30.989462522367287,15485,21.691959961252824,25.172747820471425,22.46690345495641,30.668388763319342
11229,2021,2021_11229,31057,69076,95619,15071,1482,15334,702700,59927,8.662205683581691,4.407028551404209,27.94900462229045,11.801024579905553,7.15203497588733,24.36964974051763,15.659051846413137,85538,18.857116135518716,11.11202038859922,30.522107133671582,31.044681895765624,31057,27.449528286698648,28.070966287793414,18.237434394822426,26.242071030685516
11230,2021,2021_11230,31670,61017,88045,21038,1572,9683,789400,59508,8.368622706190765,8.087988169657862,21.145056126907303,11.784970088055388,7.313302413120924,24.09928076897224,19.200779727095515,91789,20.543856017605595,12.55488130385994,29.710531763065294,25.567333776378433,31670,30.246289864224817,26.640353646984526,15.964635301547206,27.148721187243446
11231,2021,2021_11231,16738,121638,184570,11257,2158,5316,1535000,28408,4.111517882286679,4.590256265840608,11.274992959729651,8.472965361869896,2.97803435651929,34.4867642917488,34.085468882005074,40311,16.62325419860584,9.818659919128773,45.41688372900697,18.290292972141597,16738,31.365754570438526,32.058788385709164,17.30194766399809,19.27350937985422
11232,2021,2021_11232,9207,77031,102707,6806,1806,2271,809300,20493,17.484018933294294,14.453715902991265,19.42614551310204,11.057434245840044,4.9187527448397015,18.97721173083492,13.68272092909774,28501,16.676607838321463,14.697729904213887,44.61597838672328,17.3257078698993,9207,23.590746171391334,31.389160421418488,17.084826762246117,27.93526664494406
11233,2021,2021_11233,32147,52380,77871,23902,1349,7821,951400,58578,5.660828297312984,9.167264160606372,33.05677899552733,15.036361774044863,6.93092970057018,18.73399569804364,11.413841373894636,85633,16.965422208727944,17.640395641867038,34.830030478904156,21.435661485642214,32147,32.38249292313435,28.3883410582636,18.443400628363456,20.78576539023859
11234,2021,2021_11234,32645,86185,115779,9969,1616,22047,641600,66481,5.902438290639431,5.524886809765197,29.241437403167826,15.118605315804515,7.963177449196011,21.05112738978054,15.198327341646486,94254,18.326012689116645,10.61069026248223,31.73976701254058,31.42996583699366,32645,23.106141828763977,30.531474957880228,17.874100168479092,28.488283044876706
11235,2021,2021_11235,34712,58669,87716,20815,1457,13216,616000,64573,6.713332197667755,5.124432812475803,22.01074752605578,9.53029904139501,8.4632896102086,27.16305576634197,20.99484304585508,84859,13.56838991739238,10.755488516244593,31.300156730576607,34.520793315971204,34712,32.34040101405854,33.21905969117308,16.029038949066603,18.411500345701775
11236,2021,2021_11236,33728,73562,91504,16785,1516,16410,600500,70982,6.373446789326871,5.418275055647911,32.18280690879378,17.927080104815303,9.186836099292778,19.22740976585613,9.684145276267223,102238,18.253486961795026,13.69940726540034,31.663373696668557,28.472779201471077,33728,24.510792220113853,27.896703036053133,19.950782732447816,27.641722011385202
11237,2021,2021_11237,17515,65908,85698,15488,1843,1877,906000,36305,13.755681035670015,11.786255336730475,21.162374328604876,10.67896983886517,5.142542349538632,27.921773860349813,9.552403250241014,50590,14.662976872899783,26.471634710417078,37.85333069776635,15.821308559003755,17515,22.19811590065658,33.588352840422495,22.729089351984015,21.48444190693691
11238,2021,2021_11238,26009,114427,150940,18012,2113,7634,1022000,46369,2.482261855981367,5.719338351053506,10.567404947270806,8.740753520671138,3.605857361599345,37.29862623735685,31.585757726066984,58597,9.968087103435328,15.968394286396915,45.63373551547008,19.576087513012613,26009,35.806836095197816,35.387750394094354,15.413895190126494,13.391518320581335
11239,2021,2021_11239,7845,33736,52314,7168,832,647,477600,11388,7.262030207235687,5.892167193537057,41.491043203371966,14.971900245872847,10.203723217421848,11.661397962767824,8.517737969792764,15917,18.426839228497833,10.806056417666646,27.951247094301692,33.115536847395866,7845,45.69789674952199,27.189292543021033,17.89674952198853,9.216061185468451
11354,2021,2021_11354,20400,52273,74814,11614,1602,7909,524700,42460,12.736693358455016,9.382948657560055,30.544041450777204,10.390956194065003,9.234573716439002,18.05934997644842,9.6514366462553,53375,11.74519906323185,11.331147540983608,33.83419203747072,34.902107728337235,20400,32.5,28.72058823529412,19.61764705882353,19.16176470588235
11355,2021,2021_11355,29217,46963,70789,18833,1525,8737,640800,62798,16.6995764196312,14.903340870728368,28.20312748813657,9.81241440810217,8.681805153030352,13.3666677282716,8.333067932099748,80918,12.017103734644948,10.663881954571295,37.21298104253689,31.41946167725352,29217,27.20676318581648,27.904986822740184,18.64667830372728,26.241571687716053
11356,2021,2021_11356,8104,73318,92302,3913,1895,4013,731800,18678,13.984366634543314,8.705428846771603,32.332155477031804,11.767855230752758,11.650069600599636,14.787450476496414,6.772673733804475,27295,19.08408133357758,10.086096354643708,34.69133540941564,26.722843011540576,8104,15.165350444225073,24.72852912142152,22.643139190523197,37.46298124383021
11357,2021,2021_11357,15456,88580,114881,3631,1947,11491,819700,32333,9.87535953978907,5.400055670677018,25.726038412767146,15.179537933380756,8.22070330621965,22.212600129898245,13.385705007268117,44030,17.133772427890076,8.66908925732455,31.364978423801958,33.97002044060868,15456,25.71169772256729,30.363612836438925,16.35610766045549,27.568581780538302
11358,2021,2021_11358,13190,74854,99732,5068,1849,7787,858400,28387,9.183781308345369,8.081163913058795,26.04713425159404,13.83379716067214,9.412759361679642,19.69211258674745,13.749251417902562,38103,15.277012308742094,11.122483793926987,33.963204996981865,31.414849224470515,13190,23.965125094768762,29.279757391963606,18.66565579984837,28.089461713419254
11359,2021,2021_11359,0,-666666666,-666666666,0,-666666666,0,-666666666,0,,,,,,,,0,0.0,0.0,0.0,0.0,0,,,,
11360,2021,2021_11360,8822,92851,121746,2219,2116,6435,607200,15885,6.213408876298394,4.645892351274788,17.77148253068933,14.435001573811771,6.484104501101669,24.526282656594272,25.92382751022977,20076,11.42159792787408,10.415421398684998,28.840406455469218,38.52859135285914,8822,36.06891861255951,35.66084788029925,11.936068918612559,16.33416458852868
11361,2021,2021_11361,10842,93734,118475,3740,2134,6709,789000,22465,6.855107945693301,5.9158691297574,19.572668595593147,14.231026040507455,8.604495882483864,23.91720454039617,20.903627865568662,30006,14.427114577084582,12.500833166699993,31.70365926814637,31.790308604945682,10842,24.930824571112343,33.01973805570928,18.456004427227448,23.59343294595093
11362,2021,2021_11362,7279,100528,117724,1561,2172,5593,512400,15017,4.881134713990811,4.628088166744356,19.897449557168542,14.137311047479525,8.936538589598456,28.61423719784245,18.90524072717587,19217,12.87922152261019,8.731852006036322,31.394078159962532,38.450330436592594,7279,27.22901497458442,32.394559692265425,15.23560928698997,25.140816046160186
11363,2021,2021_11363,2908,98111,138250,694,2187,2154,843000,5676,6.289640591966174,3.558844256518675,12.755461592670894,14.622973925299506,7.434813248766738,31.07822410147992,24.260042283298095,7424,15.045797413793103,9.348060344827585,30.38793103448276,37.5,2908,24.896836313617605,29.848693259972492,28.67950481430536,16.57496561210454
11364,2021,2021_11364,13797,90970,108800,3731,2008,9673,666900,28505,8.458165234169444,4.139624627258376,22.199614102788985,11.73478337133836,8.047710927907385,27.388177512717064,18.031924223820383,39015,17.183134691785213,9.483531974881455,32.054338075099324,33.87927720107651,13797,26.10712473726172,26.752192505617163,21.53366673914619,25.60701601797492
11365,2021,2021_11365,16167,73279,90690,8032,1626,7677,797600,32388,8.47536124490552,5.529825861430159,22.69359021859948,15.978140051871062,9.654810423613684,22.780041990860813,14.888230208719278,45439,16.881973634983165,11.138009199146108,31.0416162327516,31.963731596205903,16167,26.919032597266035,27.296344405269995,17.158409104966907,28.62621389249706
11366,2021,2021_11366,4619,100781,117601,1268,1741,3284,832300,9829,7.833960728456608,7.121782480415098,18.964289347848204,12.4529453657544,6.643605656730084,27.846169498423038,19.13724692237257,13922,14.530958195661544,14.71053009625054,29.35641430828904,32.7251831633386,4619,15.825936349859276,33.665295518510504,23.771379086382332,26.737389045247888
11367,2021,2021_11367,14568,71469,92453,7491,1442,6834,540300,28553,8.489475711834132,6.079921549399363,24.999124435260743,10.527790424824012,6.822400448289147,24.736455013483692,18.344832416908908,42362,17.917001085878855,13.56168264010198,30.362116991643454,26.778716774467686,14568,24.663646348160352,30.031576057111476,19.357495881383855,25.947281713344317
11368,2021,2021_11368,29550,62254,79303,23236,1758,5917,650900,77319,25.96903736468397,9.658686739352552,32.36203261811457,12.02550472716926,6.470595843195075,10.47866630453058,3.035476402953996,116469,20.541946784122814,14.493985524045026,39.10568477448935,17.383166336106605,29550,15.739424703891707,21.37055837563452,17.445008460236885,45.445008460236885
11369,2021,2021_11369,9551,66132,82892,3748,1797,5731,627700,23125,11.662702702702704,9.150270270270273,35.04864864864865,12.570810810810812,8.082162162162163,15.13081081081081,8.354594594594595,31550,16.408874801901742,12.643423137876388,35.610142630744846,28.614896988906494,9551,23.327400272222803,23.44257145848602,21.589362370432415,31.64066589885876
11370,2021,2021_11370,7823,67241,92798,3523,1843,4107,764000,22711,11.567082030734005,14.50838800581216,36.06622341596583,9.757386288582628,6.437409184976444,14.28823037294703,7.375280700981903,29780,13.75083948959033,16.11484217595702,41.55809267965077,22.42444593687038,7823,27.252972005624443,24.862584686181773,17.589160168733223,30.295283139460565
11371,2021,2021_11371,0,-666666666,-666666666,0,-666666666,0,-666666666,0,,,,,,,,0,0.0,0.0,0.0,0.0,0,,,,
11372,2021,2021_11372,25164,62910,86369,16140,1617,8670,383800,50274,12.754107490949597,7.82312925170068,27.859330866849664,10.776942355889725,7.98225723037753,17.880017504077657,14.924215300155147,67252,14.808481532147743,10.027954558972223,41.1095580800571,26.454231844406113,25164,29.35940232077571,29.77666507709426,17.842950246383722,23.020982355746305
11373,2021,2021_11373,31438,62072,78958,21573,1727,9194,603100,72671,17.392082123543094,7.694953970634779,29.00194025126942,9.086155412750616,7.041323223844449,21.8120020365758,7.971542981381845,102104,18.047285121053044,13.783984956514926,37.39226670845413,24.174371229334795,31438,21.26089445893505,26.229403906100895,18.735288504357783,33.77441313060628
11374,2021,2021_11374,19938,79221,99455,11557,1832,8065,441400,36019,5.599822315999889,4.480968377800605,17.168716510730448,10.89147394430717,9.433909880896191,30.825397706765877,21.599711263499817,47019,12.728896828941492,13.060677598417662,33.87141368382994,30.978965949935134,19938,33.92015247266526,30.986056776005615,17.724947336743906,17.368843414585214
11375,2021,2021_11375,33099,96321,132536,15233,1885,17435,494600,59201,3.655343659735477,2.2195571020759783,13.849428219117922,11.023462441512812,5.928953902805696,34.391310957585176,28.93194371716694,76091,13.165814616708941,9.860561695864163,35.043566256193245,32.77654387509692,33099,35.85606815915889,34.82280431432974,15.036708057645246,14.28441946886613
11377,2021,2021_11377,32419,66325,90983,21704,1609,10026,578400,65633,10.950284155836242,6.97362607225024,32.221595843554304,10.229610104672954,8.389072570200966,21.324638520256578,9.91117273322871,85255,13.293061990499092,11.758841123687759,41.0275057181397,26.6905166852384,32419,33.55131250192788,28.224189518492242,14.624140164718222,23.600357814861656
11378,2021,2021_11378,12885,85464,103504,5692,1753,6931,710700,27392,7.177278037383178,6.980140186915889,32.721232476635514,16.311331775700936,9.535630841121495,19.00554906542056,8.268837616822431,39994,19.110366554983248,12.50437565634845,35.04275641346202,25.701355203280492,12885,21.482343810632518,26.08459448971672,21.358168412883195,31.07489328676756
11379,2021,2021_11379,13887,88672,112105,5390,1781,8137,773200,29643,7.317073170731707,6.932496710859224,27.082279121546403,14.812940660526936,6.811051513004757,22.993624127112643,14.050534696218332,39805,16.523049868107023,10.076623539756312,34.827283004647654,30.476070845371183,13887,23.331173039533375,30.04248577806582,18.722546266292216,27.903794916108595
11385,2021,2021_11385,37050,77350,94274,25154,1697,11308,715100,76946,9.199958412393109,6.9022431315468,31.14651833753542,14.664829880695557,8.139474436617888,19.93216021625556,10.014815584955684,109111,16.86905994812622,15.57038245456462,38.73028383939291,21.813566001594708,37050,21.24966261808367,29.630229419703102,21.3387314439946,27.781376518218625
11411,2021,2021_11411,6509,108131,121415,914,1498,5559,485800,16323,2.971267536604791,3.920847883354776,27.501072106843104,23.31066593150769,9.23849782515469,18.973227960546467,14.084420755988484,21605,14.547558435547328,12.302707706549409,31.74728072205508,34.732700763712096,6509,20.679059763404517,24.688892302965126,19.18881548624981,35.44323244738055
11412,2021,2021_11412,11500,93429,110256,2572,1508,8812,509400,29732,4.651553881339971,6.504775998923719,33.838961388403064,22.833983586707923,7.375891295573793,15.905421767792276,8.889412081259248,41782,16.24383705902063,14.606768464889187,33.57665980565794,28.16523861950122,11500,20.29565217391304,22.269565217391303,18.321739130434782,39.11304347826087
11413,2021,2021_11413,12983,104236,117017,3138,1825,9656,529100,31859,3.8607614802724495,5.615367713989768,32.51200602655451,23.195957186352363,8.820113625663078,15.895037509024135,10.100756458143696,45661,17.925582006526355,13.637458662753772,34.594073717176585,26.95516961958783,12983,16.090271894015252,26.18809212046522,21.43572363860433,36.2859123469152
11414,2021,2021_11414,11516,86113,113435,2688,1748,8696,544400,23547,4.272306450927931,6.994521595107657,31.906399966025397,20.11721238374315,8.153904956045356,15.331040047564445,13.224614600586063,30915,14.834222869157367,9.053857350800582,31.745107552967813,34.53016335112405,11516,27.978464744703025,34.8298020145884,13.068773879819382,24.122959360889197
11415,2021,2021_11415,8546,80360,108386,4985,1717,3410,310200,15344,5.454900938477581,4.079770594369134,18.77606882168926,14.129301355578727,8.51798748696559,26.43378519290928,22.608185610010427,20351,13.286816372659821,11.625964326077343,38.58287062060832,27.78733231782222,8546,38.48584132927685,32.98619237069974,12.146033231921367,16.381933068102036
11416,2021,2021_11416,7372,76477,97553,3715,1687,3494,621300,18367,11.90722491424838,9.549735939456632,32.26983176348887,14.330048456470845,8.73849839385855,17.520553166004245,5.684107366472478,27098,18.994021699018376,15.93844564174478,33.290279725440996,24.042364750166065,7372,15.53174172544764,24.050461204557784,21.391752577319586,39.02604449267499
11417,2021,2021_11417,9347,78498,95069,3576,1742,5664,614700,21808,11.592076302274394,9.3497798972854,27.27898019075569,18.250183418928835,8.515223771093176,16.53521643433602,8.478539985326487,33236,19.253219400649897,15.600553616560356,31.318449873631,24.464436153568418,9347,15.769765700224672,22.862950679362363,19.728255055097893,41.63902856531507
11418,2021,2021_11418,11609,77708,98400,5542,1631,5609,625400,27096,10.94257454974904,8.717153823442574,28.29937998228521,14.551963389430176,6.5249483318571,19.002804842043105,11.961175081192795,38938,17.40202373003236,15.01361138219734,32.621089937849916,27.279264471724282,11609,20.406581100870014,23.111379102420536,19.691618571797743,36.790421224911704
11419,2021,2021_11419,12856,84245,101888,4797,1748,7918,600300,36761,16.865700062566308,9.75490329425206,31.568782133239036,13.530643888904,6.757161121841082,14.463697940752429,7.059111558445092,50107,14.5967629273355,17.179236434031175,33.310715069750735,29.566727203783906,12856,12.982265090230245,19.282825140012445,21.896390790292468,45.838518979464844
11420,2021,2021_11420,13555,89027,108168,3893,1833,9498,591800,37193,12.107116930605224,9.649665259591858,33.059984405667734,16.443954507568627,8.469335627671875,13.868201005565563,6.401742263329122,51831,15.996218479288457,14.965947020123092,33.94879512261002,28.45787270166502,13555,10.682405016599041,21.187753596458872,21.291036517890078,46.83880486905201
11421,2021,2021_11421,11676,76721,101775,5270,1819,6032,598400,29901,13.160094980101,8.989665897461624,28.00909668572957,15.427577672987525,8.287348249222434,18.41075549312732,7.7154610213705235,42704,17.618958411390032,13.563132259273136,35.93340202322967,25.709535406519297,11676,13.643371017471736,22.576224734498116,19.835560123329905,43.94484412470024
11422,2021,2021_11422,10191,95945,111079,3158,2009,6973,514400,24669,3.109165349223722,6.121042604077993,28.031132190198228,22.968097612388014,9.449106165632982,19.26709635575013,11.05435972272893,34063,17.828729119572557,12.62660364618501,34.43912749904589,28.914070986113966,10191,21.224609949955845,21.12648415268374,22.637621430674123,35.01128446668629
11423,2021,2021_11423,10007,69386,97308,3901,1501,5846,605800,22461,7.14126708516985,6.785094163216241,25.194782066693374,18.04461065847469,9.144739771158898,21.72654823917012,11.962958016116824,30983,16.04750992479747,13.394442113417036,32.240260788174155,30.762030791078978,10007,24.392924952533228,25.232337363845307,19.336464474867594,31.038273208753875
11424,2021,2021_11424,0,-666666666,-666666666,0,-666666666,0,-666666666,0,,,,,,,,0,0.0,0.0,0.0,0.0,0,,,,
11426,2021,2021_11426,6256,102818,123526,1618,1870,4518,595800,15412,4.191539060472359,6.410589151310667,24.325201141967295,14.164287568128731,6.417077601868673,27.47209966260057,17.0192058136517,20959,14.51405124290281,11.846939262369387,31.361229066272248,32.911875566582374,6256,15.233375959079284,32.289002557544755,18.622122762148337,33.855498721227626
11427,2021,2021_11427,7970,84000,103543,2781,1570,5076,594800,19101,8.130464373593007,8.19328830951259,23.967331553321817,15.643160043976756,8.952410868540914,21.726611172189937,13.386733678864982,25890,13.986095017381228,12.599459250675936,29.45152568559289,34.750869061413674,7970,21.34253450439147,27.7038895859473,21.882057716436638,29.071518193224595
11428,2021,2021_11428,6298,83417,100568,1472,1618,4721,593500,15595,10.90092978518756,7.528053863417762,30.086566207117663,16.684834882975313,9.39403655017634,17.300416800256492,8.105161910868869,21184,14.964123867069487,13.250566465256796,32.000566465256796,32.85026435045317,6298,15.433470943156557,20.62559542711972,23.515401714830105,40.42553191489361
11429,2021,2021_11429,7974,89318,106897,2072,1410,5762,518000,20658,6.675379998063705,8.72785361603253,28.937941717494432,20.44728434504792,8.732694355697552,17.39277761641979,9.08606835124407,28643,15.1869566735328,17.32011311664281,32.24522570959746,27.76943755891492,7974,18.56032104339102,25.018811136192625,15.61324303987961,40.80762478053674
11430,2021,2021_11430,0,-666666666,-666666666,0,-666666666,0,-666666666,200,4.0,18.5,39.0,15.0,12.0,8.0,3.5000000000000004,222,6.306306306306306,20.72072072072072,45.04504504504504,27.92792792792793,0,,,,
11432,2021,2021_11432,19783,66246,93363,11964,1667,7626,675700,44359,11.237854775806488,8.539417029238711,22.721431952929507,13.586870759034245,7.628666110597623,22.888252665749903,13.397506706643522,64858,16.99250670695982,14.695180239908725,31.74165099139659,27.859323445064607,19783,20.694535712480413,21.836930698074102,20.7450841631704,36.72344942627508
11433,2021,2021_11433,10822,68801,85972,5624,1320,4998,491300,27046,11.262293869703468,10.012571175035124,34.792575611920434,18.88634178806478,7.006581379871331,13.495526140649265,4.544110034755602,41396,20.828099333268916,13.834670016426708,32.189100396173544,23.91776983283409,10822,19.016817593790428,18.684161892441324,20.171872112363705,42.12714840140455
11434,2021,2021_11434,22264,66546,87984,11241,1225,10899,469000,46197,5.214624326254952,8.610948762906682,30.86347598328896,26.378336255601013,7.775396670779487,13.674048098361366,7.483169902807542,66424,19.155726845718416,12.987775502830303,32.3106106226665,27.608996748163314,22264,31.28368666906216,22.92490118577075,20.58480057491915,25.206611570247933
11435,2021,2021_11435,19075,71346,92957,11801,1660,6969,446900,42645,12.395357017235314,8.551999062023684,20.90280220424434,18.417164966584597,7.452221831398758,20.152421151365928,12.12803376714738,60842,16.316031688636137,15.20988790638046,34.65862397685809,24.787153610992405,19075,25.436435124508517,24.398427260812582,17.567496723460028,32.59764089121887
11436,2021,2021_11436,5852,78306,97981,1708,1781,4030,488900,14570,6.897735072065888,9.052848318462594,35.52505147563487,19.011667810569666,7.947838023335621,14.543582704186688,7.021276595744681,21248,18.938253012048193,15.705007530120481,34.0879141566265,24.289344879518072,5852,18.062200956937797,22.84688995215311,22.727272727272727,36.36363636363637
11451,2021,2021_11451,0,-666666666,-666666666,0,-666666666,0,-666666666,0,,,,,,,,0,0.0,0.0,0.0,0.0,0,,,,
11691,2021,2021_11691,21572,54877,84202,15670,1348,5613,559100,42807,10.376807531478496,9.67365150559488,29.66337281285771,16.167916462260845,7.8888966757773265,14.266358305884552,11.96299670614619,70797,24.563187705693743,13.3776854951481,26.809045581027448,24.056104072206452,21572,29.06545521972928,22.43649174856295,18.47302058223623,30.02503244947154
11692,2021,2021_11692,8035,53498,76372,5066,1267,2766,487600,15853,9.720557623162808,7.910174730334953,29.155364915158017,18.67785277234593,8.219264492525074,16.003280136251814,10.313505330221409,24639,21.766305450708227,11.307277081050367,33.451032915296885,23.88083931977759,8035,30.056004978220287,27.840696950840076,17.74735532047293,24.35594275046671
11693,2021,2021_11693,5257,64688,85619,2755,1040,2424,404500,9723,8.382186567931708,8.443895916898077,25.619664712537283,13.96688264938805,9.14326853851692,19.68528232027152,14.758819294456444,14147,19.862868452675478,11.960132890365449,28.896585848589805,30.734431328196788,5257,28.780673387863803,34.65855050408979,14.913448735019974,21.64732737302644
11694,2021,2021_11694,8392,88643,113368,3629,1557,4500,724200,16465,4.306103856665654,6.158518068630428,23.783783783783782,15.66352869723656,5.460066808381415,23.46796234436684,21.16003644093532,22432,17.22985021398003,8.340763195435093,33.193651925820255,33.296184022824534,8392,34.65204957102002,31.816015252621543,14.752144899904671,18.779790276453763
11697,2021,2021_11697,1403,113047,146171,44,950,1359,610900,2767,0.0,4.119985543910372,14.564510299963858,19.804842790025297,10.33610408384532,26.816046259486807,24.358511022768344,3782,14.754098360655737,15.626652564780539,18.746694870438922,42.67583289264939,1403,31.50392017106201,27.797576621525305,12.25944404846757,28.439059158945117
10001,2020,2020_10001,13311,96787,166167,9572,2169,3600,403800,19550,4.32225063938619,3.237851662404092,9.948849104859336,7.319693094629157,2.9616368286445014,43.84143222506394,28.368286445012785,25026,10.836729801006953,20.194997202908976,42.39990409973627,20.64253176696236,13311,53.166553977913,29.396739538727367,9.954173240177298,7.48253324318233
10002,2020,2020_10002,33790,35607,70204,28744,979,4895,696900,58942,19.04753825794849,14.809473719928064,18.65562756608191,8.805266193885515,4.17189779783516,23.855654711411216,10.65454175290964,74363,11.547409329908692,15.682530290601509,32.309078439546546,32.906149563627075,33790,42.61319917135247,31.30511985794614,14.211305119857945,11.870375850843445
10003,2020,2020_10003,25158,129981,211756,16083,2437,8688,989500,38411,2.8845903517221627,1.5412251698732136,5.183411002056702,5.563510452734893,3.6656166202389935,45.16154226653823,36.0001041368358,54671,16.282855627297838,25.415668270198097,33.012017340088896,20.958094785169468,25158,52.484299228873525,33.37308212099531,8.569838619922091,5.572780030209079
10004,2020,2020_10004,1822,204949,325028,1111,3393,697,1892400,2899,0.4139358399448086,0.034494653328734,2.069679199724043,2.7250776129699896,0.758882373232149,45.67092100724388,48.3270093135564,3310,6.555891238670695,24.501510574018127,41.05740181268882,23.564954682779454,1822,41.822173435784855,41.712403951701425,12.129527991218442,4.33589462129528
10005,2020,2020_10005,4649,184681,218441,3848,3501,735,1159600,6698,0.2239474469991042,0.0298596595998805,6.479546133174082,1.1794565541952822,0.4180352343983278,51.52284263959391,40.146312332039415,8664,5.528624192059095,37.292243767313025,45.57940904893814,6.071098799630656,4649,49.4084749408475,33.706173370617336,7.4639707463970755,9.421380942138095
10006,2020,2020_10006,1811,185268,226459,1447,3371,347,941300,2675,0.0,0.0,1.794392523364486,3.925233644859813,1.158878504672897,41.45794392523364,51.66355140186916,3260,9.754601226993865,22.36196319018405,59.72392638036809,4.601226993865031,1811,41.63445610160132,43.2357813362783,11.485367200441745,3.6443953616786304
10007,2020,2020_10007,2940,250001,409624,1923,3501,997,2000001,5676,1.3565891472868217,3.787878787878788,5.214940098661029,3.453136011275546,1.4799154334038054,49.54193093727978,35.16560958421424,7566,9.939201691779012,13.692836373248744,55.53793285752048,10.824742268041238,2940,36.3265306122449,31.15646258503401,10.54421768707483,21.972789115646258
10009,2020,2020_10009,29356,68220,108017,26898,1706,2169,476000,46500,6.079569892473118,6.2602150537634405,13.01720430107527,9.247311827956988,3.965591397849463,36.96344086021505,24.46666666666667,58267,8.515969588274666,23.001012580019566,35.76466953850379,27.06163008220777,29356,48.4159967297997,29.799700231639186,14.623926965526637,7.160376073034473
10010,2020,2020_10010,16499,139188,214151,11277,2502,4999,966500,26193,0.6872065055549192,2.7602794639789257,9.674340472645364,8.147214904745542,2.546481884472951,37.25041041499637,38.93406635360592,34763,13.238213042602768,20.211144032448296,37.217731496130945,22.814486666858443,16499,47.33014122068004,34.46875568216255,7.770167888962967,10.430935208194436
10011,2020,2020_10011,28775,136208,210553,17338,2281,11095,1084700,41745,1.9211881662474548,1.878069229847886,4.874835309617918,7.435621032458978,2.9823931009701763,40.24194514313091,40.66594801772667,50228,8.49327068567333,15.991080672135064,40.54909612168512,30.666162299912397,28775,59.28757602085143,27.3362293657689,8.132059079061687,5.244135534317984
10012,2020,2020_10012,12574,110490,180973,10210,2293,2250,1731700,18392,2.2129186602870816,2.278164419312745,5.937364071335363,5.877555458895172,1.7888212266202697,46.36798608090474,35.53719008264463,23034,5.986802118607276,25.757575757575758,41.50820526178693,21.924112181991838,12574,53.76173055511373,31.748051534913312,9.38444409098139,5.10577381899157
10013,2020,2020_10013,12294,130675,294915,8572,1946,3305,2000001,21806,10.189856002934972,6.20930019260754,7.043932862514904,5.393011097862973,2.260845638815005,40.5668164725305,28.33623773273411,28657,11.323585860348256,15.043444882576683,39.15971664863733,25.044491747217087,12294,37.66064747031072,33.44721002114853,12.022124613632666,16.870017894908084
10014,2020,2020_10014,17139,136154,217624,11852,2464,4928,1221600,25001,0.1639934402623895,0.7439702411903524,5.227790888364465,7.65169393224271,1.7399304027838884,45.64617415303388,38.82644694212232,29071,5.063465309070895,21.72267895841216,39.62024010181968,27.436276701867836,17139,55.77921699048952,32.195577338234436,8.080984888266526,3.94422078300951
10016,2020,2020_10016,29005,124647,181643,21047,2760,7683,871400,42003,2.302216508344642,1.8808180368068947,5.2043901626074325,7.932766707139967,2.4807751827250435,41.70892555293669,38.490107849439326,52912,6.745161778046568,31.784850317508315,36.30556395524645,18.723540973692167,29005,53.41492846061024,31.915187036717807,9.050163764868126,5.619720737803827
10017,2020,2020_10017,9858,130417,184005,6259,2370,3557,752800,13656,2.8046280023432923,1.7867603983596954,3.0023432923257176,6.605155243116578,0.5785002929115407,40.480374926772114,44.742237844171065,16065,5.042016806722689,20.093370681605975,41.027077497665736,29.29971988795518,9858,59.66727530939339,30.462568472306756,4.727125177520795,5.1430310407790625
10018,2020,2020_10018,4321,136360,187702,3731,3287,566,680200,6914,3.0228521839745444,4.425802719120625,6.624240671102112,7.477581718252821,2.6612669945039054,38.79085912641018,36.99739658663581,8135,3.995082974800246,28.137676705593115,46.44130301167794,15.574677320221264,4321,45.40615598241148,41.981022911363105,7.081694052302708,5.531127053922703
10019,2020,2020_10019,27340,101651,177809,20755,2050,6231,947500,39713,1.951502027044041,1.68206884395538,9.407498803918113,8.420416488303578,4.864905698385919,37.05083977538841,36.62276836300456,45521,4.806572790580172,18.85723072867468,44.91553349003756,27.10397399002658,27340,57.49817117776153,31.093635698610093,7.329919531821506,4.078273591806876
10020,2020,2020_10020,0,-666666666,-666666666,0,-666666666,0,-666666666,0,,,,,,,,0,0.0,0.0,0.0,0.0,0,,,,
10021,2020,2020_10021,22084,130968,237726,11516,2363,10153,1492900,33867,0.7145598960640152,1.1220362004310982,6.032420940738772,8.872944163935394,2.7046977884075942,35.8431511500871,44.71018986033602,42253,11.461908030199039,11.400373937945234,36.67905237497929,31.652190377014648,22084,47.921572178953085,29.904002898025723,10.451005252671617,11.723419670349575
10022,2020,2020_10022,17977,138661,257537,8737,2540,8776,999100,26977,1.7904140564184303,0.5930978240723579,5.371242169255291,5.9791674389294585,3.173073358787115,36.79801312228936,46.29499203024799,31574,6.844238930765821,11.99087857097612,33.25837714575283,39.16196870843099,17977,50.79267953496134,35.011403459976634,10.157423374311621,4.038493630750403
10023,2020,2020_10023,33770,137347,226093,19958,2413,13344,1450300,50025,0.9835082458770616,0.9215392303848076,5.083458270864568,7.934032983508247,2.060969515242379,35.63218390804598,47.384307846076965,62228,10.83435109596966,11.232885517773349,37.304750273188915,32.519123224272036,33770,52.309742374888955,31.01273319514362,8.261770802487414,8.415753627480012
10024,2020,2020_10024,28850,137126,267771,17910,2536,10802,1743700,48391,2.4384699634229503,1.6676654749850175,5.397697919034531,5.182781922258271,2.752577958711331,35.76698146349528,46.79382529809262,60714,11.453700958592746,10.07181210264519,38.857594623974705,29.4133148861877,28850,42.61698440207972,33.46620450606586,9.081455805892547,14.835355285961871
10025,2020,2020_10025,40188,99067,176758,26810,1621,12531,1055900,70161,6.041818104074913,3.9594646598537646,9.479625432932826,9.379854905146734,3.3266344550391245,29.53207622468323,38.28052621826941,92162,11.664243397495714,20.16774809574445,31.18638918426249,29.150843080662312,40188,40.1761719916393,34.56753259679506,12.292226535284165,12.964068876281477
10026,2020,2020_10026,15362,64716,109506,12143,1278,2935,940300,27757,5.739092841445402,8.714918759231907,20.773138307453976,13.221889973700328,4.096264005476096,24.9558669885074,22.49882912418489,38937,14.805968615969388,18.62752651719444,39.85925982998177,18.997354701183966,15362,38.82306991277177,27.444343184481184,17.295925009764353,16.436661892982684
10027,2020,2020_10027,23835,57010,95040,20296,1274,3138,730300,42603,5.595850057507687,7.030021359998122,20.26617843813816,11.813722038354106,4.821256719010399,24.36448137455109,26.10849001244044,64728,17.256828574959833,24.775985663082437,32.23643554566803,18.661166728463723,23835,37.64631843926998,31.512481644640232,14.730438430878959,16.110761485210826
10028,2020,2020_10028,24974,131013,225593,16146,2373,8410,1301100,38675,1.5798319327731094,0.5765998707175177,5.269553975436328,7.61732385261797,2.9838396897220427,35.13639301874596,46.83645765998708,47962,10.816896709895335,14.55318794045286,38.27405028981277,27.717776573120382,24974,46.508368703451595,32.4016977656763,9.485865299911907,11.604068230960198
10029,2020,2020_10029,31485,33801,71046,28830,974,2136,651300,53026,12.399577565722476,12.146871346132086,23.612944593218423,14.04593972768076,5.291743672915174,17.72526685022442,14.777656244106666,74617,16.454695310720076,16.902314485975047,34.93037779594462,24.542664540252222,31485,42.451961251389555,28.39447355883754,16.255359695092903,12.898205494680006
10030,2020,2020_10030,12817,45555,77671,10907,1073,1748,659300,22696,9.926859358477264,10.781635530489954,20.94201621431089,18.7037363412055,4.714487134296792,18.069263306309484,16.862002114910116,30996,13.240418118466899,17.77326106594399,38.44367015098722,21.08336559556072,12817,43.28626043535929,26.88616680970586,15.237575095576188,14.589997659358664
10031,2020,2020_10031,21863,55721,81495,18192,1503,3011,494100,44879,13.837206711379489,9.648165066066534,19.679582878406386,15.813632211056396,4.30713696829252,20.840482185431934,15.87379397936674,60280,13.143662906436628,20.520902455209026,39.49568679495687,21.098208360982085,21863,32.98266477610575,28.84325115491927,17.12482275991401,21.04926130906097
10032,2020,2020_10032,21814,53690,75308,19356,1296,2113,500800,45563,18.84862717555912,10.251739349911112,16.76360204551939,14.413010556811448,5.111603713539495,21.72596185501393,12.885455303645502,59527,10.953012918507568,24.021032472659464,34.24496446990441,24.49644699044131,21814,38.42944897772073,27.234803337306317,15.83386815806363,18.501879526909324
10033,2020,2020_10033,19689,66902,85288,16769,1502,2466,530600,43326,13.502285002077274,11.570419609472372,18.185385219037062,13.400729354198404,5.255504777731616,22.3422425333518,15.743433504131469,58648,14.068680943936705,19.872800436502523,37.544332287546034,22.174669212931384,19689,28.523541063538016,30.077708365076944,17.354868200518055,24.04388237086698
10034,2020,2020_10034,15774,63556,78544,14137,1395,1368,397500,30644,13.555671583344212,9.838793891136929,17.27907583866336,16.502414828351387,5.723795849105861,21.537658269155465,15.562589740242789,41933,14.050986096868813,14.840340543247564,40.722104309255236,22.659957551331885,15774,34.44275389882085,28.781539241790288,15.588943831621657,21.18676302776721
10035,2020,2020_10035,14740,28408,58682,13392,882,1226,642700,26393,10.707384533777896,14.212101693630888,26.12056227029894,14.321979312696548,5.675747357253817,17.447808130943812,11.514416701398098,36999,15.165274737155059,17.086948295899887,36.838833481986,21.930322441147062,14740,49.04341926729987,22.39484396200814,13.50067842605156,15.061058344640434
10036,2020,2020_10036,17437,97720,139050,15758,2184,1503,1236900,23433,3.725515298937396,3.9260871420646097,8.47949472965476,8.044211155208467,4.2290786497674215,39.76016728545214,31.8354457389152,28231,5.511671566717439,20.65814175905919,48.41132088838511,21.416173709751693,17437,59.37948041520904,30.79658198084533,6.4403280380799455,3.3836095658656875
10037,2020,2020_10037,9797,50686,69346,9246,1260,499,375000,14266,4.114678255993271,9.014439927099398,27.25360998177485,12.575353988504132,4.808635917566241,23.79784102060844,18.435440908453664,19177,13.250247692548367,13.792564008969077,38.11336496845179,24.159148980549617,9797,53.628661835255684,27.967745228131058,8.849647851383075,9.553945085230172
10038,2020,2020_10038,10800,95640,155311,7983,2524,2751,827700,17663,11.198550642586197,6.986355658721621,10.626733850421784,7.977127328313424,2.7854837796523806,37.3322765102191,23.09347223008549,24205,14.525924395785996,19.51662879570337,34.82338359843008,23.722371410865527,10800,40.00925925925926,33.97222222222222,14.685185185185185,11.333333333333332
10039,2020,2020_10039,11490,41363,60694,9542,981,1763,455500,18082,8.555469527707112,8.478044464107953,25.37882977546732,17.724809202521847,8.052206614312576,17.76905209600708,14.04158831987612,27090,19.350313768918422,16.02436323366556,35.03875968992248,21.30675526024363,11490,37.63272410791993,33.91644908616188,14.926022628372499,13.52480417754569
10040,2020,2020_10040,16100,53199,72654,13787,1417,2008,449200,32867,13.94712021176256,10.439042200383364,18.70569264003408,13.77065141327167,5.251468037849515,22.201600389448384,15.684425107250432,45197,15.355001438148548,15.76432064075049,34.56866606190676,25.678695488638628,16100,33.49689440993789,27.4223602484472,19.074534161490682,20.00621118012422
10044,2020,2020_10044,5047,112658,150655,3682,2772,1293,919100,10104,4.938638163103722,2.4445764053840064,14.27157561361837,7.1456848772763255,3.543151227236738,21.476642913697543,46.17973079968329,12770,10.156617071260769,13.985904463586529,40.09397024275646,25.646045418950663,5047,32.07846245294234,38.220725183277196,16.82187438082029,12.878937982960172
10065,2020,2020_10065,15708,153002,264139,10588,2527,4993,1721800,24002,1.0707441046579451,0.6832763936338638,6.716106991084077,7.178568452628947,1.3665527872677277,39.23006416131989,43.75468710940755,30339,8.731335904281616,14.651109133458585,38.88724084511685,26.629091268664098,15708,46.94423223834988,31.71632289279348,10.351413292589763,10.98803157626687
10069,2020,2020_10069,3106,130556,232218,2217,1749,889,1731600,4421,0.0,0.5881022393123727,9.72630626555078,1.9678805700067856,2.850033928975345,33.1825378873558,51.685139108798914,6504,20.679581795817956,7.149446494464945,42.481549815498155,18.726937269372694,3106,40.373470701867355,22.537025112685125,25.434642627173215,11.654861558274309
10075,2020,2020_10075,12075,123854,241307,6603,2175,5094,1083700,17561,0.4043049940208416,1.2527760378110586,10.705540686749046,7.8355446728546205,4.538465918797336,35.482034052730484,39.78133363703662,22591,10.650258952680272,17.418440972068524,30.830861847638438,32.4199902616086,12075,49.4824016563147,32.91925465838509,7.768115942028986,9.830227743271221
10103,2020,2020_10103,0,-666666666,-666666666,0,-666666666,0,-666666666,0,,,,,,,,0,0.0,0.0,0.0,0.0,0,,,,
10110,2020,2020_10110,0,-666666666,-666666666,0,-666666666,0,-666666666,0,,,,,,,,0,0.0,0.0,0.0,0.0,0,,,,
10111,2020,2020_10111,0,-666666666,-666666666,0,-666666666,0,-666666666,0,,,,,,,,0,0.0,0.0,0.0,0.0,0,,,,
10112,2020,2020_10112,0,-666666666,-666666666,0,-666666666,0,-666666666,0,,,,,,,,0,0.0,0.0,0.0,0.0,0,,,,
10115,2020,2020_10115,0,-666666666,-666666666,0,-666666666,0,-666666666,0,,,,,,,,0,0.0,0.0,0.0,0.0,0,,,,
10119,2020,2020_10119,0,-666666666,-666666666,0,-666666666,0,-666666666,0,,,,,,,,0,0.0,0.0,0.0,0.0,0,,,,
10128,2020,2020_10128,29698,117926,206466,19940,2271,9225,1214600,46479,2.573205103380021,2.1235396630736463,7.728221347275113,4.358957808902946,3.3477484455345423,36.68323328815164,43.185094343682096,57993,9.440794578656044,15.793285396513372,37.62178193919956,29.522528581035644,29698,44.80436393023099,33.53761196040138,11.98397198464543,9.674052124722204
10152,2020,2020_10152,0,-666666666,-666666666,0,-666666666,0,-666666666,0,,,,,,,,0,0.0,0.0,0.0,0.0,0,,,,
10153,2020,2020_10153,0,-666666666,-666666666,0,-666666666,0,-666666666,0,,,,,,,,0,0.0,0.0,0.0,0.0,0,,,,
10154,2020,2020_10154,0,-666666666,-666666666,0,-666666666,0,-666666666,0,,,,,,,,0,0.0,0.0,0.0,0.0,0,,,,
10162,2020,2020_10162,622,96555,147342,566,3073,0,-666666666,904,0.0,3.650442477876106,33.517699115044245,0.0,6.1946902654867255,34.40265486725664,22.234513274336283,1240,5.080645161290322,2.258064516129032,35.96774193548387,32.016129032258064,622,37.29903536977492,39.87138263665595,6.430868167202572,16.39871382636656
10165,2020,2020_10165,0,-666666666,-666666666,0,-666666666,0,-666666666,0,,,,,,,,0,0.0,0.0,0.0,0.0,0,,,,
10167,2020,2020_10167,0,-666666666,-666666666,0,-666666666,0,-666666666,0,,,,,,,,0,0.0,0.0,0.0,0.0,0,,,,
10168,2020,2020_10168,0,-666666666,-666666666,0,-666666666,0,-666666666,0,,,,,,,,0,0.0,0.0,0.0,0.0,0,,,,
10169,2020,2020_10169,0,-666666666,-666666666,0,-666666666,0,-666666666,0,,,,,,,,0,0.0,0.0,0.0,0.0,0,,,,
10170,2020,2020_10170,0,-666666666,-666666666,0,-666666666,0,-666666666,0,,,,,,,,0,0.0,0.0,0.0,0.0,0,,,,
10171,2020,2020_10171,0,-666666666,-666666666,0,-666666666,0,-666666666,0,,,,,,,,0,0.0,0.0,0.0,0.0,0,,,,
10172,2020,2020_10172,0,-666666666,-666666666,0,-666666666,0,-666666666,0,,,,,,,,0,0.0,0.0,0.0,0.0,0,,,,
10173,2020,2020_10173,0,-666666666,-666666666,0,-666666666,0,-666666666,0,,,,,,,,0,0.0,0.0,0.0,0.0,0,,,,
10174,2020,2020_10174,0,-666666666,-666666666,0,-666666666,0,-666666666,0,,,,,,,,0,0.0,0.0,0.0,0.0,0,,,,
10177,2020,2020_10177,0,-666666666,-666666666,0,-666666666,0,-666666666,0,,,,,,,,0,0.0,0.0,0.0,0.0,0,,,,
10199,2020,2020_10199,0,-666666666,-666666666,0,-666666666,0,-666666666,0,,,,,,,,0,0.0,0.0,0.0,0.0,0,,,,
10271,2020,2020_10271,0,-666666666,-666666666,0,-666666666,0,-666666666,0,,,,,,,,0,0.0,0.0,0.0,0.0,0,,,,
10278,2020,2020_10278,0,-666666666,-666666666,0,-666666666,0,-666666666,0,,,,,,,,0,0.0,0.0,0.0,0.0,0,,,,
10279,2020,2020_10279,40,-666666666,-999999999,40,-666666666,0,-666666666,96,0.0,0.0,0.0,58.333333333333336,0.0,0.0,41.66666666666667,96,0.0,0.0,100.0,0.0,40,0.0,100.0,0.0,0.0
10280,2020,2020_10280,4524,170385,251759,3153,3501,1217,1055900,7411,0.2698691134799622,0.7016596950479017,2.21292673053569,5.910133585211173,1.2953717447038189,40.7367426798003,48.87329645122116,9372,12.20657276995305,8.013230900554845,56.50874946649594,16.98676909944515,4524,40.163572060123784,31.58709106984969,16.268788682581786,11.98054818744474
10282,2020,2020_10282,2499,250001,393072,2284,3501,215,2000001,4144,1.7374517374517375,0.5067567567567568,7.7461389961389955,4.922779922779923,9.531853281853282,37.71718146718147,37.83783783783784,6086,19.372329937561616,5.88235294117647,51.08445612882024,10.285902070325337,2499,29.091636654661862,27.81112444977991,22.16886754701881,20.928371348539414
10301,2020,2020_10301,14466,70065,99556,7852,1409,6337,523500,26463,5.34708838755999,9.7116729017874,24.853569134262933,14.699769489475871,6.310697955636171,20.519215508445757,18.55798662283188,38001,16.01536801663114,15.24170416567985,32.704402515723274,27.328228204520936,14466,31.854002488593945,28.83312595050463,16.950089865892437,22.362781695008987
10302,2020,2020_10302,5982,72394,88283,2447,1333,3429,431700,11739,5.477468268165943,9.251213902376692,34.824090638044126,16.47499787034671,5.681914984240565,19.23502853735412,9.055285799471848,17942,20.460372310779178,14.976033886969123,33.156838702485786,22.82911604057519,5982,26.395854229354732,22.283517218321634,14.911400869274491,36.40922768304915
10303,2020,2020_10303,8490,70315,88661,3107,1197,5272,354000,17370,8.175014392630974,10.005757052389177,29.810017271157168,18.399539435808865,7.904432930339666,17.57628094415659,8.128957973517558,27164,23.766750110440285,14.648063613606244,31.928287439257844,23.203504638492117,8490,17.17314487632509,24.86454652532391,21.130742049469966,36.831566548881035
10304,2020,2020_10304,14928,64394,98456,6951,1135,7674,542000,28912,6.298422800221361,11.24792473713337,28.808107360265637,16.03486441615938,5.648173768677365,20.23727172108467,11.725235196458218,42133,20.16471649301023,13.83238791446135,32.44250350081884,27.107018251726675,14928,24.711950696677384,29.903536977491964,18.70310825294748,26.681404072883176
10305,2020,2020_10305,15379,77136,99302,4586,1333,10448,493200,31064,7.964202935874325,7.851532320370848,27.794231264486225,15.01416430594901,8.614473345351533,21.671388101983,11.090007725985062,42968,16.873021783652952,13.454198473282442,32.51722211878607,29.326475516663564,15379,27.576565446387928,24.409909617010207,14.591325833929384,33.42219910267247
10306,2020,2020_10306,19704,83309,104057,5773,1412,13752,557500,38725,4.725629438347321,6.019367333763719,33.24725629438348,16.743705616526793,7.553260167850226,18.21045836023241,13.500322788896064,54318,17.666335284804298,12.027320593541734,32.895172870871534,29.809639530174156,19704,23.17295980511571,29.20726755988632,17.56496142915144,30.054811205846526
10307,2020,2020_10307,5068,108808,135651,996,1292,4000,728000,10145,2.069985214391325,5.460818137013307,25.776244455396743,15.82060128141942,8.910793494332184,27.26466239526861,14.696895022178412,15053,20.96592041453531,13.319604065634758,34.850195974224405,24.327376602670565,5068,17.857142857142858,24.704025256511443,18.429360694554063,39.00947119179163
10308,2020,2020_10308,10245,110478,121935,1558,1738,8364,573900,20967,1.6454428387466018,2.780559927505127,29.86121047360137,15.319311298707492,9.047550913340013,23.494062097581917,17.85186245051748,28901,17.26583855229923,11.899242240752915,34.10608629459188,30.18234663160444,10245,17.354807223035625,28.716447047340164,19.32650073206442,34.60224499755979
10309,2020,2020_10309,11750,102730,126007,1888,1564,9688,610800,24156,3.365623447590661,5.609372412651101,29.632389468455045,18.94353369763206,7.037589004802119,21.940718662030136,13.470773306838884,33896,17.919518527259854,11.62969081897569,32.171937691763034,30.649634175123904,11750,20.5531914893617,25.829787234042552,17.591489361702127,36.02553191489362
10310,2020,2020_10310,8678,86895,101813,3410,1412,5197,503000,16532,5.915799661263005,6.968303895475442,28.09097507863537,17.08202274376966,9.327365110089524,17.045729494314056,15.56980401645294,24168,19.409963588215824,12.032439589539887,33.37471036080768,26.882654750082754,8678,23.634477990320352,27.437197510947225,19.03664438810786,29.89168011062457
10311,2020,2020_10311,0,-666666666,-666666666,0,-666666666,0,-666666666,0,,,,,,,,0,0.0,0.0,0.0,0.0,0,,,,
10312,2020,2020_10312,21107,96785,118146,3318,1459,17530,575700,42455,2.588623248145095,4.359910493463667,29.23095041808974,18.55847367801201,7.718761041102344,22.150512307148745,15.392768814038394,61114,18.028602284255655,12.434139477042905,32.84844716431587,28.837909480642733,21107,18.600464300942814,29.30307480930497,17.4776140616857,34.618846828066516
10314,2020,2020_10314,31363,90306,109918,7585,1422,23284,563800,63621,5.4588893604313045,4.566102387576429,31.34499614907028,16.82306156772135,6.268370506593735,22.206504141714216,13.332075886892692,89938,17.81004692121239,12.858858324623629,32.595788209655545,28.289488314171983,31363,21.93986544654529,27.577081274112807,17.415425820234034,33.06762745910787
10451,2020,2020_10451,20229,32598,50993,17558,1109,2543,217000,32147,13.214296823964911,15.124272871496563,24.35374996111612,18.9753320683112,8.34292468970666,13.656017668833794,6.333405916570753,49423,20.332638650021245,17.044695789409786,33.09997369645712,20.389292434696397,20229,40.254090661921005,22.625933066389837,16.095704187058185,21.024272084630976
10452,2020,2020_10452,27018,31351,40997,25488,1168,737,438600,46166,17.12299094571763,15.405276610492573,27.27115192999177,17.562708486765153,9.487501624572197,9.777758523588789,3.372611878871897,74379,24.278358138721952,14.85634386049826,33.31719974724049,19.106199330456178,27018,30.69435191353912,24.53179361906877,17.266266933155674,27.507587534236432
10453,2020,2020_10453,27401,31778,44957,25424,1193,1298,521100,48886,15.943214826330646,15.775477641860656,29.36628073477069,18.395859755349186,6.6767581720738045,10.847686454199566,2.994722415415456,78858,21.791067488396866,17.361586649420477,32.98840954627305,19.266276091201906,27401,28.312835297981824,23.119594175395058,20.95179008065399,27.615780445969122
10454,2020,2020_10454,13573,23337,41202,12768,817,683,577100,23016,18.75651720542232,20.676920403197776,28.9754953076121,15.476190476190476,4.848800834202295,8.3767813694821,2.889294403892944,37807,22.416483719946044,15.904462136641362,34.60999285846536,17.28251382019203,13573,35.23907758049068,21.89641199440065,16.3781035880056,26.486406837103072
10455,2020,2020_10455,14826,29439,44051,13277,1005,1328,307900,24285,13.32509779699403,20.18118179946469,29.182623018324065,17.08462013588635,7.7166975499279395,9.199094091002676,3.310685608400247,40300,24.05210918114144,16.811414392059554,33.1712158808933,17.359801488833746,14826,30.93214622959665,23.296910832321597,22.055847834884663,23.715095103197086
10456,2020,2020_10456,31449,31645,46124,29285,1074,1623,370600,55748,15.934203917629333,17.736959173423262,28.881753605510514,18.108272942527087,7.533902561526871,8.805697065365575,2.999210734017364,90479,23.06723107019308,16.41485869649311,32.575514760331124,19.786911880104775,31449,31.330089986963017,21.58415211930427,18.75099367229483,28.334764221437887
10457,2020,2020_10457,24333,32378,48599,22181,1222,1589,412000,44181,14.390801475747494,17.351350127883027,28.64127113465064,18.14807270093479,7.686562096828954,10.024671238767796,3.7572712251872975,74679,23.697424978909734,16.86685681382986,31.504171186009454,17.587273530711446,24333,29.277113385114866,20.281099741092344,22.114001561665226,28.327785312127563
10458,2020,2020_10458,28705,37886,49919,26995,1314,978,448000,50168,18.57957263594323,13.821559559878809,28.992584914686653,19.175570084516025,6.055653005900175,8.900095678520174,4.474964120554936,85893,23.71788155030095,19.496350110020607,31.32618490447417,16.61835073870979,28705,26.77582302734715,25.121059048946176,18.89217906288103,29.210938860825642
10459,2020,2020_10459,17058,31896,47731,14590,1094,2101,452000,30238,19.10509954362061,15.040677293471791,28.407963489648782,15.24241021231563,8.423176135987829,10.172630464977845,3.608042859977512,48391,22.435990163460147,16.941166745882498,31.5740530263892,21.119629683205552,17058,31.39289482940556,21.890022276937508,17.827412357837964,28.889670535818972
10460,2020,2020_10460,20212,28831,49926,17594,1131,2055,443400,36101,17.157419462064762,15.561895792360325,28.090634608459595,18.320822137890914,7.268496717542449,10.14376333065566,3.456967951026287,57514,22.479744062315262,16.182146955523873,31.7435754772751,21.00184302952325,20212,28.567187809222244,24.356817732040373,18.493963981792994,28.582030476944386
10461,2020,2020_10461,19122,60802,79026,12312,1451,6406,497700,36683,9.118665321811196,8.742469263691628,27.813973775318267,15.85202955047297,10.266335904915085,17.471308235422402,10.735217948368454,51081,16.377909594565494,14.334096826608718,34.19079501184393,26.107554668076194,19122,30.859742704737997,28.05668863089635,16.237841229996864,24.84572743436879
10462,2020,2020_10462,28981,57266,70330,22022,1434,6690,344100,52065,8.742917506962451,9.979832901181217,28.779410352444064,16.54854508787093,9.188514357053682,17.122827235186787,9.637952559300873,75441,17.760899245768215,14.930873132646703,35.42503413263345,23.94851605890696,28981,32.43159311272903,24.026086056381768,18.981401607950037,24.560919222939166
10463,2020,2020_10463,29490,60397,87212,19616,1400,9451,294100,50483,8.650436780698453,10.017233524156646,20.34744369391676,15.454707525305547,5.512746865281382,19.826476239526176,20.19095537111503,70236,16.71222734779885,11.978187823907966,32.36801640184521,29.674241129904896,29490,39.08443540183113,28.009494743981012,16.21227534757545,16.69379450661241
10464,2020,2020_10464,1874,101935,121430,703,1439,1154,588200,3407,3.1699442324625773,4.549457000293514,18.021719988259463,9.451130026416202,15.292045788083358,26.651012621074265,22.864690343410626,4322,17.121702915316984,16.034243405830633,37.96853308653401,23.62332253586303,1874,29.50907150480256,30.042689434364995,24.759871931696907,15.688367129135539
10465,2020,2020_10465,16122,74889,94444,7224,1463,8697,511900,30650,7.924959216965742,7.810766721044046,28.440456769983687,20.584013050570963,8.64600326264274,15.91517128874388,10.67862969004894,45066,18.14449917898194,13.730972351662006,32.55447565792393,25.89091554608796,16122,27.918372410370925,28.402183351941446,17.597072323533062,26.082371914154574
10466,2020,2020_10466,25009,58405,77651,14847,1345,9745,478100,50625,8.351604938271604,12.509629629629629,30.103703703703705,16.871111111111112,9.489382716049382,13.750123456790122,8.924444444444445,74519,18.938794133039895,15.836229686388707,32.344771132194474,25.40425931641595,25009,25.54680315086569,24.11131992482706,19.353032908153065,30.988844016154182
10467,2020,2020_10467,37713,40639,55988,31740,1348,5255,325100,66432,12.195929672447011,13.628973988439306,29.45417870905588,17.560814065510595,7.415101156069364,12.301300578034684,7.443701830443159,100867,20.14533990304064,15.47185898262068,33.735513101410774,21.571971011331755,37713,34.751942301063295,24.811073104764937,16.516850953252195,23.920133640919577
10468,2020,2020_10468,26917,37777,50877,23919,1314,2346,228800,50726,16.460986476363207,13.84891377203012,29.34589756732248,17.35007688364941,8.45128730828372,9.876591885817923,4.666246106533139,78778,19.72378075097108,17.080910914214627,32.130797938510746,20.887811317880626,26917,29.204591893598842,21.956384441059555,21.01274287624921,27.826280789092394
10469,2020,2020_10469,22886,67190,85371,10542,1518,11956,482500,51189,8.93355994451933,9.986520541522593,27.86340815409561,17.859305710211178,8.654203051436832,16.526988220125418,10.17601437808904,72550,16.745692625775327,13.975189524465886,31.525844245348036,28.470020675396277,22886,22.070261295114918,23.783098837717382,21.834309184654373,32.31233068251333
10470,2020,2020_10470,6096,64643,84976,3700,1457,2137,481000,11394,5.423907319641917,10.593294716517466,26.20677549587502,15.016675443215728,6.222573284184659,25.048271019835,11.48850272073021,15500,12.296774193548387,16.65806451612903,35.064516129032256,26.406451612903222,6096,35.072178477690294,26.77165354330709,17.536089238845147,20.62007874015748
10471,2020,2020_10471,8714,93657,137185,4023,1512,4625,360600,16118,4.994416180667577,4.677999751830251,14.145675642139224,14.691649087976174,4.243702692641767,24.30822682714977,32.93832981759523,22577,15.356336094255216,11.285821854099304,26.066350710900476,33.751162687691014,8714,39.36194629332109,32.80927243516181,12.279091117741565,15.549690153775533
10472,2020,2020_10472,22221,36038,53992,18360,1260,3625,516600,42459,20.836571751572105,12.92541039591135,28.844296851079864,15.304175793118066,7.659153536352717,10.311123672248522,4.119267999717375,67989,21.696156731235934,16.20556266454868,31.82279486387504,20.706290723499386,22221,24.490346969083298,24.967373205526304,18.81103460690338,31.731245218487015
10473,2020,2020_10473,21940,47856,66325,14932,969,6666,442900,39460,9.987328940699443,15.70704510897111,23.65179929042068,19.974657881398887,9.556512924480488,13.094272681196149,8.02838317283325,59627,19.808140607442937,14.825498515773056,30.66228386469217,25.808777902628,21940,28.473108477666365,26.207839562443024,21.107566089334547,24.211485870556064
10474,2020,2020_10474,3506,28419,43048,3223,1197,215,442500,6920,11.127167630057803,14.566473988439308,39.08959537572254,17.095375722543352,7.369942196531793,7.3121387283237,3.4393063583815024,11579,22.886259607910873,17.574920113999482,32.507124967613784,17.238103463166077,3506,25.299486594409583,24.044495151169425,17.68397033656589,32.97204791785511
10475,2020,2020_10475,18653,53819,63862,9871,1038,8580,26400,32468,5.494640877171369,10.80140445977578,27.811999507207094,19.63471726007145,10.465689294074163,17.34631021313293,8.445238388567205,43791,14.749606083441801,12.468315407275467,30.25050809527072,34.3381060035167,18653,40.30986972604943,26.875033506674527,18.490323272395862,14.32477349488018
11001,2020,2020_11001,8733,124949,146902,1354,1775,7125,595400,18755,4.948013862969875,4.558784324180219,18.73100506531592,13.79898693681685,7.256731538256465,29.76272993868302,20.94374833377766,26542,18.78532137743953,11.412101574862483,32.13774395298018,30.069324090121313,8733,15.630367571281347,30.642390930951564,18.48162143593267,35.24562006183442
11003,2020,2020_11003,12270,103548,120800,2413,1774,9709,428300,31785,5.56237218813906,5.241466100361806,27.66084631115306,21.006764196948247,10.369671228566936,20.45619002674217,9.70268994808872,44712,16.451959205582394,15.360529611737341,33.76274825550188,26.84737877974593,12270,14.645476772616137,19.755501222493887,19.64955175224124,45.94947025264874
11004,2020,2020_11004,4808,97845,124334,1173,1683,3528,557500,11441,5.611397605104449,5.384144742592431,21.449174023249714,12.822305742505025,6.904990822480553,26.160300673018096,21.66768639104973,15297,12.937177224292345,13.2705759299209,28.142773092763285,33.63404589135124,4808,25.665557404326123,27.932612312811976,16.930116472545755,29.471713810316142
11005,2020,2020_11005,1609,75742,450531,86,-666666666,1508,739200,2249,0.8892841262783459,0.0,13.33926189417519,21.520675855935973,0.0,22.45442418852824,41.79635393508226,2249,0.0,0.0,3.2903512672298794,46.55402401067141,1609,51.771286513362334,48.228713486637666,0.0,0.0
11040,2020,2020_11040,13078,132767,163186,1180,1994,11662,657300,29547,3.0663011473246016,4.054557146241581,21.05120655227265,12.573188479371847,6.379666294378448,30.219650049074357,22.655430331336515,41523,17.238638826674375,11.374418996700623,32.066565517905744,31.124918719745683,13078,13.190090227863587,25.814344701024623,22.38874445633889,38.6068206147729
11101,2020,2020_11101,14951,89525,123847,12761,1966,2022,959000,24362,4.556276167802316,4.6014284541499055,21.33650767588868,8.422953780477794,5.147360643625318,32.0950660865282,23.84040719152779,32537,11.934105787257584,18.947659587546486,46.061407013553804,15.477763776623538,14951,38.11116313290081,36.82696809577954,13.082736940672865,11.979131830646779
11102,2020,2020_11102,12960,81462,104415,10931,1869,1874,730800,22382,7.206683942453758,3.2749530873022965,20.105441872933607,9.672951478866947,5.473148065409704,34.67965329282459,19.587168260209097,28359,9.150534221940124,21.10088508057407,42.1524031171762,20.409746464967032,12960,39.39043209876543,34.22839506172839,12.800925925925927,13.580246913580247
11103,2020,2020_11103,15575,81677,98170,12953,1819,2290,824000,28366,6.888528520059226,3.352605231615314,19.787774095748432,9.571317774800818,6.035394486356906,36.01494747232603,18.349432419093283,35419,9.390440159236569,22.39758321804681,43.50489850080466,18.930517518845818,15575,32.064205457463885,37.89406099518459,16.99518459069021,13.046548956661317
11104,2020,2020_11104,11281,75772,94487,8648,1686,2454,542700,19868,5.778135695590899,3.719549023555466,18.034024562109927,11.722367626333805,9.16549224884236,30.42581034829877,21.154620495268777,25037,11.85445540599912,13.85549386907377,43.91500579142869,24.132284219355356,11281,36.69000975090861,32.99352894246964,15.300062051236592,15.01639925538516
11105,2020,2020_11105,15274,86516,107029,10877,1877,4163,898300,29246,6.520549818778637,4.879299733296861,19.13424057990836,10.962182862613693,7.436914449839294,31.997538124871777,19.069274430691376,37452,10.853892983018262,19.486275766314215,40.01388443874826,22.20175157534978,15274,28.00838025402645,35.91724499148881,17.526515647505565,18.547859106979182
11106,2020,2020_11106,16975,71865,98884,13623,1715,3063,642600,28981,8.043200717711604,4.6720265001207695,19.23674131327421,11.145233083744523,6.680238777129843,31.845001897795104,18.37755771022394,37094,11.430420014018441,19.15404108481156,40.92845204076131,21.901116083463634,16975,38.326951399116346,36.18262150220913,11.835051546391751,13.65537555228277
11109,2020,2020_11109,2777,169425,195918,2287,3456,429,600200,4842,0.0,1.1152416356877324,6.897976042957456,4.068566707971912,1.3424204874019,38.84758364312268,47.72821148285832,6127,4.684184755998041,17.316794516076385,55.524726619879225,7.785212991676188,2777,24.95498739647101,48.14548073460569,16.99675909254591,9.902772776377386
11201,2020,2020_11201,29262,139697,198854,18503,2690,10414,1025500,48273,2.4506452882563754,1.849895386655066,8.61765376090154,6.8568350837942535,2.583224576885629,37.56551281254532,40.07623309096182,64798,12.809037315966542,17.097749930553412,42.063026636624585,18.829284854470817,29262,36.81566536805413,39.28644658601599,12.254801448978197,11.643086596951678
11203,2020,2020_11203,29249,57707,76911,16709,1348,11834,498000,55655,4.853112927859132,5.828766507950768,36.02012397807924,18.510466265384963,7.961548827598598,17.8294852214536,8.996496271673704,77589,17.065563417494747,14.047094304605032,31.46451172202245,30.02487466006779,29249,28.34284932818216,27.997538377380423,21.245170775069234,22.414441519368182
11204,2020,2020_11204,23520,54984,75987,13917,1456,8920,911500,48672,16.828977646285338,9.933842866535176,27.79421433267587,10.266683103221563,6.165762656147272,19.471153846153847,9.539365548980934,75840,21.525580168776372,11.608649789029537,31.6706223628692,23.099947257383967,23520,17.86989795918367,26.301020408163268,16.721938775510203,39.107142857142854
11205,2020,2020_11205,16779,62952,104376,12030,1632,4574,762700,28279,6.085788040595495,9.791718236146965,18.92570458644224,12.206938010537854,4.968351073234556,28.9013048551929,19.120195197849995,47866,22.893076505243805,18.413905486148835,33.91969247482556,13.803117035056196,16779,32.49299719887955,29.364086059955895,13.671851719411169,24.471065021753382
11206,2020,2020_11206,31489,43065,70179,27670,1199,3399,792100,53149,13.02940789102335,12.615477243221887,25.46049784567913,13.659711377448303,5.298312291858736,21.616587329959174,8.320006020809423,87599,21.396362972180047,20.9705590246464,30.630486649390974,17.155446979988355,31489,25.55495569881546,32.58598240655467,17.80939375654991,24.049668138079962
11207,2020,2020_11207,34010,42276,59078,24229,1306,9244,536000,61302,9.492349352386546,10.829989233630224,35.98414407360282,17.42846889171642,8.361880525920851,12.795667351799288,5.107500570943851,90867,18.33338835881013,15.997006614062311,33.43347970110161,22.872990194460037,34010,34.331079094384,23.257865333725373,17.73007938841517,24.680976183475448
11208,2020,2020_11208,34368,45946,64676,24769,1357,9054,540400,65314,8.91386226536424,8.36114768656031,49.29877208561717,12.487368711149218,6.170193220442784,11.172183605352606,3.596472425513672,102626,21.85605986786974,14.63371855085456,32.80942451230682,22.000272835343868,34368,24.711941340782122,20.315409683426445,22.442388268156424,32.53026070763501
11209,2020,2020_11209,29186,79524,108104,17385,1626,11374,813600,50594,5.154761434162154,6.065936672332688,18.098984069257224,13.896904771316756,5.844566549393209,28.491520733683835,22.44732576985413,68368,15.113795927919496,12.808623917622281,35.27234963725719,28.291013339574068,29186,36.863564722812306,29.637497430274788,12.876036455834988,20.622901391077914
11210,2020,2020_11210,21851,70776,97562,11845,1446,9601,678700,41512,3.9940258238581614,6.041626517633455,25.8214492195028,19.89063403353247,8.101271921372133,22.06590865291964,14.085083831181343,62423,21.024301939990067,14.276789004052993,30.504781891290065,26.13940374541435,21851,24.749439384925175,28.213811724863852,17.84815340259027,29.188595487620706
11211,2020,2020_11211,40821,90871,128607,33478,2040,6546,1074400,69466,7.705928079923992,8.260156047562836,17.928195088244607,10.181959519765064,3.551377652376702,33.61212679584257,18.760256816284222,104561,17.80396132401182,20.65971059955433,37.04440470156177,13.852201107487495,40821,27.782268930207493,38.240121506087554,15.112319639401289,18.865289924303667
11212,2020,2020_11212,31207,29385,48008,26282,982,4526,443700,52067,8.101100505118405,13.828336566347208,34.978009103654905,19.230990838727024,8.329652178923311,11.696468012368678,3.835442794860469,74037,17.491254372813593,14.581898240069155,33.394113753933844,26.698812755784274,31207,46.457525555163905,21.889319703912584,14.592879802608389,17.06027493831512
11213,2020,2020_11213,26377,48318,74892,21353,1339,4534,865900,45418,7.435378043947334,10.786472323748294,24.0895680126822,18.55872121185433,6.050464573517108,19.382183275353384,13.697212558897354,67382,17.360719479979814,18.510878276097472,32.74168175477131,23.294054792080974,26377,32.316032907457256,29.586382075292867,15.835766008264777,22.2618190089851
11214,2020,2020_11214,31717,57639,81908,19777,1481,11182,793300,64237,15.086320967666609,8.55737347634541,25.619191431729377,11.610131232778617,7.512804147142613,20.62985506795149,10.984323676385884,90372,16.25614128269818,12.326826893285531,35.00863099190015,26.47722745983269,31717,23.66554213828546,25.0969511618375,19.62354573257244,31.6139609673046
11215,2020,2020_11215,28714,144330,197323,16691,2332,11622,1291000,52282,2.9513025515473776,3.167438124019739,7.65081672468536,5.736199839332849,4.075972610076126,35.79243334225929,40.625836808079264,69995,14.662475891135081,11.65797556968355,45.49039217086935,19.18994213872419,28714,25.433586403844817,35.57498084558055,18.68078289336212,20.31064985721251
11216,2020,2020_11216,25771,77343,108890,19325,1676,6225,1201100,45923,4.79280534808266,5.9294906691636,19.741741610957472,11.765346340613636,6.210395662304292,32.09067351871611,19.469546850162228,59567,10.247284570315779,22.379841187234543,41.15030134134672,19.2875249718804,25771,32.57537542198595,36.05603197392418,15.637732334794924,15.730860269294944
11217,2020,2020_11217,18627,122598,182618,13165,2256,5303,1345100,32259,3.738491583744071,4.9939551752999165,8.995939117765586,8.19926222139558,3.4935986856381165,37.39421556774853,33.184537648408195,42461,11.43402180824757,17.2464143567038,42.93351546124679,18.405124702668335,18627,35.52907070381704,34.401674987920764,15.638589144789822,14.430665163472378
11218,2020,2020_11218,25219,78249,105235,14671,1676,10017,785600,47901,7.947642011649027,7.29421097680633,20.494352936264377,12.373436880232145,5.0374731216467294,24.8700444667126,21.982839606688795,73280,20.690502183406114,12.393558951965066,35.48580786026201,21.749454148471614,25219,25.90110630873548,27.903564772592095,16.043459296562116,30.15186962211031
11219,2020,2020_11219,23871,41907,64234,17179,1452,6163,956400,46474,17.25911262211129,14.16706115247235,35.467142918621164,9.24172655678444,3.59340706631665,13.682919481860823,6.588630201833283,87812,26.479296679269346,14.773607251856237,25.285837926479296,17.706008290438664,23871,16.241464538561434,23.233211847011017,15.701059863432617,44.82426375099493
11220,2020,2020_11220,27849,55119,75144,19561,1452,7626,868500,62442,22.30069504500176,19.924089555107138,21.99481118477948,8.422215816277506,4.171871496748983,14.648794080907082,8.537522821178053,90657,18.37144401425152,13.95589970989554,36.844369436447266,22.309363866000417,27849,19.907357535279544,22.3419153290962,15.609178067435098,42.14154906818916
11221,2020,2020_11221,33067,65548,88596,25690,1587,6980,976900,59262,7.726705139887279,9.707738517093585,25.073402855117948,15.70821099524147,6.557321723870271,23.65934325537444,11.567277513415004,85582,15.53948260148162,24.82765067420719,34.74211866981375,18.166203173564533,33067,29.255753470227113,30.166026552151692,18.495781292527294,22.0824386850939
11222,2020,2020_11222,17941,96435,122507,14537,2129,3096,1098300,30308,4.582948396462981,4.0913290220403855,14.60010558268444,13.16154150719282,3.9362544542695,40.062029827108354,19.56579121024152,36710,7.439389812040316,18.855897575592483,49.77390356850994,17.224189594116044,17941,33.93902235103952,41.02335432807536,14.597848503427901,10.43977481745722
11223,2020,2020_11223,27709,56908,84634,16842,1379,10315,871000,53780,11.746002231312756,8.852733358125697,28.720714020081815,10.648940126441056,6.993306061732986,20.00557828188918,13.032725920416514,80500,18.546583850931675,12.73913043478261,30.535403726708076,25.90062111801242,27709,22.18412790068209,28.211050561189506,18.376700710960336,31.228120827168066
11224,2020,2020_11224,19272,35776,59226,13324,865,5805,448400,33753,9.54878084910971,8.381477202026486,26.711699700767337,9.551743548721594,7.960773857138624,19.94489378721892,17.90063105501733,45587,16.39941211310242,11.641476736788995,23.92348695900147,39.43448790225283,19272,33.743254462432546,34.24657534246575,14.751971772519717,17.258198422581984
11225,2020,2020_11225,24177,65200,91135,19360,1488,4432,892700,41807,4.953715884899658,6.929461573420719,21.297868777955845,18.279235534719067,5.991819551749707,25.459851221087376,17.088047456167626,56072,15.314238835782565,18.395990868882865,36.74917962619489,23.632115851048653,24177,35.79021383959962,29.031724366133098,17.810315589196343,17.367746205070937
11226,2020,2020_11226,37483,60896,80354,32001,1458,4731,662400,67665,6.028227296238824,7.752900317741816,33.27126283898618,16.668883470036207,4.732136259513782,20.100495086085864,11.446094731397324,96332,16.959058256861688,16.281194203379975,37.935473155337796,21.215172528339494,37483,31.53162767121095,27.484459621695166,17.674679187898516,23.30923351919537
11228,2020,2020_11228,15473,76278,103981,6540,1565,8517,953000,32164,11.917050118144507,6.177714214649919,28.72777017783858,10.524188533764455,6.550802139037433,23.58226588732745,12.520208929237658,43878,15.777838552349696,12.03336523998359,33.807374994302386,29.84639226947445,15473,20.59070639177923,26.349124281005622,21.85742906999289,31.202740257222256
11229,2020,2020_11229,31099,66332,89740,15704,1388,14757,669300,57965,9.23660829811093,4.98059173639265,27.518330026740276,12.06935219529026,7.668420598637109,23.27266453894592,15.25403260588286,81909,17.56583525619895,12.275818286146823,30.12245296609652,31.329890488224734,31099,26.852953471172707,28.672947683205248,17.94913019711245,26.5249686485096
11230,2020,2020_11230,31254,57770,85020,20646,1440,9609,796900,56154,8.027923211169284,8.845318232004844,20.10186273462264,12.0472272678705,7.363678455675464,24.61089147700965,19.003098621647613,87188,19.755012157636372,13.30687709317796,29.346928476395835,24.887599210900582,31254,29.96096499648045,26.486209765150058,15.620400588724642,27.932424649644844
11231,2020,2020_11231,15871,108525,169055,10587,1951,5155,1356300,26421,4.829491692214527,5.234472578630635,11.857991748987548,9.079898565534991,3.03546421407214,33.60205896824496,32.36062223231521,37796,16.647264260768335,10.89797862207641,44.18192401312308,18.19240131230818,15871,31.214164198853254,32.146682628693846,16.81053493793712,19.828618234515783
11232,2020,2020_11232,8936,74072,98875,6826,1715,2012,775000,19003,16.7078882281745,13.187391464505604,21.096668947008368,11.524496132189654,4.246697889806873,19.64426669473241,13.592590643582591,26501,16.354099845288857,17.58046866155994,43.636089204180976,15.795630353571562,8936,21.877797672336616,32.945389435989256,18.106535362578335,27.070277529095794
11233,2020,2020_11233,31811,48278,71104,24071,1308,7099,920800,53815,6.923720152373873,9.818823748025643,32.25494750534237,14.715228096255691,6.854966087522066,19.48899005853387,9.943324351946483,79796,17.34548097649005,19.004712015639882,34.84009223519976,20.111283773622738,31811,31.960642545031593,29.511804092923832,17.896325170538493,20.631228191506082
11234,2020,2020_11234,32227,84116,109876,9733,1522,21898,615500,63737,5.461505875707987,5.7956916704582895,28.91099361438411,15.474528139071497,8.20559486640413,21.402011390558076,14.74967444341591,90372,18.06643650688266,11.23356791926703,31.810737839153717,31.075996990218208,32227,22.046731001954882,29.999689701182238,18.332454153349676,29.621125143513204
11235,2020,2020_11235,32492,56308,83018,19396,1414,12502,603200,58739,6.445462129079488,4.91836769437682,22.838318663920056,9.530295033963808,8.314748293297468,26.920785168286827,21.032023017075534,76921,12.936649289530818,10.749990249736744,31.75725744595104,33.71641034307926,32492,32.31256924781485,31.894004678074605,16.484057614181953,19.309368459928596
11236,2020,2020_11236,34018,74015,89086,17096,1442,16413,575800,68250,5.627838827838827,6.124542124542125,31.425641025641028,18.28717948717949,9.321611721611722,19.21904761904762,9.994139194139194,98821,18.2623126663361,14.578885054796046,31.97700893534775,27.218910960221002,34018,23.367040978305603,27.100358633664527,20.162854959139278,29.369745428890585
11237,2020,2020_11237,17383,57375,76385,15664,1697,1569,846300,32770,13.069880988709183,13.338419285932254,20.83613060726274,11.33353677143729,5.135794934391211,26.624961855355505,9.661275556911807,46772,15.887710596083124,25.957838022748653,37.41554776361926,15.650389121696742,17383,23.94293275038831,30.62187194385319,22.142322959213022,23.292872346545476
11238,2020,2020_11238,25443,100568,136836,17285,2020,7839,983500,44358,3.519094639072997,5.593128635195456,10.406240137066597,8.934126876775327,3.893322512286397,35.73199873754452,31.922088462058703,55102,10.064970418496607,14.999455555152263,46.174367536568546,20.494718884976955,25443,35.91950634752191,35.47537633140746,16.07907872499312,12.526038596077507
11239,2020,2020_11239,6771,29571,43455,6562,676,193,532700,9354,7.868291639940132,7.440667094291212,38.52897156296771,15.790036348086382,10.551635663887108,11.834509300833869,7.985888389993585,12832,16.94201995012469,9.600997506234414,24.563591022443887,38.271508728179555,6771,47.688672278836215,29.065130704474967,15.226702111948013,8.019494904740807
11351,2020,2020_11351,0,-666666666,-666666666,0,-666666666,0,-666666666,0,,,,,,,,0,0.0,0.0,0.0,0.0,0,,,,
11354,2020,2020_11354,20115,45838,67230,11412,1546,7673,426400,41442,13.006129047825876,12.586265141643745,29.322909126007435,12.407702330968585,8.698904493026397,14.79658317648762,9.181506684040343,52351,11.260529884815952,12.17550763118183,33.90193119520163,33.32505587285821,20115,30.30077056922694,28.431518767089237,21.24285359184688,20.024857071836937
11355,2020,2020_11355,28422,45527,66479,18050,1474,8569,652900,62296,17.230640811609092,15.41672017465006,28.350134840118145,9.103313214331578,8.315140618980351,13.209515859766276,8.374534480544497,81358,12.555618378032891,11.787408736694609,35.953440350057775,31.070085301998578,28422,23.5240306804588,27.644078530715642,20.24136232495954,28.590528463866022
11356,2020,2020_11356,7346,64324,85304,3626,1788,3483,683400,16126,10.523378395138286,10.37455041547811,32.77936252015379,14.281284881557731,10.572987721691678,14.994418950762745,6.47401711521766,24178,20.043014310530232,10.815617503515593,36.835139382910086,22.834808503598314,7346,14.960522733460389,26.694799891097198,22.284236319085217,36.0604410563572
11357,2020,2020_11357,14437,82858,106791,3547,1835,10468,794200,29968,11.131873998932194,6.333422317138281,24.2625467164976,15.66337426588361,6.803924185798185,22.654164442071544,13.15069407367859,40118,15.372152151154097,8.759160476594047,32.845605463881554,33.46128919686924,14437,26.27277135138879,30.463392671607675,15.43949574011221,27.82434023689132
11358,2020,2020_11358,12923,70777,94084,5028,1769,7461,840800,27200,8.779411764705882,8.238970588235293,24.088235294117645,15.044117647058824,11.102941176470589,19.121323529411764,13.625000000000002,36665,14.343379244511114,12.23510159552707,34.20155461611892,30.606845765716624,12923,22.634063297995823,30.201965487889808,18.447728855528904,28.71624235858547
11359,2020,2020_11359,0,-666666666,-666666666,0,-666666666,0,-666666666,0,,,,,,,,0,0.0,0.0,0.0,0.0,0,,,,
11360,2020,2020_11360,8293,84356,111102,2008,2102,6087,590300,14856,6.334141087775983,3.735864297253635,20.005385029617663,14.526117393645666,6.838987614431879,25.08077544426494,23.47872913301023,18892,10.882913402498414,10.988778318865128,28.742324793563412,38.635401228033025,8293,38.719401905221275,32.5816954057639,11.226335463644038,17.472567225370796
11361,2020,2020_11361,10659,86545,108796,3747,1936,6589,744800,21828,7.293384643577057,6.491662085394906,20.70276708814367,13.803371816016128,9.359538207806487,24.45024738867509,17.89902877038666,28531,14.139006694472677,12.025516105288984,33.10784760436017,32.277172198661106,10659,27.516652594051976,29.074021953278915,17.722112768552396,25.687212684116712
11362,2020,2020_11362,7153,92212,110938,1386,1963,5631,399000,14203,5.224248398225726,4.907413926635218,20.784341336337395,12.969091037104835,8.512286136731676,26.768992466380343,20.833626698584805,18694,14.437787525409222,10.629078848828502,30.100567026853533,34.695624264469885,7153,27.009646302250808,32.72752691178526,13.910247448622956,26.352579337340977
11363,2020,2020_11363,2779,111094,141278,606,2055,2113,807300,5191,6.838759391254095,2.0419957618955884,12.810633789250623,13.311500674243884,5.548063956848392,32.652668079368134,26.79637834713928,6834,13.769388352355868,9.364940005853088,30.94820017559262,36.157448053848405,2779,26.34041021950342,31.558114429650953,21.5545160129543,20.546959337891327
11364,2020,2020_11364,13141,87135,103613,3582,1869,9259,619600,26431,6.95395558245999,4.627142370701071,22.292005599485453,12.799364382732398,8.800272407400401,27.36180999583822,17.165449661382468,35866,16.83209725087827,10.070819160207439,32.758043829810966,33.059164668488265,13141,25.97214823833803,28.559470359942168,21.604139715394567,23.86424168632524
11365,2020,2020_11365,15702,70102,87247,7762,1576,7177,763000,32181,8.405580932848574,5.425561666822039,25.25403188216649,13.29977315807464,9.803921568627452,23.8836580591032,13.927472732357602,43730,15.37388520466499,13.475874685570545,31.689915389892523,30.343013949233935,15702,25.20061138708445,29.633167749331296,16.679403897592664,28.486816965991597
11366,2020,2020_11366,4514,91795,111591,1268,1738,3172,808500,9776,6.7000818330605565,7.109247135842881,20.5810147299509,13.195581014729951,7.467266775777414,25.99222585924713,18.95458265139116,14109,14.692749308951734,16.237862357360548,30.236019561981713,30.31398398185555,4514,14.532565352237484,30.416482055826314,25.143996455471868,29.906956136464334
11367,2020,2020_11367,13930,64332,85658,7071,1390,6414,544400,26856,7.890229371462615,5.4997021149836165,26.17664581471552,11.565385761096216,6.862526064938934,23.96112600536193,18.044384867441167,40141,18.006526992351958,14.738048379462395,28.394907949478092,26.815475449042125,13930,23.962670495333814,29.239052404881548,21.938262742282845,24.860014357501793
11368,2020,2020_11368,28163,56904,71465,21949,1684,5754,621500,71182,25.61181197493748,10.745694136158017,31.751004467421534,11.802140990699897,6.116714899834228,11.0210446461184,2.951588884830435,108661,20.242773396158697,14.833288852486174,38.33206026081115,17.099971470904926,28163,14.51904981713596,21.002734083726875,18.052054113553243,46.426161985583924
11369,2020,2020_11369,9566,61860,78247,3760,1700,5684,613400,22198,11.501036129381026,8.685467159203531,39.04856293359762,11.712766915938372,7.703396702405622,13.780520767636723,7.568249391837102,30693,16.195875281008696,12.93128726419705,35.28817645717264,27.514416968038315,9566,24.315283295003137,23.688061885845705,21.325527911352708,30.671126907798453
11370,2020,2020_11370,7550,67582,91315,3408,1736,3986,768900,21642,10.45189908511228,15.885777654560576,35.48655392292764,10.179281027631458,6.071527585250901,14.591997042787172,7.332963681729969,29366,14.4112238643329,17.663284070012942,40.09398624259348,20.98685554723149,7550,26.58278145695364,24.198675496688743,15.62913907284768,33.58940397350993
11371,2020,2020_11371,0,-666666666,-666666666,0,-666666666,0,-666666666,0,,,,,,,,0,0.0,0.0,0.0,0.0,0,,,,
11372,2020,2020_11372,23842,61239,82871,15622,1539,7934,378700,46799,12.936173849868588,7.230923737686703,29.336096925147974,11.690420735485802,7.831363918032437,17.470458770486548,13.50456206329195,63107,15.167889457587908,10.357012692728222,42.08566403093159,24.57096677072274,23842,31.01249895143025,28.131029276067444,16.437379414478652,24.419092358023654
11373,2020,2020_11373,31255,56835,73043,20941,1616,9624,612700,69055,17.277532401708783,6.811961479979726,31.72398812540728,9.685033668814713,6.697559916008979,20.230251249004414,7.573673159076098,96495,16.881703715218404,14.399709829524845,37.03300689154878,24.556712783045757,31255,21.414173732202848,25.163973764197728,19.54567269236922,33.87617981123021
11374,2020,2020_11374,19044,75266,93752,10902,1730,7888,433800,33421,4.676700278268155,3.8359115526166185,17.659555369378534,11.16962388917148,8.228359414739236,31.94697944406212,22.48287005176386,43173,12.991916243948763,11.942649341023326,35.40407198943784,31.1606791281588,19044,36.079605124973746,31.327452215921024,17.04473850031506,15.548204158790172
11375,2020,2020_11375,32509,88117,116806,15116,1807,16933,468400,56783,3.611996548262685,2.263001250374232,14.007713576246411,10.853600549460223,5.903175246112393,33.71431590440801,29.64619692513604,72615,12.384493561936239,10.806307236796805,35.22412724643669,32.15864490807684,32509,36.83902919191608,33.28309083638377,15.577224768525639,14.300655203174506
11377,2020,2020_11377,31601,59910,79252,20900,1529,9934,570000,63531,11.73600289622389,7.061119768302089,31.75457650595772,11.399159465457808,7.682863483968457,20.547449276731044,9.81882860335899,82021,12.833298789334439,12.768681191402202,40.972433888882115,26.365199156313626,31601,32.58441188569982,27.73329957912724,15.527989620581629,24.15429891459131
11378,2020,2020_11378,12887,82326,99441,5633,1668,7013,673900,27038,6.757156594422664,6.709076115097271,33.79687846734226,16.28818699607959,9.323914490716769,18.85124639396405,8.273540942377394,39033,18.038582737683498,12.274229498116977,35.608331411882254,25.094151102912917,12887,21.797159928610228,25.32009001319159,20.858229223248234,32.024520834949946
11379,2020,2020_11379,13561,89700,107104,4993,1696,8124,708700,28290,6.574761399787911,6.613644397313538,27.674089784376104,15.231530576175327,7.624602332979852,22.262283492400144,14.019088016967126,37780,16.307570142932768,10.044997353096877,35.05029115934357,30.661725780836424,13561,22.660570754369147,30.15264361035322,18.744930314873535,28.441855320404102
11385,2020,2020_11385,35589,77044,90871,23986,1626,11068,673600,73573,9.36077093498974,6.795971348184795,30.00421350223588,16.02354124475011,7.900996289399644,19.67297785872535,10.241528821714487,105025,16.755058319447752,16.25041656748393,38.44037134015711,21.039752439895263,35589,19.36553429430442,29.59622355222119,21.534743881536432,29.503498271937957
11411,2020,2020_11411,6183,104269,118439,752,1352,5383,464100,15295,2.961752206603465,3.7267080745341614,26.459627329192543,23.654789146779997,10.088264138607387,19.548872180451127,13.55998692383132,20473,14.321301226004984,13.40301860987642,32.12035363649685,32.93606213061105,6183,19.488921235646124,24.599708879184863,18.389131489568168,37.522238395600844
11412,2020,2020_11412,11259,85235,101822,2687,1486,8429,475000,26928,4.968805704099822,6.755050505050505,32.520053475935825,22.84982174688057,8.10308972073678,15.467171717171718,9.336007130124775,37987,16.368757732908627,14.810329849685417,32.7980624950641,28.76773633085003,11259,20.738964384048316,23.279154454214407,18.989253042010837,36.99262811972644
11413,2020,2020_11413,12694,91836,108650,3340,1748,9151,486900,29393,3.9873439254244207,6.215765658490117,31.12986085122308,22.848977647739257,9.441023372911918,15.97999523696118,10.397033307250023,41810,18.026787849796698,13.018416646735231,34.38651040420952,27.646496053575692,12694,17.756420356073736,25.96502284543879,19.993697809988973,36.284858988498506
11414,2020,2020_11414,11058,75599,105479,2646,1658,8216,538500,21019,4.738569865359913,6.908035586849993,31.77601217945668,19.187401874494505,9.22022931633284,15.271896855226224,12.897854322279844,27672,15.55362821624747,9.540329575021683,31.08918762648164,34.39939288811795,11058,29.878820763248328,34.725990233315244,14.170736118647135,21.224452884789294
11415,2020,2020_11415,7849,75476,104554,4619,1600,3089,377700,13540,3.988183161004432,3.670605612998523,19.084194977843428,16.322008862629247,8.552437223042835,27.23042836041359,21.15214180206795,18464,14.872183708838822,13.810658578856152,36.55220970537262,26.02361351819757,7849,38.99859854758568,32.51369601223086,11.084214549624157,17.403490890559308
11416,2020,2020_11416,7409,73471,88125,3995,1577,3287,591600,17893,12.775945900631532,10.18834180964623,31.822500419158327,15.85536243223607,8.025484826468452,15.235008103727717,6.097356508131671,26087,17.974470042549928,15.153141411430983,34.34660942231763,24.73262544562426,7409,13.982993656363881,22.25671480631664,22.17573221757322,41.584559319746255
11417,2020,2020_11417,8887,79210,94565,3570,1647,5255,587600,20859,9.837480224363585,9.693657414065871,27.92080157246273,17.915528069418478,8.04448918931876,18.79764130591112,7.7904022244594655,31156,19.28039542945179,15.168827834125048,32.36294774682244,25.195788933110798,8887,15.472037808034209,22.999887476088666,17.722516034657364,43.80555868121976
11418,2020,2020_11418,11250,73856,94702,5738,1568,5205,593100,25581,11.301356475509166,9.264688636097103,28.17325358664634,15.159688831554668,6.211641452640632,18.49028575896173,11.39908525859036,37666,18.188817501194713,14.753358466521531,33.00058408113418,25.34381139489195,11250,19.77777777777778,21.137777777777778,19.982222222222223,39.102222222222224
11419,2020,2020_11419,12497,79589,93449,4501,1626,7857,577200,34287,17.476011316242307,9.828798086738413,32.64502581153207,12.56452883016887,6.279347857788667,14.524455332925015,6.6818327646046605,47955,15.026587425711606,17.480971744343655,33.06641643207173,28.055468668543426,12497,10.74657917900296,19.28462831079459,20.69296631191486,49.27582619828759
11420,2020,2020_11420,13042,85190,102028,3493,1725,9311,563300,33652,11.363366218946869,10.468917152026624,32.33685962201356,17.181742541305123,8.210507547842624,13.45239510281707,6.986211815048139,47266,16.483307239876442,14.945203740532305,34.72686497693902,27.06385139423687,13042,12.022695905535961,22.69590553596074,20.679343658948014,44.602054899555284
11421,2020,2020_11421,11325,77738,97905,4969,1689,6071,554400,27606,13.236252988480764,9.027023110917916,28.27283923784685,15.42780554951822,9.327682387886693,17.84394696805042,6.864449757299138,39654,17.309729157209865,14.548343168406717,35.44156957683966,25.276138598880316,11325,13.20971302428256,24.32671081677704,20.503311258278146,41.96026490066225
11422,2020,2020_11422,9951,93397,107049,3223,1824,6629,480100,23738,3.4712275676131097,7.355295307102535,27.47914735866543,23.4771252843542,8.796023253854578,18.69154941444098,10.729631813969164,32786,16.711401207832612,14.140181784908192,34.944793509424755,27.71304825230281,9951,17.646467691689278,23.454929152848962,23.71620942618832,35.18239372927344
11423,2020,2020_11423,9838,70990,89972,3928,1431,5683,553300,21404,7.9844888805830685,6.307232293029339,24.79443094748645,19.88413380676509,7.704167445337321,21.54737432255653,11.778172304242196,29532,15.752404171745901,13.466747934443992,32.57144792089937,29.940403629960723,9838,23.66334620857898,28.064647286033743,18.17442569627973,30.097580809107544
11424,2020,2020_11424,0,-666666666,-666666666,0,-666666666,0,-666666666,26,0.0,50.0,50.0,0.0,0.0,0.0,0.0,40,0.0,35.0,65.0,0.0,0,,,,
11425,2020,2020_11425,0,-666666666,-666666666,0,-666666666,0,-666666666,0,,,,,,,,0,0.0,0.0,0.0,0.0,0,,,,
11426,2020,2020_11426,6287,102770,119975,1370,1744,4811,576600,14501,3.523894903799738,5.675470657196056,27.315357561547483,15.28170471002,7.096062340528239,23.832839114543823,17.274670712364664,20222,15.567204035209178,11.462763327069528,32.17288102067055,30.056374245870835,6287,17.862255447749323,30.52330205185303,16.319389215842214,35.295053284555436
11427,2020,2020_11427,7745,81688,105540,2820,1486,4731,558600,18272,6.62215411558669,7.454028021015762,24.573117338003502,16.424036777583186,10.11930823117338,21.01028896672504,13.797066549912437,25096,14.659706726171502,11.503825310806505,30.718042715970675,32.654606311762834,7745,17.469335054874115,27.708198837959973,21.549386701097482,33.273079406068426
11428,2020,2020_11428,6121,77466,94622,1615,1511,4373,551600,14617,9.577888759663406,8.866388451802695,31.853321474994868,16.556064855989604,9.146883765478552,15.865088595471027,8.13436409659985,19830,14.65456379223399,14.37720625315179,31.401916288451844,32.617246596066565,6121,15.78173501061918,21.074987747100145,24.701846103577846,38.441431138702825
11429,2020,2020_11429,8006,82532,97848,2072,1355,5803,480000,19941,5.807131036557846,8.35464620630861,30.06870267288501,20.50047640539592,9.146983601624791,16.929943332831854,9.19211674439597,27808,15.099971231300344,17.66398158803222,30.43728423475259,28.53495397008055,8006,19.048213839620285,25.2560579565326,15.850612040969272,39.845116162877844
11430,2020,2020_11430,0,-666666666,-666666666,0,-666666666,0,-666666666,207,3.3816425120772946,18.84057971014493,42.028985507246375,14.492753623188406,10.628019323671497,7.246376811594203,3.3816425120772946,220,0.0,20.454545454545453,43.63636363636363,33.18181818181818,0,,,,
11432,2020,2020_11432,18790,66270,90626,11189,1590,7460,650800,42648,11.043894203714125,8.27236916150816,22.620052522978803,13.489495404239356,7.798724441943349,23.429000187582066,13.34646407803414,64282,18.61485330263526,14.683737282598551,30.89511838461778,26.57975794156996,18790,20.803618946248005,22.948376796168173,17.514635444385313,38.73336881319851
11433,2020,2020_11433,10655,62453,80032,5776,1312,4638,459400,24712,10.71948850760764,10.003237293622531,36.13629006150858,17.74441566850113,7.575267076723859,12.815636128196829,5.00566526383943,36929,20.04657586178884,15.556879417260149,32.659969129952074,24.00552411384007,10655,21.482871891130927,20.64758329422806,18.845612388549977,39.02393242609104
11434,2020,2020_11434,21510,65845,83921,10634,1179,10698,441000,43069,4.323295177505862,8.388864380412826,30.17483572871439,26.23000301841232,7.875734286842044,15.22672920197822,7.780538206134342,62590,18.675507269531874,13.577248761783032,32.09937689726793,27.23118709058955,21510,31.655044165504414,23.231055323105533,19.7024639702464,25.411436541143654
11435,2020,2020_11435,19310,69873,88634,12343,1604,6631,441300,41799,12.667767171463431,8.229861958420058,21.031603626881022,18.70379674154884,8.004976195602765,19.88325079547357,11.478743510610302,59392,16.045932112068964,15.655307112068966,35.31452047413793,23.92241379310345,19310,24.93008803728638,25.380631796996372,17.47799067840497,32.21128948731227
11436,2020,2020_11436,5496,72962,94392,1585,1631,3817,459900,13284,7.015959048479374,9.319482083709726,35.80246913580247,18.450767841011743,8.310749774164409,14.769647696476964,6.3309244203553146,18955,18.07966235821683,15.468214191506199,34.57135320495912,25.418095489316805,5496,19.432314410480352,21.652110625909753,24.10844250363901,34.80713245997089
11451,2020,2020_11451,0,-666666666,-666666666,0,-666666666,0,-666666666,0,,,,,,,,0,0.0,0.0,0.0,0.0,0,,,,
11691,2020,2020_11691,21163,52605,81358,15645,1278,5234,548000,41183,10.972974285506156,10.713158342034337,27.178690236262536,17.672340528858996,7.534662360682806,14.853216132870358,11.074958113784811,68454,24.394483886989804,14.294270605077863,27.982294679638883,22.328863178192655,21163,28.07257950196097,22.62911685488825,18.891461513018005,30.406842130132777
11692,2020,2020_11692,7408,53077,73727,4568,1170,2705,456600,14613,10.223773352494357,8.300828029836447,28.317251762129608,19.256826113734345,7.87654827892972,15.978922876890438,10.045849585985083,22394,21.72903456282933,10.87791372689113,32.81236045369295,25.011163704563728,7408,25.134989200863934,31.78995680345572,16.833153347732182,26.241900647948164
11693,2020,2020_11693,5210,52946,77184,2645,964,2527,353400,9165,8.01963993453355,11.325695581014733,26.470267321331157,13.726132024004364,9.634478996181125,16.95581014729951,13.86797599563557,13029,17.42267249980812,12.594980428275385,29.91787550848108,30.884948960012284,5210,30.710172744721685,35.96928982725528,15.85412667946257,17.46641074856046
11694,2020,2020_11694,8069,87755,114854,3502,1435,4307,704200,15472,3.781023784901758,6.308169596690797,23.66209927611169,15.395553257497417,6.159513960703205,23.57807652533609,21.11556359875905,21258,16.850127011007622,8.900178756232947,33.629692351114876,32.66534951547652,8069,34.353699343165204,32.06097409840129,13.97942743834428,19.60589912008923
11697,2020,2020_11697,1295,116205,152227,51,788,1244,598600,2540,0.0,4.173228346456693,13.346456692913383,23.18897637795276,11.377952755905511,25.551181102362204,22.362204724409448,3527,14.062943011057556,15.764105472072583,20.66912390133258,40.96966260277856,1295,27.722007722007724,27.56756756756757,15.057915057915059,29.65250965250965
10001,2019,2019_10001,12997,92840,160300,9585,2128,3285,386800,19052,4.681923157673735,4.524459374343901,12.098467352508925,7.631744698719295,2.8133529288263697,39.680873399118205,28.569179088809577,24117,9.644649002778124,22.050835510221006,39.21714972840734,23.800638553717295,12997,54.058628914364846,30.583980918673543,9.602215895975995,5.755174270985612
10002,2019,2019_10002,33459,36982,69323,28721,980,4526,689700,59346,19.77386849998315,13.931857243959156,19.11165032184141,9.372156505914468,4.424898055471304,22.255922892865566,11.12964647996495,74479,10.823185058875657,16.060903073349536,33.2469555176627,32.42524738516897,33459,42.36229415105054,30.98418960518844,14.259242655189933,12.394273588571087
10003,2019,2019_10003,26043,118161,196931,17381,2331,8445,1028900,37899,2.928837172484762,1.5171904271880523,5.997519723475554,7.0081004775851605,3.0317422623288213,43.20430618222117,36.31230375471649,53977,16.56261000055579,24.569724141764084,32.66020712525705,21.92230023899068,26043,56.14176554160427,31.755174135084285,7.245709019698192,4.857351303613255
10004,2019,2019_10004,1777,190223,249586,1086,3324,673,1783600,2837,1.0222065562213607,0.0352485019386676,2.678886147338738,3.6305956996827633,0.7754670426506873,44.7303489601692,47.12724709199859,3335,7.166416791604197,16.611694152923537,52.473763118440786,17.181409295352324,1777,45.638716938660664,32.02025886325267,16.54473832301632,5.796285875070343
10005,2019,2019_10005,4363,189702,225453,3372,3356,919,1298900,6449,0.2015816405644286,0.0310125600868351,4.434796092417429,2.124360365948209,2.8841680880756706,51.00015506280043,39.323926190107,8701,6.8727732444546605,34.995977473853586,46.36248707045167,5.286748649580509,4363,41.50813660325464,40.17877607151043,8.68668347467339,9.626403850561541
10006,2019,2019_10006,1729,179044,219182,1294,3183,399,980300,2472,0.6472491909385114,0.0,2.9935275080906147,4.975728155339806,2.103559870550162,40.45307443365696,48.82686084142394,3092,8.34411384217335,26.228978007761967,53.6869340232859,8.376455368693401,1729,49.045691150954305,34.81781376518219,11.39386928860613,4.742625795257374
10007,2019,2019_10007,2802,224063,358261,1766,3394,1010,2000001,5495,2.402183803457689,3.7852593266606007,6.46041856232939,4.786169244767971,0.5823475887170155,47.49772520473157,34.48589626933576,7408,11.44708423326134,13.161447084233263,52.76727861771058,13.06695464362851,2802,37.29478943611706,31.798715203426127,10.242683797287652,20.663811563169165
10009,2019,2019_10009,29764,63717,98865,27669,1723,1837,553000,45697,6.923868087620631,6.022277173556251,14.04249731929886,10.665908046480077,3.8251964023896536,37.665492264262426,20.854760706392103,58293,8.971917725970528,25.17969567529549,35.534283704732985,24.64275298920968,29764,49.13654078752856,31.420507996237063,11.809568606370112,7.633382609864266
10010,2019,2019_10010,16815,132988,212461,11481,2509,5185,878500,26888,1.2012793811365663,2.220321332936626,9.543290687295448,7.092383219279977,2.186849152038084,38.80541505504314,38.95046117227016,35906,12.070406060268478,21.937837687294603,38.49774410961957,20.174901130730245,16815,48.33779363663396,32.411537317870945,8.760035682426405,10.490633363068689
10011,2019,2019_10011,29089,138272,217601,17534,2226,11207,1030400,42124,1.9323900864115469,1.5359415060298167,5.593011110056025,7.304624442123255,2.9864210426360267,41.27100940081664,39.37660241192669,49949,7.523674147630583,15.513824100582594,41.93477346893832,30.272878335902618,29089,59.565471484066144,27.17865859947059,7.968647942521227,5.28722197394204
10012,2019,2019_10012,12181,106467,168250,9818,2267,2252,1481000,18349,2.773993133140771,2.5178483841081256,7.2156520791323775,6.011226769851218,2.5886969317129,43.86070085563246,35.031881846422145,23318,6.252680332790119,29.41933270434857,37.20301912685479,22.167424307402005,12181,50.554141696084066,33.100730646088174,10.59847303177079,5.746654626056974
10013,2019,2019_10013,12026,113191,278452,8613,1692,3198,2000001,21420,11.26984126984127,6.573295985060692,7.73109243697479,5.924369747899159,2.7777777777777777,39.17833800186742,26.5452847805789,28799,11.896246397444354,16.427653737977014,38.22007708600993,23.101496579742353,12026,36.62065524696491,31.989023781806086,13.64543489106935,17.744886080159656
10014,2019,2019_10014,18013,133501,211811,12021,2480,5705,1120100,26002,0.1846011845242673,1.022998230905315,5.488039381586032,6.426428736251058,1.6883316667948618,44.83885854934236,40.350742250596106,30344,5.635380964935408,20.092934352755076,42.56854732401793,25.78433957289744,18013,57.98034752678621,29.561983012268918,8.393937711652695,4.063731749292178
10016,2019,2019_10016,29200,126628,179164,20349,2630,8573,839700,42203,1.864796341492311,1.511740871502026,4.416747624576452,7.435490367983319,2.296045304836149,45.3759211430467,37.09925834656304,52886,5.494837953333585,31.987671595507315,36.88499792005446,20.009076126006885,29200,54.45547945205479,31.061643835616437,9.352739726027396,5.13013698630137
10017,2019,2019_10017,9663,131045,177385,5502,2485,4087,657900,13370,2.610321615557217,2.086761406133134,3.792071802543007,7.068062827225131,1.1892296185489903,48.1151832460733,35.13836948391923,15846,5.124321595355295,22.895367916193358,37.70667676385208,28.890571753123822,9663,60.17799855117458,28.81092828314188,6.374831832764152,4.636241332919383
10018,2019,2019_10018,4727,122484,171597,4174,3371,525,738100,7548,3.683094859565448,4.107048224695284,9.15474297827239,9.923158452570217,2.861685214626392,36.552729199788025,33.71754107048225,8806,3.8042243924596866,30.626845332727683,47.96729502611855,13.047921871451281,4727,45.14491220647345,42.6909244764121,7.3196530569071285,4.844510260207319
10019,2019,2019_10019,26158,103792,180825,20108,2096,5626,912800,38840,2.548918640576725,2.1910401647785784,8.782183316168899,7.914521112255407,5.100411946446962,37.0211122554068,36.44181256436664,45498,5.29254033144314,20.189898457075035,44.34041056749747,25.46485559804826,26158,54.862757091520756,32.288401253918494,8.18487651961159,4.663965134949155
10020,2019,2019_10020,0,-666666666,-666666666,0,-666666666,0,-666666666,0,,,,,,,,0,0.0,0.0,0.0,0.0,0,,,,
10021,2019,2019_10021,23935,122169,228158,13276,2250,10308,1448000,36119,0.6561643456352612,0.3516154932307096,6.95755696447853,9.208449846341262,4.280295689249425,35.27229436030898,43.27362330075584,44280,10.907859078590786,8.999548328816621,38.934056007226744,32.2583559168925,23935,51.67328180488824,28.226446626279504,9.801545853352831,10.298725715479423
10022,2019,2019_10022,17953,150718,256602,8786,2562,8844,976600,26682,1.9938535342178247,0.9744396971741248,4.369987257327037,7.004722284686306,3.0095195262723933,39.67843489993254,42.96904280038978,31130,6.929007388371346,14.034693221972375,33.96723417924831,37.01574044330228,17953,52.932657494569156,34.40650587645519,8.026513674594774,4.634322954380883
10023,2019,2019_10023,34289,132605,228373,20384,2346,13367,1218900,50610,1.414740169926892,1.0768622801817822,7.134953566488836,7.427385892116183,2.0707370084963443,33.712704999012054,47.16261608377791,62541,10.014230664683966,11.24702195359844,38.45797157064965,31.785548680065876,34289,53.49820642188456,30.003791303333433,8.524599725859606,7.973402548922396
10024,2019,2019_10024,28165,143623,270850,16307,2281,11429,1634200,46577,1.3826566760418233,2.849045666315993,5.35242716362153,5.990080941237092,2.4089142709921205,36.11868518796831,45.89819009382313,58102,11.59340470207566,10.03235688960793,38.349798629995526,30.90427179787271,28165,43.4901473459968,34.15231670513048,8.986330552103675,13.37120539676904
10025,2019,2019_10025,41355,91624,164426,28933,1605,11743,1038600,70972,6.437750098630445,4.645493997632869,10.444964211238236,8.849969001859888,3.367525221214,28.175900355069604,38.07839711435496,92251,11.645402217862138,18.435572514119087,32.477696718734755,30.358478498878057,41355,42.328618063112074,32.1339620360295,14.322331036150404,11.215088864708015
10026,2019,2019_10026,15479,59691,105702,12513,1230,2700,861200,28208,6.094015882019285,10.684912081678956,20.256664775950085,13.783323879750425,3.9492342597844585,23.15300623936472,22.078842881452072,38585,14.549695477517169,18.80782687572891,39.43242192561877,19.647531424128548,15479,38.65236772401318,28.477291814716715,16.241359260934168,16.62898120033594
10027,2019,2019_10027,23956,51938,88477,20208,1249,3232,739900,41971,6.726072764527888,7.683876962664697,19.163231755259584,11.574658692907008,4.912916061089801,23.67825403254628,26.26098973100474,64988,17.357050532405985,25.103095956176524,32.38444020434542,18.41878500646273,23956,36.8049757889464,32.05042578059776,15.186174653531475,15.958423776924361
10028,2019,2019_10028,24640,122969,226108,15905,2346,8374,1326400,37906,1.2873951353347757,0.5038780140347174,4.5744736980952885,6.930301271566506,2.986334617210996,39.6533530311824,44.06426423257532,46768,10.60981867943893,16.254704071159768,38.199196031474514,27.578686281217927,24640,49.00568181818182,31.2987012987013,9.415584415584416,10.280032467532466
10029,2019,2019_10029,31470,33720,70496,28777,914,2184,647600,52595,12.706531039072155,13.138131001045728,23.75510980131191,13.356782964160091,5.133567829641601,17.739328833539307,14.170548531229205,76713,18.072556150847966,17.330830498090286,33.94209586380405,23.555329605151666,31470,41.515729265967586,28.30632348268192,14.839529710835716,15.338417540514776
10030,2019,2019_10030,12688,42348,74544,11010,1023,1488,646500,22248,9.277238403451996,12.544947860481845,22.393024092053217,18.82416396979504,5.852211434735707,18.44210715569939,12.666307083782812,31060,13.886027044430136,18.873148744365743,38.084352865421764,19.133934320669674,12688,43.63965952080706,26.434426229508194,14.643757881462799,15.28215636822194
10031,2019,2019_10031,21744,53660,78767,18015,1425,2921,498800,43802,14.581525957718824,9.798639331537371,19.960275786493767,13.791607689146614,4.223551436007488,21.09949317382768,16.54490662526825,59586,12.645587889772765,21.114020071828953,38.567784378880944,20.94787366159836,21744,33.74264164827079,28.0813097866078,18.59823399558499,19.57781456953642
10032,2019,2019_10032,21226,53525,70511,18820,1239,1950,465200,47772,17.529096541907393,11.960981327974546,19.00485640123922,14.83504981997823,5.088754919199531,19.77099556225404,11.81026542744704,63214,12.059037554972,23.678299110956434,35.12354858101053,23.21795804726801,21226,31.272967115801375,28.50277960991237,18.100442853104685,22.12381042118157
10033,2019,2019_10033,19833,63093,80333,17136,1460,2215,531600,42713,16.407182824901085,10.095287149111511,18.04368693372041,12.483318895886498,5.1085149720225695,22.992999789291314,14.869009435066609,58349,14.16648100224511,18.98061663438962,35.6098647791736,23.97127628579753,19833,29.45091514143095,30.252609287551053,15.781777845005799,24.5146977260122
10034,2019,2019_10034,16156,54406,73273,14279,1347,1523,359000,30754,15.610977433829746,10.008454184821488,17.971645964752554,15.214281069129218,5.947193860961176,20.33231449567536,14.91513299083046,42399,15.597065968536993,15.233849854949408,38.89006816198495,23.28356800867945,16156,35.732854666996786,28.354790789799456,14.644714038128251,21.267640505075512
10035,2019,2019_10035,14524,29799,56090,13268,863,1113,628700,26162,11.027444384985856,17.131717758581146,23.92018958795199,14.383456922253652,5.362739851693296,16.275514104426268,11.89893739010779,36048,14.652685308477587,18.239569462938306,37.33632933865957,21.893031513537508,14524,47.8518314513908,23.78821261360507,14.35554943541724,14.00440649958689
10036,2019,2019_10036,17260,95301,132565,15656,2163,1429,1104300,23776,2.645524899057873,3.5413862718707936,7.894515477792733,8.878701211305518,3.8231830417227455,40.94885598923284,32.267833109017495,28487,5.637659283181803,20.68311861550883,48.56601256713589,21.89068698002598,17260,59.83198146002317,31.04287369640788,5.6720741599073,3.453070683661645
10037,2019,2019_10037,9581,46263,67263,8966,1216,549,373200,14300,5.181818181818182,10.55944055944056,24.426573426573427,14.797202797202797,5.489510489510489,22.16783216783217,17.37762237762238,20462,15.238002150327436,14.197048186883002,34.92815951519891,23.98103802169876,9581,51.00720175347041,23.99540757749713,11.971610479073165,13.025780189959294
10038,2019,2019_10038,10461,95702,145757,7662,2539,2714,850100,17405,10.353346739442689,7.313990232691755,11.78397012352772,7.744900890548694,3.4070669347888534,36.52398735995404,22.872737719046253,23311,12.491956587019004,21.57350607009566,33.53781476556132,25.249882029942942,10461,40.426345473664085,34.795908612943315,15.304464200363254,9.473281713029348
10039,2019,2019_10039,11368,42278,65382,9513,965,1607,496600,18455,7.921972365212679,9.37957193172582,26.43186128420482,17.90842590083988,8.160390138173938,17.664589542129505,12.533188837713356,27854,18.3169383212465,17.056796151360665,33.916134127952894,20.919796079557695,11368,36.46199859254046,32.39795918367347,15.772343420126672,15.367698803659394
10040,2019,2019_10040,16410,49677,68330,14333,1389,1721,394900,32996,15.201842647593647,10.731603830767366,17.765789792702147,13.953206449266576,5.282458479815736,22.211783246454115,14.853315553400412,44800,15.205357142857144,15.881696428571429,36.09598214285714,24.580357142857146,16410,33.75380865326021,29.408897014015846,18.409506398537477,18.427787934186473
10044,2019,2019_10044,4774,104808,136828,3598,2641,1099,783000,10029,6.431349087645827,4.217768471432845,16.01356067404527,10.050852527669758,3.35028417588992,22.20560374912753,37.73058131418885,12440,7.644694533762058,13.22347266881029,42.10610932475884,27.580385852090032,4774,33.74528697109342,36.80351906158358,16.589861751152075,12.861332216170926
10065,2019,2019_10065,15255,148441,262473,9790,2480,5319,1627800,23602,0.9575459706804508,0.7160410134734344,6.418947546818066,7.211253283620032,1.2456571476993477,40.437251080416914,43.01330395729176,29530,8.68269556383339,15.123603115475788,38.75719607179139,28.012190992211313,15255,46.011143887250086,33.44477220583415,10.691576532284497,9.852507374631267
10069,2019,2019_10069,3230,132500,254406,2309,-666666666,908,2000001,4515,0.9302325581395348,0.5537098560354374,5.071982281284607,2.1926910299003324,2.967884828349945,40.35437430786268,47.929125138427466,6051,14.675260287555776,12.080647826805487,48.20690794909932,16.21219633118493,3230,51.08359133126935,23.560371517027864,13.498452012383902,11.857585139318886
10075,2019,2019_10075,11388,138640,224911,6323,2211,4865,1078100,17349,0.2247968182604184,1.446769266240129,8.329010317597556,7.648855841835264,5.5565162257190615,37.09723903395009,39.69681249639749,22252,12.852777278446883,11.688836958475642,34.08682365630056,31.749955060219303,11388,49.70144011239901,29.214963119072706,7.57815244116614,13.505444327362135
10103,2019,2019_10103,0,-666666666,-666666666,0,-666666666,0,-666666666,0,,,,,,,,0,0.0,0.0,0.0,0.0,0,,,,
10110,2019,2019_10110,0,-666666666,-666666666,0,-666666666,0,-666666666,0,,,,,,,,0,0.0,0.0,0.0,0.0,0,,,,
10111,2019,2019_10111,0,-666666666,-666666666,0,-666666666,0,-666666666,0,,,,,,,,0,0.0,0.0,0.0,0.0,0,,,,
10112,2019,2019_10112,0,-666666666,-666666666,0,-666666666,0,-666666666,0,,,,,,,,0,0.0,0.0,0.0,0.0,0,,,,
10115,2019,2019_10115,0,-666666666,-666666666,0,-666666666,0,-666666666,0,,,,,,,,0,0.0,0.0,0.0,0.0,0,,,,
10119,2019,2019_10119,0,-666666666,-666666666,0,-666666666,0,-666666666,0,,,,,,,,0,0.0,0.0,0.0,0.0,0,,,,
10128,2019,2019_10128,30069,121829,201417,19713,2312,9982,1082000,46735,1.1276345351449664,1.46999037124211,7.765058307478336,5.289397667700866,2.860810955386756,37.38739702578368,44.09971113726329,58636,9.980216931577871,16.143666007231054,39.018691588785046,26.968074220615318,30069,42.944560843393525,36.37633443080914,11.570055538927134,9.109049186870198
10152,2019,2019_10152,0,-666666666,-666666666,0,-666666666,0,-666666666,0,,,,,,,,0,0.0,0.0,0.0,0.0,0,,,,
10153,2019,2019_10153,0,-666666666,-666666666,0,-666666666,0,-666666666,0,,,,,,,,0,0.0,0.0,0.0,0.0,0,,,,
10154,2019,2019_10154,0,-666666666,-666666666,0,-666666666,0,-666666666,0,,,,,,,,0,0.0,0.0,0.0,0.0,0,,,,
10162,2019,2019_10162,673,152336,231740,638,2292,0,-666666666,1057,0.0,5.203405865657521,4.162724692526018,4.351939451277199,7.852412488174078,38.12677388836329,40.30274361400189,1486,6.864064602960968,2.9609690444145356,34.92597577388963,29.542395693135937,673,35.0668647845468,31.79791976225854,17.97919762258544,15.156017830609212
10165,2019,2019_10165,0,-666666666,-666666666,0,-666666666,0,-666666666,0,,,,,,,,0,0.0,0.0,0.0,0.0,0,,,,
10167,2019,2019_10167,0,-666666666,-666666666,0,-666666666,0,-666666666,0,,,,,,,,0,0.0,0.0,0.0,0.0,0,,,,
10168,2019,2019_10168,0,-666666666,-666666666,0,-666666666,0,-666666666,0,,,,,,,,0,0.0,0.0,0.0,0.0,0,,,,
10169,2019,2019_10169,0,-666666666,-666666666,0,-666666666,0,-666666666,0,,,,,,,,0,0.0,0.0,0.0,0.0,0,,,,
10170,2019,2019_10170,0,-666666666,-666666666,0,-666666666,0,-666666666,0,,,,,,,,0,0.0,0.0,0.0,0.0,0,,,,
10171,2019,2019_10171,0,-666666666,-666666666,0,-666666666,0,-666666666,0,,,,,,,,0,0.0,0.0,0.0,0.0,0,,,,
10172,2019,2019_10172,0,-666666666,-666666666,0,-666666666,0,-666666666,0,,,,,,,,0,0.0,0.0,0.0,0.0,0,,,,
10173,2019,2019_10173,0,-666666666,-666666666,0,-666666666,0,-666666666,0,,,,,,,,0,0.0,0.0,0.0,0.0,0,,,,
10174,2019,2019_10174,0,-666666666,-666666666,0,-666666666,0,-666666666,0,,,,,,,,0,0.0,0.0,0.0,0.0,0,,,,
10177,2019,2019_10177,0,-666666666,-666666666,0,-666666666,0,-666666666,0,,,,,,,,0,0.0,0.0,0.0,0.0,0,,,,
10199,2019,2019_10199,0,-666666666,-666666666,0,-666666666,0,-666666666,0,,,,,,,,0,0.0,0.0,0.0,0.0,0,,,,
10271,2019,2019_10271,0,-666666666,-666666666,0,-666666666,0,-666666666,0,,,,,,,,0,0.0,0.0,0.0,0.0,0,,,,
10278,2019,2019_10278,0,-666666666,-666666666,0,-666666666,0,-666666666,0,,,,,,,,0,0.0,0.0,0.0,0.0,0,,,,
10279,2019,2019_10279,18,-666666666,-999999999,18,-666666666,0,-666666666,42,0.0,0.0,0.0,57.14285714285714,0.0,0.0,42.85714285714285,42,0.0,0.0,100.0,0.0,18,0.0,100.0,0.0,0.0
10280,2019,2019_10280,4558,182760,251194,3015,3389,1410,835000,7294,0.4524266520427749,0.9734027968193036,2.1524540718398684,5.223471346312037,1.617768028516589,42.55552508911434,47.02495201535509,9496,13.289806234203876,8.371946082561077,49.44187026116259,20.735046335299074,4558,41.553312856516015,28.192189556823166,18.62659060991663,11.627906976744185
10282,2019,2019_10282,2291,250001,333286,2077,3435,214,2000001,3765,1.9389110225763613,0.6905710491367862,4.780876494023905,6.029216467463479,4.143426294820717,38.88446215139442,43.53253652058433,5783,18.035621649662804,6.432647414836589,49.472592080235174,7.712260072626665,2291,32.64949803579223,18.81274552597119,20.95154954168485,27.586206896551722
10301,2019,2019_10301,14467,62052,90753,7634,1328,6630,474100,26243,6.592234119574744,8.196471440003048,24.24265518423961,16.40437449986663,6.576991959760699,20.272072552680715,17.715200243874555,38280,16.63531870428422,14.932079414838034,32.622779519331246,27.664576802507835,14467,32.96467823322043,28.94172945323841,16.195479366834867,21.8981129467063
10302,2019,2019_10302,6090,66096,83658,2549,1375,3420,393400,12036,6.231306081754736,10.36889332003988,32.05383848454636,18.926553672316384,5.724493187105351,18.336656696576934,8.358258557660351,18037,21.145423296557077,16.022620169651272,35.210955258635025,20.89593613128569,6090,26.026272577996718,21.773399014778324,14.71264367816092,37.48768472906404
10303,2019,2019_10303,8268,67215,80245,3144,1094,5043,340800,16558,8.376615533276965,11.052059427467086,29.272859040946976,18.957603575311023,7.446551515883561,17.32093247976809,7.573378427346297,27401,24.634137440239407,15.864384511514178,31.133900222619612,20.11970366045035,8268,15.40880503144654,25.181422351233675,21.22641509433962,38.18335752298017
10304,2019,2019_10304,14603,54199,93285,7125,1054,7141,499700,28375,6.315418502202644,10.569162995594713,29.991189427312776,15.302202643171803,7.390308370044053,17.244052863436124,13.187665198237886,41112,20.013621327106442,14.424012453784783,31.158785755983658,27.678050204319902,14603,25.200301307950422,29.226871190851195,18.592070122577553,26.98075737862083
10305,2019,2019_10305,14565,79742,98929,4668,1329,9657,469100,30367,7.768301116343398,7.050416570619422,28.21154542760233,15.085454605328152,8.598149306813317,21.17100800210755,12.115124971185828,42726,16.650283199925106,13.546786500023405,34.07058933670365,27.568693535552118,14565,24.72365259182973,23.467215928595948,15.39993134225884,36.40920013731549
10306,2019,2019_10306,20189,80834,100813,5774,1374,14172,512600,39175,3.85449904275686,6.514358647096362,33.539246968730055,18.11359285258456,7.213784301212509,18.042118698149327,12.722399489470329,53877,16.754830447129574,12.472854836015369,32.61874269168661,30.896300833379733,20189,24.637178661647432,28.619545296943883,19.0153053643073,27.727970677101393
10307,2019,2019_10307,5271,85103,125917,1108,1216,4018,683300,10210,1.968658178256611,5.602350636630754,26.49363369245837,16.11165523996082,11.204701273261508,24.31929480901077,14.299706170421157,14906,20.293841406145177,14.001073393264457,35.15362941097545,24.68133637461425,5271,23.12654145323468,24.98577120091064,16.334661354581673,35.553025991273
10308,2019,2019_10308,10544,103027,114443,1620,1753,8648,532900,21293,1.7799276757619875,3.395482083313765,32.01521626825718,16.690931291973886,8.486357018738552,22.04480345653501,15.587282205419625,29512,17.31837896448902,11.517348875033885,33.667660612632154,30.394415830848466,10544,18.332701062215477,29.83687405159332,19.802731411229136,32.027693474962064
10309,2019,2019_10309,11523,109457,133173,1304,1422,10037,583400,24147,3.8472688118606864,3.168095415579575,31.316519650474177,19.580072058640823,7.648983310556176,22.744026173023563,11.695034579864991,34058,16.965177050913148,12.654882846908215,33.971460449820896,28.57184802395913,11523,16.749110474702768,27.21513494749631,19.49145187885099,36.54430269894993
10310,2019,2019_10310,8526,76075,94470,3452,1296,5009,482000,15971,6.743472543985975,7.306993926491765,26.879969945526263,15.227600025045396,8.778410869701334,19.591760065118027,15.47179262413124,23800,20.403361344537814,11.726890756302522,33.2436974789916,26.8781512605042,8526,25.744780670889046,26.342950973492847,18.038939713816564,29.87332864180155
10311,2019,2019_10311,0,-666666666,-666666666,0,-666666666,0,-666666666,0,,,,,,,,0,0.0,0.0,0.0,0.0,0,,,,
10312,2019,2019_10312,21318,97407,116238,3035,1280,18098,543300,42951,2.1629298502945216,4.3398291075877165,31.61975274149612,18.674768922725896,7.189588135316989,20.830714069521083,15.182417173057669,61392,18.761402137086264,11.657870732342976,32.641060724524365,29.415884805837898,21318,18.632141851956092,28.393845576508113,18.177127310254246,34.796885261281545
10314,2019,2019_10314,30882,91505,109497,6967,1429,23392,522600,63335,4.900923659903687,4.812504934080683,31.911265493013342,16.75061182600458,6.04089366069314,20.686824030946557,14.896976395358015,89792,17.952601568068424,12.77396650035638,33.19115288667142,27.931218816821097,30882,21.50443624117609,28.767566867430865,16.86095460138592,32.86704229000713
10451,2019,2019_10451,19522,30349,49835,17066,1077,2116,165400,31061,15.302147387398987,15.59189981005119,25.81050191558546,16.280866681690867,7.4498567335243555,13.695631177360678,5.869096294388462,48136,22.409423300648164,16.07320924048529,32.7405683895629,20.853415323250786,19522,40.44155311955742,21.760065567052557,16.519823788546255,21.278557524843766
10452,2019,2019_10452,26437,29579,41662,24774,1166,788,322500,46261,18.23133957329068,15.505501394262986,28.36298393895506,16.50634443699877,6.84810099219645,11.028728302457791,3.5170013618382656,75452,24.520224778667234,15.37666330912368,34.40995599851561,17.843132057467,26437,30.393009796875592,22.60090025343269,18.610281045504408,28.395808904187312
10453,2019,2019_10453,27774,29136,41846,25987,1166,1074,440000,49642,17.13669876314411,16.635107368760323,28.25027194714153,17.76519882357681,7.241851657870352,9.85254421659079,3.1183272229160792,81716,22.89147780116501,17.52166038474717,33.2505262127368,17.749277987175095,27774,28.40786346943184,22.449053071217687,20.483185713257,28.65989774609347
10454,2019,2019_10454,13429,21447,39790,12472,787,844,457400,22001,20.008181446297897,19.026407890550427,28.553247579655476,16.84014362983501,5.363392573064861,7.163310758601882,3.0453161219944547,37212,22.56798882081049,17.42448672471246,33.62356229173385,17.08588627324519,13429,36.22756720530196,22.81629309702882,15.012286841909301,25.943852855759925
10455,2019,2019_10455,14427,28585,42554,12893,1005,1181,348800,25148,17.130586925401623,19.926037855893117,28.459519643709243,16.538094480674406,6.020359471926197,9.022586289168125,2.902815333227294,41951,23.065004409906795,17.494219446497105,32.52842602083383,17.456079712045003,14427,31.53808830664726,20.849795522284605,20.246759548069594,27.365356622998544
10456,2019,2019_10456,30860,27917,45602,28310,1054,1727,359000,56351,16.775212507320187,16.390126173448564,28.39523699668152,19.495661124026192,6.354811804581995,9.746055970612764,2.842895423328778,92717,22.869592415630358,17.1133664807964,31.739594680587164,19.37293053053917,30860,29.00194426441996,23.253402462734932,18.327932598833442,29.416720674011664
10457,2019,2019_10457,24777,29767,44602,22513,1184,1477,378100,44368,15.779390551749009,19.394608727010457,27.6167508113956,17.34132708258204,7.147042913811756,9.042553191489365,3.678326721961774,74822,23.526502900216514,16.944214268530644,31.2327924941862,18.144396033252253,24777,30.806796625903054,20.486741736287687,20.979133874157483,27.727327763651772
10458,2019,2019_10458,27581,35423,48412,25663,1265,1085,432900,49225,17.224987303199594,14.888776028440834,30.468257998984257,17.92788217369223,5.633316404266124,9.472828847130522,4.38395124428644,85620,23.76313945339874,19.945106283578603,30.346881569726698,16.798645176360665,27581,26.793807331133753,24.71266451542729,18.45473333091621,30.038794822522753
10459,2019,2019_10459,16868,29284,44904,14448,1040,1951,406900,30634,17.862505712606907,15.286936084089572,29.699027224652347,16.135666253182738,6.711497029444407,11.004113076973296,3.300254619050728,48780,22.4169741697417,16.268962689626896,31.92086920869209,20.854858548585483,16868,30.151766658762153,21.94095328432535,19.866018496561537,28.04126156035096
10460,2019,2019_10460,20778,27545,45192,17870,1094,2258,421900,37477,17.341302665634924,17.49873255596766,27.406142434026204,18.46999493022387,6.497318355257892,9.496491181257838,3.290017877631614,59432,21.141809126396552,17.16751918158568,32.221698748149144,20.23320769955579,20778,29.208778515737798,24.439310809510058,18.047935316199826,28.303975358552314
10461,2019,2019_10461,18862,58305,75364,12079,1413,6332,471600,36200,9.980662983425416,8.947513812154696,27.538674033149167,16.389502762430936,8.754143646408838,17.345303867403313,11.044198895027623,49690,14.9527067820487,13.272288186757898,35.8059971825317,26.66733749245321,18862,32.28713816138267,29.540875835012194,14.584879652210795,23.58710635139434
10462,2019,2019_10462,29536,54278,66199,22722,1382,6557,332400,52759,9.359540552322828,9.7935897192896,28.5448928144961,17.65196459371861,8.730264030781477,16.897590932352774,9.02215735703861,75714,17.43666957233801,15.219114034392582,36.51108117389123,23.390654304355863,29536,33.816359696641385,25.880281690140844,18.164274106175515,22.139084507042252
10463,2019,2019_10463,28752,58408,86343,19313,1364,9031,293800,51001,9.356679280798415,9.627262210544892,20.3937177702398,15.25656359679222,5.14695790278622,19.80941550165683,20.409403737181623,71132,16.3400438621155,12.517572962942136,32.812236405555865,28.23764269245909,28752,36.75222593210907,29.479688369504732,15.212854757929883,18.555230940456315
10464,2019,2019_10464,1851,96366,119263,707,1426,1126,568300,3328,2.1935096153846154,5.769230769230769,18.209134615384613,9.224759615384617,17.938701923076923,22.44591346153846,24.21875,4531,19.86316486426837,12.116530567203707,35.84197748841316,24.983447362613106,1851,27.120475418692596,34.90005402485143,19.17882225823879,18.80064829821718
10465,2019,2019_10465,15831,75617,93613,6702,1417,8916,478000,30708,8.27146020580956,7.180539273153576,29.17155138726065,19.19043897355738,9.648951413312492,14.243845252051582,12.29321349485476,43671,16.9700716722768,13.189530809919624,32.424263241052415,27.63847862425866,15831,29.1769313372497,30.566609816183437,17.004611205861917,23.251847640704945
10466,2019,2019_10466,24216,58393,73965,14374,1348,9560,452200,49678,8.337694754217157,12.275051330568862,29.68517251097065,17.432263778735056,9.126776440275371,15.29449655783244,7.848544627400458,75039,19.17402950465758,16.01833713135836,32.12729380722025,24.873732325857222,24216,24.74810042946812,24.252560290716882,19.78856954079947,31.210769739015525
10467,2019,2019_10467,37042,39372,52971,31102,1316,5141,336000,66886,12.33591484017582,13.0580390515205,30.502646293693747,17.7436234787549,6.922225876865114,13.173160302604431,6.264390156385493,101255,19.364969631129327,15.791812749987656,33.91239938768456,21.3856105871315,37042,35.11959397440743,24.31564170401166,15.155769126936992,25.408995194643918
10468,2019,2019_10468,26328,37804,50590,23430,1286,2057,202400,49613,15.846653094954952,15.060568802531597,29.609175014613104,17.16082478382682,7.014290609316107,10.600044343216496,4.708443351540927,78881,20.250757470113207,17.34891799039059,33.57082187091949,18.6775015529722,26328,27.430872075357033,22.71346095411729,22.47417198419933,27.381494986326345
10469,2019,2019_10469,22299,65399,83347,10486,1413,11491,454900,50686,9.750226887108866,10.284891291480882,28.33326756895395,17.085585763327153,7.832537584342816,16.12082231779979,10.592668586986544,72384,17.875497347480106,14.213085764809904,31.6768899204244,27.985466401414676,22299,21.81712184402888,24.987667608412934,20.027803937396296,33.16740661016189
10470,2019,2019_10470,6198,61266,79670,3752,1386,2303,443300,11581,7.400051808997496,10.249546671271911,27.441499006994214,16.31983421120801,7.089197824022104,19.799671876349198,11.700198601157068,15716,13.476711631458386,14.39297531178417,36.65054721303131,25.725375413591244,6198,36.10842207163601,29.348176831235882,14.730558244595029,19.812842852533073
10471,2019,2019_10471,8817,88722,123545,4407,1600,4325,365200,16338,4.443628351083364,4.645611457950789,15.24054351817848,15.65675113232954,4.535438854204921,23.999265515975026,31.47876117027788,22422,14.949603068414948,12.041744715012042,27.776291142627777,33.2976540897333,8817,39.96824316660996,32.68685493932176,13.43994555971419,13.904956334354088
10472,2019,2019_10472,21835,33498,50264,18414,1204,3163,478700,42032,20.986391320898363,13.791872858774267,27.2887323943662,16.587362009897223,7.2349638370765135,10.522934906737724,3.587742672249714,67948,22.495143344910815,16.74810148937423,32.17166068169777,19.60616942367693,21835,24.561483856194183,24.54774444698878,18.255095030913672,32.63567666590337
10473,2019,2019_10473,21189,41508,60372,14841,941,6102,415000,38418,9.74022593575928,14.329220677807278,27.52876255921704,20.87823416107033,8.696444375032538,12.71279087927534,6.1143214118382,59579,20.908373755853574,15.879756289967942,29.347588915557495,25.51234495375888,21189,29.586105998395396,25.909670111850485,19.108971636226343,25.395252253527772
10474,2019,2019_10474,3623,22965,43408,3238,1121,271,415300,7318,17.313473626673957,15.509702104400109,30.240502869636515,16.425252801311835,7.338070511068598,9.825088822082536,3.3479092648264555,12179,22.79333278594302,17.33311437720667,32.77773216191806,16.96362591345759,3623,28.733094120894286,21.14269942036986,13.607507590394702,36.51669886834115
10475,2019,2019_10475,18902,51951,64147,10382,1017,8472,28200,32348,5.669593174230246,9.78113020897737,28.14084332879931,19.651910473599603,12.087300605910722,16.405960183009768,8.263262025472981,42818,13.45695735438367,13.291139240506329,30.449810827222198,34.880190574057636,18902,44.36038514442916,25.38884774097979,16.37392868479526,13.876838429795788
11001,2019,2019_11001,9113,113300,136001,1518,1714,7361,580500,20002,5.324467553244676,4.874512548745125,20.8029197080292,13.91860813918608,7.80921907809219,26.75732426757324,20.51294870512949,28021,18.10784768566432,11.916062952785412,32.06166803468827,29.934691838264158,9113,16.855042247338968,29.858443981125866,19.477669263689236,33.80884450784593
11003,2019,2019_11003,12208,104349,119845,2298,1792,9759,404300,31015,6.271159116556505,4.659035950346606,28.03482186039013,19.822666451716916,10.675479606641948,20.754473641786237,9.782363372561663,44572,18.035986718119,15.686978372072153,33.94956474916989,25.890693709055014,12208,13.794233289646135,20.519331585845347,19.495412844036696,46.19102228047182
11004,2019,2019_11004,5248,95436,113381,1431,1613,3676,531300,11517,4.211166102283581,4.671355387687766,24.884952678648958,12.885299991317185,9.707389077016584,25.68377181557697,17.95606494746896,15098,11.531328652801697,15.021857199629089,28.639554907934826,33.98463372632137,5248,28.94435975609756,29.306402439024392,16.920731707317074,24.828506097560975
11005,2019,2019_11005,1315,55313,95822,78,-666666666,1225,696400,1759,1.421262080727686,0.0,17.907902217168843,26.49232518476407,0.2842524161455372,23.649801023308697,30.24445707788516,1759,0.0,0.0,5.11654349061967,55.59977259806709,1315,67.75665399239543,32.243346007604565,0.0,0.0
11040,2019,2019_11040,12958,129344,155513,1168,1868,11584,634300,29656,3.280954950094416,4.380226598327488,21.66509306717022,13.130563798219583,6.271917992986243,28.860938764499597,22.41030482870245,41592,17.142719753798808,11.372379303712252,32.22254279669167,30.525100980957877,12958,14.261460101867574,25.50547924062355,21.71631424602562,38.516746411483254
11101,2019,2019_11101,13896,75581,114059,11497,1831,2202,962000,23265,5.291209972061036,5.243928648183967,23.361272297442508,9.366000429830216,4.955942402750913,29.78293574038255,21.998710509348808,31366,13.081043167761269,18.650768347892623,44.89574698718357,16.431805139322833,13896,35.49222797927461,37.96056419113414,13.406735751295336,13.140472078295911
11102,2019,2019_11102,12945,71382,94247,10877,1768,1882,690600,23112,7.822776047075113,4.7940463828314295,21.52994115610938,9.566458982346832,5.927656628591208,33.33766008999654,17.0214607130495,29747,9.701818670790333,21.864389686354926,39.56365347766161,20.986990284734595,12945,37.46620316724604,34.2371572035535,13.881807647740441,14.414831981460024
11103,2019,2019_11103,15512,76234,92751,12653,1751,2507,809600,28399,7.665762878974612,3.936758336561146,20.89158068946089,9.141166942497977,5.549491179266876,34.97658368252403,17.83865629071446,35995,9.95693846367551,22.422558688706765,41.716905125711904,19.84442283650507,15512,33.13563692625065,36.520113460546675,15.961835997937083,14.382413615265602
11104,2019,2019_11104,11552,67751,85151,8827,1636,2399,498000,20079,7.246376811594203,5.244285073957866,19.52288460580706,11.270481597689129,8.093032521539916,29.89192688878928,18.73101250062254,25114,10.054153062037111,15.644660348809428,43.52950545512462,23.97069363701521,11552,39.84591412742382,32.24549861495845,14.058171745152354,13.850415512465375
11105,2019,2019_11105,15225,79883,100583,10668,1799,4252,870300,29026,6.773237786811824,4.685454420175016,20.271480741404257,10.84200372080204,7.131537242472266,31.933438985736924,18.36284710259767,36983,10.710326366168239,19.64686477570776,39.7966633318011,22.30754671065084,15225,29.95073891625616,36.0,17.09031198686371,16.958949096880133
11106,2019,2019_11106,16917,68530,88672,13543,1666,3128,621600,29686,7.525432863976285,5.743448090008759,19.938691639156502,10.560533584854817,6.279054099575558,31.98140537627164,17.971434346156435,37690,11.456619793048555,19.718758291323958,39.94162907933139,22.24462722207482,16917,39.61104214695277,33.15008571259679,12.927824082284092,14.311048058166342
11109,2019,2019_11109,2907,160625,189016,2525,3267,297,714800,4989,0.0,0.7416315894968932,7.977550611344959,6.6947284024854685,1.4030867909400682,40.82982561635598,42.35317698937663,5980,2.6254180602006687,23.110367892976587,54.49832775919732,7.6755852842809364,2907,28.93016855865153,50.98039215686274,14.585483316133471,5.503955968352253
11201,2019,2019_11201,28593,129248,186989,17741,2523,10422,943100,47582,2.662771636333067,2.3979656172502204,9.905006094741708,6.916481022235299,2.740532134000252,36.19015594132235,39.1870875541171,63378,12.275553031020229,17.270977310738743,42.7908738047903,18.987661333585788,28593,37.243381247158396,38.705277515475814,11.89801699716714,12.15332424019865
11203,2019,2019_11203,28276,54457,71970,16130,1342,11468,468500,53983,5.401700535353723,6.803993849915714,36.7282292573588,18.729970546283088,7.835800159309413,16.58670322138451,7.913602430394754,76085,17.241243346257473,13.776697115068673,31.137543536833803,30.028257869488073,28276,28.978639128589617,28.349130004243882,19.726976941575895,22.945253925590606
11204,2019,2019_11204,23397,53093,74843,13905,1420,8809,881800,49382,16.836094123364788,10.242598517678507,27.82390344659997,10.59900368555344,7.047102182981653,18.86719857437933,8.584099469442306,76395,21.272334576870215,11.93010013744355,32.35028470449636,23.069572616008898,23397,18.20746249519169,25.255374620677866,16.933794930974056,39.603367953156386
11205,2019,2019_11205,16459,58872,95898,12126,1454,4125,744600,27841,7.036385187313673,9.604540066807946,19.24859020868503,13.749506124061636,4.780719083366258,26.80219819690385,18.778061132861605,46843,22.259462459705826,18.984693550797342,34.028563499348884,14.166470977520655,16459,32.681207849808615,28.537578224679507,14.915851509812262,23.865362415699618
11206,2019,2019_11206,31163,39753,66318,27722,1142,3000,740800,53620,13.155538977993286,11.81462140992167,27.955986572174563,13.879149571055576,4.671764267064528,20.87653860499813,7.646400596792241,88422,21.94024111646423,20.819479315102576,30.384972065775486,17.323742959896858,31163,26.107884350030485,31.845457754388217,16.885408978596413,25.161248916984885
11207,2019,2019_11207,33619,39382,58266,23976,1219,9000,510400,61281,8.95873109120282,11.514172418857395,37.14201791746218,17.308790652894047,7.625528304042035,12.178326071702484,5.272433543839036,91083,18.400799270994586,16.829704774765872,33.90533908632785,22.468517725590942,33619,34.06704542074422,24.016181326035873,17.40682352241292,24.509949730806984
11208,2019,2019_11208,33316,42403,60092,23819,1287,8928,489600,63448,9.257975034674065,8.227209683520362,50.38771907703946,13.14462236792334,5.301979573824234,10.139011473962931,3.5414827890556047,101313,21.33289903566176,15.81534452636878,32.8486966134652,20.421860965522686,33316,25.12006243246488,21.14899747868892,20.587705606915595,33.143234481930605
11209,2019,2019_11209,29352,77917,104941,17448,1604,11376,800600,50901,5.324060431032789,5.982200742618024,18.571344374373787,13.18834600499008,5.848608082355946,28.92870474057484,22.156735624054537,67782,13.940279130152547,12.758549467410226,36.042017054675284,28.392493582367003,29352,37.56473153447806,29.708367402562008,13.140501499046062,19.586399563913872
11210,2019,2019_11210,21893,69385,96285,11971,1400,9664,651000,42138,4.4401727656746885,5.603018652997294,27.08718971000048,20.05315866913475,6.661445725948076,21.104466277469268,15.050548198775452,64665,21.85726436248357,13.995206062011906,30.62398515425655,25.361478388618263,21893,24.103594756314802,27.6115653405198,18.63152605855753,29.653313844607865
11211,2019,2019_11211,40435,81228,121326,32785,1931,6853,1060500,69815,8.224593568717324,8.340614481128696,18.907111652223733,10.355940700422543,3.219938408651436,33.30086657595073,17.650934612905537,103123,16.825538434684795,20.420274817451006,36.87441210981061,15.152778720557006,40435,28.848769630270805,37.29936935822926,15.38023989118338,18.47162112031656
11212,2019,2019_11212,31802,26521,44363,26789,942,4557,442800,52759,9.255292935802425,15.127276862715366,34.81301768418659,18.421501544760137,7.892492276199321,10.593453249682518,3.896965446653652,75605,17.812314000396796,14.40645459956352,35.14450102506448,24.92824548640963,31802,47.46871265958116,22.989120181120683,13.046349286208414,16.495817873089745
11213,2019,2019_11213,25504,44831,67564,20849,1257,4056,837500,44126,7.809454743235281,11.16348637991207,25.88043330462766,18.77124597742828,6.909758419072655,18.67153152336491,10.794089652359157,67056,18.90062037699833,19.19738725841088,32.09257933667382,21.51037938439513,25504,32.300815558343785,29.015056461731493,15.679893350062734,23.004234629861983
11214,2019,2019_11214,31823,56911,78762,20278,1430,10698,742800,66115,15.202299024427134,8.330938516221735,26.455418588822504,11.408908719655146,7.4582167435529,20.662482038871666,10.481736368448914,92644,16.045291654073658,12.824359915374984,35.32122965329649,26.191658391261175,31823,22.89224774534142,25.563271847405964,19.287936398202557,32.25654400905006
11215,2019,2019_11215,28445,132091,183544,16427,2270,11758,1222400,51920,3.1798921417565484,2.919876733436056,7.602080123266564,6.36171032357473,3.172187981510016,36.43875192604006,40.32550077041602,69873,14.48341991899589,12.919153321025288,44.53794741888856,19.08462496243184,28445,25.445596765688173,35.3278256284057,19.008613113025135,20.217964492881
11216,2019,2019_11216,24871,67795,97728,18874,1520,5537,1129800,43855,5.50222323566298,6.640063846767758,20.16873788621594,12.7191882339528,5.8123361076274085,30.277049367232927,18.880401322540187,57786,10.637524659952238,23.424358841241823,39.47495933271035,19.433772886166196,24871,34.88400144746894,34.86389771219493,14.94109605564714,15.311004784688995
11217,2019,2019_11217,18074,119375,172251,12724,2129,5214,1250000,32092,4.206655864389879,6.160413810295401,9.62233578461922,8.179608625202544,3.505546553658233,34.64726411566746,33.67817524616727,41813,11.185516466170807,18.63535264152297,43.747159974170714,18.18573171023366,18074,34.33108332411198,34.12636937036627,16.736748921102134,14.805798384419608
11218,2019,2019_11218,24848,73470,100061,15105,1593,9378,786300,47662,8.035751751919769,7.4839494775712305,19.929923209265244,12.569762074608704,5.27674038017708,24.564642692291557,22.139230414166423,72413,19.721596950823745,12.405231104912101,35.89548837915844,21.51409277339704,24848,26.344172569220863,27.249678042498388,16.769961365099807,29.636188023180942
11219,2019,2019_11219,24225,40683,62482,17027,1433,6631,899300,48467,17.321063816617492,15.9551860028473,33.29894567437638,9.73033197845957,3.819093403759259,12.83760084180989,7.03777828213011,89371,25.397500307706075,14.208188338499067,25.995009566861732,18.733146098846383,24225,16.961816305469558,22.844169246646025,15.285861713106295,44.90815273477812
11220,2019,2019_11220,27637,50191,71333,19661,1399,7434,873200,63439,23.93637982944245,22.45148883179117,21.2708270937436,7.539526158987374,3.838332886710068,13.638298207727107,7.325146991598228,93170,18.443705055275306,15.171192443919715,36.82301169904476,20.944510035419125,27637,18.373919021601477,21.605094619531787,16.441726670767448,43.579259688099285
11221,2019,2019_11221,31497,56900,80039,24063,1473,7028,924600,57462,8.175837945076745,10.880233893703666,25.881452090076923,15.91312519578156,6.435557411854791,22.0510946364554,10.66269882705092,83322,15.634526295576197,24.396917980845394,33.98022131009817,19.110198987062244,31497,29.882211004222626,29.866336476489824,17.125440518144586,23.126012001142964
11222,2019,2019_11222,17446,93488,118987,14107,2052,3041,960500,30410,4.422887208155212,4.199276553765209,15.425846760933904,12.574810917461363,4.501808615586978,38.69121999342322,20.18414995067412,36872,7.395855934042092,20.834237361683662,47.33130830982859,18.048926014319807,17446,34.60965264243953,40.00917115671214,13.974550040123809,11.406626160724521
11223,2019,2019_11223,27951,54023,82171,17299,1349,10060,808400,54724,11.20532124844675,9.750749214238724,27.806812367516997,11.685914772311966,6.657042613844018,20.22330239017616,12.67085739346539,81388,17.985452400845332,13.175160957389295,30.887845874084633,25.67946134565292,27951,24.009874423097564,26.199420414296448,17.938535293907197,31.852169868698795
11224,2019,2019_11224,18930,32549,56699,13892,847,4871,385800,33674,9.678089921007306,9.024766882461249,25.639959612757615,9.6127576171527,8.329868741462256,20.603432915602543,17.111124309556335,45795,16.351130036030135,11.785129380936784,24.876078174473193,37.268260727153624,18930,33.037506603275226,34.42155309033281,14.56946645536186,17.97147385103011
11225,2019,2019_11225,24136,59820,86126,19760,1444,3881,867700,42073,4.684714662610225,7.793596843581395,22.47997528105911,18.42511824685665,5.9777054167756045,24.241199819361587,16.397689729755424,56859,15.499744983204067,18.327793313283735,36.92467331469073,23.053518352415622,24136,34.30145840238647,30.941332449453103,16.908352668213457,17.848856479946967
11226,2019,2019_11226,37191,58257,75774,31655,1425,4814,622300,69053,6.206826640406645,7.77229084905797,34.35477097302072,16.523539889649978,5.054088888245261,19.21277859035813,10.875704169261292,99558,17.38082323871512,16.323148315554754,36.88201852186665,21.48496353884168,37191,31.558710440698018,27.065687935253152,16.775563980532926,24.600037643515904
11228,2019,2019_11228,15124,72902,100396,6307,1469,8354,907300,31968,12.155905905905906,7.091466466466466,27.730855855855857,10.272772772772774,7.138388388388388,22.50688188188188,13.103728728728727,44348,16.35924957157031,12.027599891765131,33.93163164066023,28.806259583295752,15124,20.68897117164771,27.347262628934143,19.69717006083047,32.26659613858768
11229,2019,2019_11229,30774,64631,87355,15722,1374,14442,644700,58656,9.315330060010911,5.636252045826514,28.17103109656301,12.382364975450082,7.666734860883798,22.52114020731042,14.307146753955264,83119,16.939568570362972,13.16305537843333,30.81485580914111,30.301134517980245,30774,26.346916227984664,29.13498407746799,17.586274127510233,26.93182556703711
11230,2019,2019_11230,30147,53070,82266,19894,1397,9301,804800,53863,8.063048846146707,8.131741640829512,21.606668770770288,12.060226871878656,7.899671388522734,23.26643521526837,18.97220726658374,86139,21.523351791871278,13.850868944380593,28.834790280825178,23.839375892452896,30147,30.238498026337613,27.024247852190932,12.979732643380768,29.757521478090688
11231,2019,2019_11231,15658,99643,159642,10469,1805,5043,1384100,26254,5.591528909880399,5.812447627028263,12.607602651024605,8.756760874533406,2.689114039765369,31.44282775957949,33.099718138188464,37874,17.080318952315572,10.268257907799544,42.517294185985115,19.768178697787402,15658,28.96283050197982,34.55741474006898,17.32660620768936,19.153148550261847
11232,2019,2019_11232,8760,61200,84736,6508,1561,2192,757700,18979,17.424521839928342,14.27893988092102,22.762000105379627,10.221824121397336,3.7936666842299385,18.73122925338532,12.787818114758418,26430,16.04994324631101,18.819523269012485,41.751797200151344,16.49262202043133,8760,23.19634703196347,29.62328767123288,19.383561643835616,27.796803652968038
11233,2019,2019_11233,30567,44905,68056,23093,1260,6940,849700,52273,7.44552637116676,10.87942149867044,33.12991410479598,14.196621582843916,7.755437797715838,17.808428825588738,8.784649819218334,79439,18.047810269514976,18.217751985800426,34.744898601442614,19.91087501101474,30567,32.13596362089836,28.167631759740896,17.87875813786109,21.817646481499654
11234,2019,2019_11234,31743,85807,108159,9872,1508,21381,588700,65264,5.031870556508948,5.467026231919588,29.09720519735229,16.325999019367494,8.444165236577593,21.187791125275805,14.445942632998284,93534,18.81882524001967,11.435413860200569,31.83868967434302,29.881112750443688,31743,20.54941246889078,29.864852093374918,17.50307154333239,32.08266389440191
11235,2019,2019_11235,32338,54646,81901,19145,1356,12579,566000,59598,7.199906037115339,4.8390885600187925,21.17017349575489,9.88791570186919,7.67307627772744,28.43551797040169,20.79432195711265,78775,13.593145033322754,11.026340844176453,32.40748968581403,32.81117105680736,32338,32.033520935122766,31.087265755457977,16.32754035500031,20.55167295441895
11236,2019,2019_11236,33752,70793,86563,16659,1422,16491,554700,68962,5.8524984774223485,6.406426727763116,31.138888083292247,19.11632493257156,9.11951509526986,18.53484527710913,9.831501406571736,100844,18.520685415096583,14.714807028677956,32.37277378921899,26.396215937487607,33752,23.198625266650865,25.838468831476654,20.9528324247452,30.010073477127282
11237,2019,2019_11237,17056,53303,73289,15323,1578,1567,755000,32956,14.391916494720231,14.18558077436582,24.0168709794878,10.59291176113606,4.906542056074766,23.907634421653118,7.998543512562205,48876,17.14542924952942,25.094115721417467,38.010475488992554,13.806367133153287,17056,23.38766416510319,28.189493433395874,21.810506566604126,26.61233583489681
11238,2019,2019_11238,25060,91846,127886,17179,1876,7572,976300,44251,3.7038710989582153,5.984045558292468,11.84831981198165,9.595263383878333,4.544530067117127,34.469277530451286,29.854692549320923,55210,10.07063937692447,16.89730121354827,44.178590834993656,21.2533961238906,25060,35.74620909816441,35.69832402234637,15.981644054269752,12.573822825219475
11239,2019,2019_11239,6705,29172,40847,6525,718,167,499300,9401,9.807467290713753,9.360706307839592,38.985214338900114,14.32826295074992,7.541750877566216,13.232634826082332,6.74396340814807,12772,15.964610084559975,10.068900720325711,23.52803006576887,38.79580331976198,6705,47.96420581655481,31.976137211036537,12.229679343773302,7.829977628635347
11351,2019,2019_11351,0,-666666666,-666666666,0,-666666666,0,-666666666,0,,,,,,,,0,0.0,0.0,0.0,0.0,0,,,,
11354,2019,2019_11354,19925,40786,63568,11313,1495,7413,529200,41821,12.278520360584396,13.923626886014205,30.26469955285622,12.21156835082853,10.56167953898759,13.337796800650391,7.422108510078669,53684,11.759555919827136,12.769167722226362,34.31562476715595,31.73757544147232,19925,27.006273525721458,31.26223337515684,21.294855708908404,20.4366373902133
11355,2019,2019_11355,27771,42507,62444,17676,1444,8408,606900,61979,16.220010003388243,15.17610803659304,29.17762467932687,10.022749641007438,8.87720034205134,12.581680891915004,7.944626405718065,80987,12.957635176015904,12.878610147307592,36.7170039635991,29.42447553311025,27771,22.051780634474813,28.461344568074608,20.78787224082676,28.699002556623814
11356,2019,2019_11356,7501,61859,81995,3784,1712,3386,663400,16289,9.896249002394256,11.977408066793542,33.445883725213335,12.87371846031064,11.897599607096812,14.034010682055376,5.875130456136043,23494,17.536392270366903,11.862603217842853,36.941346726823866,24.03592406571891,7501,16.704439408078922,28.91614451406479,21.997067057725637,32.382349020130654
11357,2019,2019_11357,14477,85818,105262,3049,1793,11006,722600,29427,9.25340673531111,6.096442043021715,23.63475719577259,15.305671662079044,7.921296768274034,23.332313861419784,14.456111734121723,39407,14.799401121628136,9.242012840358312,31.89027330169767,34.64866648057452,14477,24.839400428265524,31.753816398425087,17.01319334116184,26.393589832147548
11358,2019,2019_11358,13029,68848,91561,5107,1704,7250,800900,27970,8.798712906685735,8.777261351447981,24.941008223096176,13.564533428673576,12.177332856632106,18.627100464783695,13.11405076868073,36515,13.506778036423388,12.074489935642887,34.82952211419964,32.38395180062988,13029,22.08918566275232,33.38705963619618,17.16171617161716,27.36203852943434
11359,2019,2019_11359,0,-666666666,-666666666,0,-666666666,0,-666666666,0,,,,,,,,0,0.0,0.0,0.0,0.0,0,,,,
11360,2019,2019_11360,8541,83063,107489,2226,2064,6205,564000,15019,4.361142552766496,3.475597576403223,17.957254144749985,14.135428457287436,7.217524469005926,28.996604301218454,23.85644849856848,18954,11.200801941542682,9.7340930674264,30.447398965917486,36.815447926559045,8541,38.6722866174921,32.045427935838894,13.558131366350546,15.724154080318463
11361,2019,2019_11361,9908,87892,107123,3925,1843,5679,717600,20700,7.584541062801932,6.628019323671499,20.33333333333333,14.695652173913045,7.91304347826087,24.58454106280193,18.26086956521739,27201,14.782544759383846,12.75688393809051,34.171537811109886,30.572405426271093,9908,25.575292692773516,31.227291077916835,17.339523617278964,25.857892612030682
11362,2019,2019_11362,6988,93333,113695,1274,1944,5550,513900,14294,5.351895900377781,4.519378760319015,20.57506646145236,15.216174618721142,7.961382398209038,26.276759479501887,20.09934238141878,18343,12.636973232295698,11.143215395518727,29.16643951371095,36.95142561195007,6988,27.404121350887234,32.15512306811677,15.583858042358328,24.856897538637664
11363,2019,2019_11363,2804,101019,134141,606,2188,2128,814000,5366,2.3108460678345133,2.254938501677227,19.02720834886321,12.57920238538949,7.827059262020127,31.308237048080507,24.69250838613492,7096,13.190529875986472,11.541713641488162,32.003945885005635,34.03325817361894,2804,25.392296718972894,35.94864479315264,15.335235378031383,23.32382310984308
11364,2019,2019_11364,13470,82028,101723,3419,1801,9750,568800,26936,6.251856251856252,4.930204930204931,23.29224829224829,13.034600534600536,9.89010989010989,25.25987525987526,17.34110484110484,36215,16.548391550462515,9.551290901560128,33.977633577247,32.63012563854756,13470,27.461024498886417,28.396436525612472,20.26726057906459,23.875278396436524
11365,2019,2019_11365,15705,67642,88336,8060,1581,7455,711600,32137,8.068581385941439,5.529452033481657,24.26175436412857,14.932943336341287,9.048759996265986,22.79615396583377,15.36235491800728,44738,16.390987527381647,12.86601993830748,33.0725557691448,28.90831060843131,15705,24.57815982171283,28.6341929321872,17.28112066220949,29.50652658389048
11366,2019,2019_11366,4534,84301,105311,1446,1770,3010,786700,9745,6.013340174448436,6.824012314007183,21.06721395587481,13.370959466393025,8.83530015392509,27.3370959466393,16.55207798871216,14360,15.201949860724234,16.511142061281337,29.54735376044568,29.958217270194986,4534,14.203793559770622,31.09836788707543,24.54786060873401,30.149977944419938
11367,2019,2019_11367,14348,63546,83504,7371,1403,6674,521800,27203,8.918134029334999,5.966253722015954,25.824357607616804,13.300003676065138,7.157298827335221,23.247435944564938,15.58651619306694,41207,17.895017836775303,14.740214041303663,28.203945931516486,27.90059941272114,14348,25.815444661276832,27.9969333705046,22.219124616671312,23.968497351547256
11368,2019,2019_11368,28633,54211,67355,22446,1622,5918,606200,72269,25.93919938009381,10.229835752535664,33.58563146023883,11.62739210449847,5.992887683515754,9.645906266864076,2.9791473522533867,112088,20.020876454214545,15.436978088644636,37.719470416101636,16.517379202055526,28633,15.234170362868019,19.45307861558342,18.621869870429226,46.69088115111934
11369,2019,2019_11369,9655,54184,72115,4103,1583,5383,598400,21977,13.859944487418666,7.312190016835783,41.53433134640761,11.96250625654093,7.193884515629977,12.108113027255769,6.02903034991127,31481,16.632254375655158,13.684444585623073,34.76064928051841,25.47250722658111,9655,25.99689280165717,22.37182806835836,16.841015018125326,34.790264111859145
11370,2019,2019_11370,7850,63706,95689,3610,1691,4074,719200,22904,10.596402375130982,16.215508208173247,36.55256723716381,10.83653510303877,4.400977995110025,13.809814879497033,7.588194201886134,31580,14.430018999366688,17.112096263457886,39.55668144395187,21.507283090563643,7850,25.057324840764334,21.91082802547771,18.318471337579616,34.71337579617834
11371,2019,2019_11371,0,-666666666,-666666666,0,-666666666,0,-666666666,0,,,,,,,,0,0.0,0.0,0.0,0.0,0,,,,
11372,2019,2019_11372,23786,60659,79621,15655,1516,7844,346000,47874,13.545974850649625,9.1260391861971,29.381292559635707,11.051927977607887,8.259180348414588,17.278689894305888,11.356895183189206,62854,13.674547363731822,11.003277436599102,42.54940019728259,25.675374677824802,23786,30.164802825191288,28.895148406625747,18.872445976624906,22.06760279155806
11373,2019,2019_11373,30286,54584,69952,20367,1544,9066,582400,68239,17.497325576283355,6.94324359970105,32.59279883937338,10.432450651387038,6.068377320886883,19.478597283078592,6.987206729289702,94437,15.743829219479654,14.621387803509219,37.38788822177748,24.64288361553205,30286,20.765370138017566,27.00917915868718,19.19368685201083,33.031763851284424
11374,2019,2019_11374,19549,66795,87191,11447,1664,7786,396500,34266,4.90573746570945,4.12362108212222,19.821397303449483,11.725909064378683,8.095488239070798,30.120235802252964,21.2076110430164,43507,11.106258762957683,12.795642080584734,35.118486680304315,32.52809892660951,19549,38.49301754565451,31.20364213003223,15.632513172029261,14.670827152284005
11375,2019,2019_11375,32549,84713,112988,15436,1763,16579,438100,56485,3.538992652916704,2.7511728777551565,14.212622820217756,11.24015225281048,6.260069044879171,32.02089050190316,29.97609984951757,73034,12.837856340882329,9.536654161075663,36.43782347947531,30.955445408987593,32549,38.48351715874528,32.010200006144586,14.522719591999756,14.983563243110387
11377,2019,2019_11377,31331,58948,77057,20601,1511,9972,553300,64377,11.713810833061498,8.068098855181198,33.45915466703947,9.772123584509997,7.365984746104975,20.516644143094585,9.10418317100828,83825,13.426781986280941,12.548762302415748,40.72532060841038,26.616164628690726,31331,30.67249688806613,27.474386390475885,16.967220963263223,24.88589575819476
11378,2019,2019_11378,12701,77710,98114,5860,1647,6548,644600,26607,6.8139963167587485,6.223926034502199,35.43804262036306,15.11256436276168,9.707971586424623,18.314729206599768,8.38876987258992,38524,17.830443359983388,12.381891807704289,36.47077146713737,23.816322292596823,12701,22.494291788048184,24.635855444453192,22.328950476340445,30.54090229115818
11379,2019,2019_11379,13373,83883,103983,4928,1585,7958,682600,27989,6.706206009503733,5.680803172674979,28.818464396727283,16.120618814534282,8.356854478545142,21.22619600557362,13.090857122440958,37991,16.559185070148192,10.55249927614435,37.045616066963234,28.275117791055774,13373,23.824123233380693,30.12786958797577,18.38031855230689,27.667688626336652
11385,2019,2019_11385,35501,75340,87853,23868,1573,11137,624100,73871,9.423183657998404,6.867376913809207,30.402999824017545,17.274708613664362,7.471132108675935,18.752961243248365,9.807637638586185,107796,17.97469293851349,16.251066829938033,37.56354595717838,20.225240268655607,35501,19.63043294555083,28.5682093462156,21.69234669445931,30.10901101377426
11411,2019,2019_11411,6226,98207,113322,795,1575,5379,447400,15524,3.195052821437774,4.406080906982736,25.56042257150219,22.159237309971655,10.15202267456841,21.746972429786137,12.780211285751095,20719,14.117476712196535,13.977508567015782,32.47743616969931,32.28920314687002,6226,18.56729842595567,26.325088339222614,17.137809187279153,37.96980404754257
11412,2019,2019_11412,11095,81608,99113,2501,1470,8425,451200,26598,5.8350251898639,6.395217685540267,33.09271373787503,22.4114595082337,8.267538912700203,14.598842018196857,9.399202947590044,37857,17.204215864965526,13.860052302084158,32.68087804104921,28.79520300076604,11095,18.21541234790446,23.605227579990988,20.33348355114917,37.845876520955386
11413,2019,2019_11413,12297,93432,108455,3276,1690,8795,462200,29270,4.393577041339255,6.303382302699009,29.733515544926547,22.60676460539802,9.866757772463274,16.819268875982235,10.276733857191664,41650,18.79951980792317,13.31812725090036,33.596638655462186,27.872749099639854,12297,17.402618524843458,25.41270228511019,21.34666991949256,35.8380092705538
11414,2019,2019_11414,10741,75471,102878,2646,1636,7815,513500,21441,5.396203535282869,8.264539900191222,32.274614057180166,17.331281190242994,9.44452217713726,16.109323259176346,11.179515880789143,28313,14.834175113905275,9.892982022392541,31.07759686363155,34.84971567831032,10741,27.520715017223722,31.52406666045992,17.372684107624988,23.58253421469137
11415,2019,2019_11415,8381,70900,96657,5197,1578,2977,350800,14101,3.6096730728317135,3.3614637259768814,19.31068718530601,17.551946670448903,8.276008793702575,27.891638890858804,19.998581660875114,18891,14.414271346143668,13.456143136943517,36.65237414641893,27.70102165052141,8381,39.995227299844885,33.862307600525,11.156186612576064,14.98627848705405
11416,2019,2019_11416,7185,73370,88073,3840,1561,3207,557100,17981,11.384238918858795,10.533340748567934,34.69773649963851,15.266114231689004,6.618096880040042,15.494132695623158,6.006340025582559,26744,19.3725695483099,15.457672749027818,35.219114567753515,22.27789410708944,7185,11.98329853862213,19.42936673625609,22.574808629088377,46.012526096033405
11417,2019,2019_11417,8898,76868,91880,3352,1604,5444,533500,21464,10.687663063734623,10.077338799850914,28.508199776369736,17.527021990309354,7.920238538948937,18.039508013417816,7.240029817368618,31321,18.019858880623225,15.609335589540564,33.61642348584017,24.903419431052647,8898,13.767138682850078,21.566644189705553,19.824679703304113,44.841537424140256
11418,2019,2019_11418,10907,68920,87954,5988,1516,4753,560700,25795,12.859081217290171,9.901143632486916,28.098468695483614,15.336305485559215,6.396588486140725,17.987982167086646,9.420430315952704,38405,18.68246322093477,15.055331337065486,34.18304908215076,23.47090222627262,10907,18.43770055927386,21.903364811588887,19.730448335931055,39.9284862932062
11419,2019,2019_11419,12167,75835,94196,4501,1628,7506,512000,34044,17.198331570908238,10.595112207731171,32.560803665844205,13.127129596992129,5.307836916931031,15.544589354952414,5.666196686640817,48369,15.660857160578056,18.702061237569517,34.36085095825839,25.20209224916785,12167,9.788772910331224,18.566614613298267,20.309032629243035,51.33557984712748
11420,2019,2019_11420,13121,79273,97684,3820,1628,9013,510500,33796,11.359332465380518,12.60208308675583,31.965321339803527,16.729790507752394,7.131021422653569,14.614155521363475,5.598295656290685,47470,16.566252369917844,16.026964398567515,35.07478407415209,26.277649041499895,13121,13.200213398369026,21.903818306531512,21.60658486395854,43.28938343114092
11421,2019,2019_11421,11549,73107,92030,5053,1662,6234,505900,28379,14.249973572007471,9.605694351457062,27.77405828253286,15.268332217484758,8.2384862045879,18.19303005743684,6.670425314493111,41251,17.589876609051903,14.935395505563502,35.98215800829071,23.955782890111756,11549,15.074898259589576,22.53008918521084,20.200883193350077,42.194129361849505
11422,2019,2019_11422,9964,88130,102173,3309,1775,6569,458500,23333,3.900055715081644,7.851540736296232,30.741867740967727,23.147473535336218,8.794411348733554,15.52736467663824,10.037286246946383,32761,16.534904306950338,14.779768627331277,34.18699062910167,27.09624248344068,9964,18.16539542352469,24.568446407065437,24.02649538338017,33.239662786029704
11423,2019,2019_11423,9602,71194,91911,3735,1427,5583,494500,21851,8.85085350784861,6.905862431925312,27.174957667841287,17.839000503409455,8.310832456180496,21.71982975607524,9.1986636767196,30104,15.991230401275578,13.94831251660909,33.95894233324475,28.660643103906455,9602,20.974796917308893,27.890022911893354,20.339512601541347,30.79566756925641
11424,2019,2019_11424,0,-666666666,-666666666,0,-666666666,0,-666666666,0,,,,,,,,0,0.0,0.0,0.0,0.0,0,,,,
11425,2019,2019_11425,0,-666666666,-666666666,0,-666666666,0,-666666666,0,,,,,,,,0,0.0,0.0,0.0,0.0,0,,,,
11426,2019,2019_11426,6278,98987,115202,1320,1896,4838,568100,14374,4.689021844997913,6.337832197022402,28.008904967302072,15.145401419229165,7.012661750382636,21.003200222624184,17.80297759844163,20524,16.37107776261937,14.110309881114793,32.41570843890079,27.21691678035471,6278,20.468302007008603,25.294679834342148,14.049060210258043,40.18795794839121
11427,2019,2019_11427,7596,79385,103790,2880,1426,4520,518400,17408,7.904411764705882,7.622931985294118,25.44806985294117,17.072610294117645,8.530560661764707,20.69738051470588,12.724034926470589,24560,15.9242671009772,11.795602605863193,33.21254071661238,28.802931596091206,7596,20.945234333859926,25.710900473933652,19.90521327014218,33.438651922064246
11428,2019,2019_11428,5553,78368,93743,1481,1476,3942,494100,13690,8.444119795471147,8.385682980277574,33.9517896274653,18.451424397370342,9.12344777209642,13.973703433162893,7.669831994156319,18836,16.861329369292843,12.407092801019324,34.04119770651943,30.52134211085156,5553,14.550693318926704,23.680893210877002,19.719070772555376,42.04934269764091
11429,2019,2019_11429,7356,88300,101627,2002,1452,5221,453900,19497,6.313791865415191,8.70903215879366,27.66066574344771,20.859619428630047,9.878442837359596,17.76170692927117,8.816741037082627,27454,15.884752677205508,17.068551030815183,32.81124790558753,27.5333284767247,7356,15.443175638934203,20.377922784121804,20.11963023382273,44.05927134312126
11430,2019,2019_11430,0,-666666666,-666666666,0,-666666666,0,-666666666,192,2.604166666666667,22.395833333333336,38.54166666666667,22.395833333333336,5.729166666666666,5.729166666666666,2.604166666666667,206,0.0,20.388349514563103,52.912621359223294,24.75728155339806,0,,,,
11432,2019,2019_11432,18697,62148,86998,11246,1541,7266,616600,42349,12.139601879619354,7.232756381496612,22.829346619754894,13.426527190724691,7.435830834258188,23.677064393492174,13.25887270065409,64299,19.107606650181186,14.92091634395558,31.760991617287985,25.37520023639559,18697,22.725570947210784,24.715194951061665,15.505161255816441,37.05407284591111
11433,2019,2019_11433,10599,54253,74434,5774,1297,4694,437300,24362,11.538461538461538,11.727280190460554,34.344470897299075,17.38773499712667,8.119202035957638,12.3717264592398,4.511123881454725,37021,21.19067556251857,15.885578455471219,31.533453985575754,23.854028794468007,10599,21.539767902632324,19.73771110482121,19.25653363524861,39.46598735729786
11434,2019,2019_11434,21706,64087,79080,10764,1154,10648,426600,44100,4.403628117913832,8.696145124716553,32.2108843537415,24.630385487528343,8.476190476190476,14.680272108843536,6.9024943310657605,64304,18.638031848718583,14.277494401592437,32.41944513560587,25.953284399104252,21706,32.276789827697414,22.49147701096471,18.197733345618722,27.033999815719156
11435,2019,2019_11435,18893,66137,83061,11501,1530,6983,421400,42049,13.607933601274702,9.277271754381792,22.697329306285525,18.30721301338914,8.188066303598184,19.577159980023307,8.34502604104735,59605,16.45667309789447,15.575874507172218,35.896317423034986,23.560104018119286,18893,24.01947811358704,25.999047266183243,18.03313396496057,31.94834065526915
11436,2019,2019_11436,5410,75222,95083,1531,1605,3769,434300,13275,7.1487758945386055,10.621468926553671,35.05084745762712,19.29190207156309,8.195856873822976,13.423728813559322,6.267419962335216,19167,18.881410758073773,15.208431157718996,36.31762925862158,22.710909375489123,5410,15.101663585951941,21.719038817005547,26.28465804066543,36.89463955637708
11451,2019,2019_11451,0,-666666666,-666666666,0,-666666666,0,-666666666,0,,,,,,,,0,0.0,0.0,0.0,0.0,0,,,,
11691,2019,2019_11691,20712,50267,72476,15735,1235,4698,521000,40849,10.869299126049595,12.32098704986658,24.71296726970061,19.10450684227276,7.199686650836005,15.728659208303752,10.063893852970695,68543,22.87469179930846,15.191923318209009,27.665844798155902,22.132092263250804,20712,28.12862108922364,21.86655079181151,16.9708381614523,33.03398995751255
11692,2019,2019_11692,7306,46819,69460,4624,1106,2591,411400,14346,9.277847483619126,12.156698731353687,27.296807472466195,19.413076815837165,8.301965704726056,15.962637669036663,7.590966122961104,22074,22.76886835190722,10.777385159010601,33.43299809730905,24.014677901603697,7306,23.227484259512728,30.96085409252669,18.53271283876266,27.278948809197917
11693,2019,2019_11693,4817,60569,81151,2355,1059,2397,358200,9048,6.841290893015032,11.405835543766578,30.45977011494253,16.556145004420866,8.244916003536693,16.180371352785148,10.311671087533156,12944,16.324165636588383,13.967861557478368,32.601977750309025,27.904820766378243,4817,27.569026364957445,35.457753788665144,17.87419555740087,19.09902428897654
11694,2019,2019_11694,8497,84485,113566,3609,1377,4603,665000,16008,4.385307346326837,6.415542228885557,23.569465267366315,15.929535232383806,6.877811094452774,23.719390304847572,19.102948525737133,21202,14.965569285916423,8.329402886520139,33.308178473728894,34.40713140269786,8497,36.43638931387548,32.16429327998117,13.463575379545723,17.935742026597623
11697,2019,2019_11697,1456,105750,145208,61,741,1395,588700,2690,0.0,1.933085501858736,17.472118959107807,21.486988847583643,8.698884758364313,27.695167286245358,22.713754646840147,3674,14.888405008165485,9.526401741970604,22.672836145890038,41.64398475775722,1456,30.21978021978022,30.90659340659341,15.384615384615385,23.48901098901099
10001,2018,2018_10001,12431,88526,151628,9015,2065,3253,343400,17985,4.242424242424243,4.003336113427856,12.338059494022795,8.12899638587712,3.269391159299416,37.86488740617181,30.15290519877676,22924,10.46501483161752,22.52660966672483,38.87192462048508,24.075205025300992,12431,53.977958329981504,31.349046737993724,8.623602284611053,6.049392647413724
10002,2018,2018_10002,33540,35859,68315,28758,963,4470,665200,59160,21.032792427315755,13.00709939148073,19.602772143340093,8.389114266396213,4.00946585530764,21.8526031102096,12.106152805949966,74993,11.245049537956877,16.47620444574827,33.99917325617057,30.797541103836355,33540,42.69230769230769,29.937388193202146,14.633273703041144,12.737030411449016
10003,2018,2018_10003,26124,112131,189885,17213,2298,8605,1001200,38236,2.2204205460822264,1.6659692436447326,5.960351501203054,6.888795899152631,3.080866199393242,42.43906266345852,37.7445339470656,54682,16.627043634102627,24.65710837204199,33.65641344500933,20.257123002084782,26124,55.03368549992344,31.63757464400551,7.651967539427347,5.676772316643699
10004,2018,2018_10004,1659,157645,218650,1002,3235,635,1640600,2547,1.060070671378092,0.0392618767177071,2.159403219473891,5.771495877502945,0.5496662740478995,47.506870828425605,42.91323125245386,3028,8.190224570673712,17.17305151915456,52.27873183619551,17.30515191545575,1659,47.860156720916216,31.585292344786016,14.345991561181433,6.208559373116335
10005,2018,2018_10005,4374,173333,208186,3461,3226,859,1415400,6586,0.7288187063467962,0.0455511691466747,4.49438202247191,2.1409049498937143,4.145156392347404,48.45126024901305,39.99392651078044,8831,7.66617597101121,35.63582833201223,45.96308458838184,4.8239157513305395,4374,38.2716049382716,41.51806127114769,12.734339277549154,7.475994513031551
10006,2018,2018_10006,1794,176250,214543,1471,3229,306,1140400,2705,0.5914972273567467,0.0,0.9981515711645104,2.6617375231053604,2.957486136783734,50.57301293900185,42.21811460258781,3454,5.7324840764331215,31.123335263462653,46.438911407064275,9.438332368268673,1794,43.19955406911929,37.73690078037904,12.764771460423635,6.298773690078038
10007,2018,2018_10007,2731,246813,367343,1736,3394,968,2000001,5323,3.0433965808754464,4.320871688897238,7.063685891414616,5.260191621266204,0.319368777005448,42.62633853090362,37.36614690963742,7023,13.356115620105367,9.853339028905026,54.91955004983625,13.982628506336322,2731,37.678506041742956,35.078725741486636,8.458440131819845,18.78432808495057
10009,2018,2018_10009,29728,61548,95947,27636,1642,1882,608300,45242,6.193360152071085,5.567835197382963,14.201405773396402,10.636134565227,3.925555899385527,37.64643472879183,21.829273683745196,57925,9.579628830384118,24.7302546396202,36.04833836858006,24.797583081571002,29728,49.034580193756724,31.63347685683531,12.254440258342303,7.077502691065662
10010,2018,2018_10010,16390,117923,188064,11523,2590,4651,788200,25327,1.5003750937734432,2.3729616614679987,8.64689856674695,6.771429699530146,2.317684684328977,36.98819441702531,41.40245587712717,33730,10.756003557663801,23.23747405870145,38.20337978061073,20.797509635339463,16390,50.57962172056132,32.117144600366075,9.097010372178158,8.206223306894447
10011,2018,2018_10011,29128,128613,207287,17773,2115,10947,964200,42426,2.279262716258898,2.1213406873143823,5.755904398246359,7.879602130768869,3.170225804930938,41.05265638994956,37.74100787253099,50472,7.279283563163735,17.070851165002377,41.51608812807101,29.103265176731654,29128,57.80692117550124,29.428728371326557,7.36748146113705,5.396868992035155
10012,2018,2018_10012,12041,109037,169859,9781,2280,2171,1669400,18431,3.4073029135695294,1.6765232488741797,6.836308393467528,4.9807389723834845,2.6368618089089035,44.50653789810645,35.95572676468993,23411,6.112511212677801,29.43060954252275,38.704028021015766,20.759472043056686,12041,49.43941533095258,34.16659745868284,10.190183539573125,6.203803670791463
10013,2018,2018_10013,11986,105442,259828,8634,1571,3138,2000001,21481,13.304780969228622,7.732414692053442,8.267771519016806,6.191518085750198,2.9281690796517856,36.311158698384624,25.26418695591453,28709,11.961405830924102,15.852171792817584,38.66383364101849,23.362011912640636,11986,37.735691640246955,31.478391456699484,13.048556649424329,17.737360253629234
10014,2018,2018_10014,18229,126601,203853,12079,2313,5913,1089100,26633,0.1088874704314196,0.953704051364848,5.241617542146961,6.916231742575,2.324184282656854,45.10945068148538,39.34592422933954,30738,5.592426312707398,18.550328583512265,43.73414015225454,25.79217906174767,18229,57.18360853584947,30.040046080421305,8.502934883976081,4.27341049975314
10016,2018,2018_10016,28916,117004,166745,20229,2550,8319,775800,41216,1.9676824534161488,1.9482725155279503,4.934976708074535,7.618400621118012,3.0643439440993787,43.470982142857146,36.99534161490684,51057,4.988542217521593,30.73819456685665,36.26730908592357,21.906888379654113,28916,57.30045649467422,29.582238207220918,8.566191727763176,4.551113570341679
10017,2018,2018_10017,9905,127506,174635,5535,2309,4320,637300,13615,1.5791406536907822,1.505692251193537,4.223283143591627,8.909291222915902,1.3808299669482187,45.89790672052883,36.50385604113111,15801,4.778178596291374,22.745395861021453,37.26346433770015,30.681602430225933,9905,61.595153962645135,28.450277637556788,6.390711761736497,3.563856638061585
10018,2018,2018_10018,5095,108914,154895,4560,3163,462,743600,8150,4.822085889570552,4.012269938650307,9.153374233128837,9.165644171779142,3.8650306748466257,35.398773006134974,33.58282208588957,9687,3.7266439558170745,32.17714462681945,46.08237844533912,13.502632393930007,5095,44.573110893032386,40.549558390579,9.833169774288518,5.044160942100098
10019,2018,2018_10019,25428,98833,162689,19792,2139,5064,917700,37458,2.517486251268087,2.090341182123979,9.378503924395323,8.639009023439586,4.944204175343051,36.89198569064018,35.538469752789794,43703,5.194151431251859,19.419719470059263,44.84589158638995,25.957028121639244,25428,55.06528236589586,32.84568192543652,7.814220544281894,4.274815164385717
10020,2018,2018_10020,0,-666666666,-666666666,0,-666666666,0,-666666666,0,,,,,,,,0,0.0,0.0,0.0,0.0,0,,,,
10021,2018,2018_10021,24996,118289,222872,13289,2149,11252,1238500,37453,0.4432221717886418,0.5153125250313727,5.916748992070061,8.287720609830988,4.111820147918724,38.91010065949323,41.815074893866985,46215,10.847127555988315,9.64621876014281,39.85286162501352,30.561506004543975,24996,52.63242118738998,27.552408385341653,9.237477996479438,10.577692430788927
10022,2018,2018_10022,18049,135363,248983,8426,2514,9454,928400,27042,1.3201686265808743,0.5953701649286295,4.6779084387249465,7.506841209969677,2.9990385326529103,39.47193254936765,43.428740477775314,31125,6.50281124497992,14.51566265060241,33.89558232931727,37.217670682730926,18049,52.6344949858718,35.5532162446673,7.706798160562912,4.105490608898
10023,2018,2018_10023,33693,130452,217812,19156,2321,14083,1124500,50726,0.9876591885817922,1.758467058313291,6.673106493711312,7.201435161455663,2.2670819697985256,32.285218625556915,48.8270315025825,62435,9.509089453031152,10.731160406823097,39.28725874909906,31.168415151757827,33693,51.14415457216632,32.460748523432166,7.7671919983379345,8.627904906063574
10024,2018,2018_10024,28751,131668,249579,16800,2174,11343,1540500,47138,1.9623233908948197,2.581781153209725,6.080020365734652,5.967584539013111,2.679366965081251,35.306971021256736,45.42195256480971,59001,11.725224996186506,10.213386213792987,39.45865324316537,29.268995440755244,28751,45.51493861083093,31.532816249869573,9.310980487635213,13.64126465166429
10025,2018,2018_10025,41910,85930,155781,29166,1531,12013,1021400,70558,5.792397743700219,4.223475722100966,10.19870177726126,9.647382295416538,3.431219705773973,28.447518353694832,38.259304402052216,92805,12.27627821776844,18.604601045202305,32.17714562792953,29.705296050859328,41910,42.648532569792415,31.715581006919592,14.199475065616799,11.4364113576712
10026,2018,2018_10026,15458,58884,99903,12883,1163,2352,835000,28584,6.2482507696613485,11.35600335852225,20.49048418695774,12.559473831514136,4.915337251609292,23.303246571508534,21.1272040302267,39363,13.837868048675151,18.39544750146076,40.37801996799025,19.035642608541018,15458,36.6412213740458,29.732177513261743,15.739422952516497,17.88717816017596
10027,2018,2018_10027,23811,46113,81961,20055,1193,3237,689200,41409,6.894636431693593,8.372576010046124,20.324084136298872,11.492670675457026,4.979593808109349,22.89115892680335,25.04528001159168,64548,17.518745739604636,25.4353349445374,32.52928053541551,18.3460370576935,23811,35.99176851035236,32.37999244046869,16.013607156356304,15.614631892822645
10028,2018,2018_10028,25318,125140,222550,16202,2329,8723,1218300,39507,1.1921937884425546,0.6732984028146911,4.756119168754904,6.449489963803883,3.73857797352368,41.7951249145721,41.39519578808819,47793,9.97217165693721,18.128177766618542,37.88002427133681,27.34082397003745,25318,47.78813492376965,33.12662927561419,9.629512599731417,9.455723200884746
10029,2018,2018_10029,31690,34016,68078,29188,923,2149,693200,54309,12.316558949713675,13.380839271575615,23.681157819146,13.767515513082545,5.1961921596788745,18.545729068846786,13.112007217956508,79597,18.34114351043381,18.755731999949745,33.38191137856955,22.775984019498217,31690,38.95550646891764,28.8387503944462,15.380246134427264,16.8254970022089
10030,2018,2018_10030,12736,37232,72377,11072,988,1471,606500,21781,8.21817180111106,14.00762132133511,23.75923970432946,17.988154813828565,5.679261741885129,18.483999816353705,11.863550801156972,29882,13.011177297369652,18.68014189143966,39.78314704504384,19.25573924101466,12736,44.998429648241206,26.593907035175878,13.505025125628139,14.902638190954773
10031,2018,2018_10031,21959,49891,71698,18438,1365,2734,417000,43469,14.893372288297408,10.504037359957673,20.416848788792013,13.584393475810346,4.683797648899216,20.55947916906301,15.358071269180334,60254,13.370066717562317,22.046669100806586,37.94768812029077,20.091612175125302,21959,32.64720615692882,27.760826995764837,19.53640876178332,20.05555808552302
10032,2018,2018_10032,21222,50391,66845,19031,1219,1742,499600,48203,18.34118208410265,11.775200713648529,18.476028462958737,14.52814140198743,5.74445573926934,19.28718129576997,11.847810302263346,64264,11.774866177019794,23.67733100958546,35.71517490352297,22.771691771442796,21222,30.435397229290356,29.648477994533973,16.84572613325794,23.070398642917727
10033,2018,2018_10033,19652,58614,75872,17126,1412,2054,495800,43303,17.823245502621067,10.551232016257533,17.495323649631665,12.60189825185322,5.221347250767845,21.744451885550657,14.562501443318016,59607,14.333886959585286,18.652171724797423,35.73405808042679,23.623064405187307,19652,27.320374516588643,29.981681253816404,17.214532871972317,25.483411357622632
10034,2018,2018_10034,16095,54716,70567,14178,1330,1500,342600,30637,14.704442340960275,10.7092731011522,17.896660900218688,16.522505467245487,6.126578973137057,19.597219048862485,14.4433201684238,42910,16.192029829876482,15.2178979258914,38.05406665113027,23.024935912374733,16095,34.68157812985399,28.40633737185461,14.532463497980737,22.379621000310657
10035,2018,2018_10035,14428,30081,52121,13009,866,1191,592800,25962,12.87266004159926,17.059548570988365,22.617671982127725,14.236191356598106,5.484939527001002,16.728295200677916,11.000693321007626,35743,14.055899057158044,18.014716168200767,37.5542064180399,21.889600760988166,14428,45.889936235098425,25.138619351261436,15.379817022456335,13.591627391183808
10036,2018,2018_10036,16183,91936,130731,14486,2151,1565,976900,22779,2.9369155801396025,4.600728741384608,7.379604021247641,9.622898283506736,3.2705562140568065,40.6383072127837,31.550989946880897,27428,4.4006125127606825,23.02027125565116,46.12804433425697,21.83535073647368,16183,60.075387752579864,29.129333250942345,7.1124019032317864,3.682877093245999
10037,2018,2018_10037,9731,45041,63900,9175,1153,485,422100,14533,5.023050987407968,10.314456753595266,23.84917085254249,16.390284180829838,6.048303860180279,21.255074657675635,17.119658707768526,21139,15.97521169402526,14.778371729977767,34.50021287667345,22.006717441695443,9731,49.75850375089919,24.519576610831365,12.691398622957559,13.03052101531189
10038,2018,2018_10038,10210,86058,138542,7390,2396,2732,787400,17155,11.955698047216554,6.866802681433984,12.777615855435734,8.096764791605946,2.54153308073448,35.16176041970271,22.59982512387059,22800,11.679824561403509,21.469298245614034,34.61842105263158,25.37719298245614,10210,39.520078354554364,36.96376101860921,14.711067580803133,8.805093046033301
10039,2018,2018_10039,11210,39653,61621,9351,931,1515,458900,18072,8.621071270473662,10.436033643204958,25.55887560867641,16.185258964143426,8.820274457724658,17.773351040283313,12.605135015493582,27726,19.422202986366585,17.081439803794275,34.292721633124145,19.707134097958594,11210,37.528991971454055,29.411239964317577,15.619982158786797,17.43978590544157
10040,2018,2018_10040,16181,47137,64100,14148,1362,1679,394500,32545,15.45552312183131,11.242894453833154,18.16868950683669,15.16976494085113,5.257335996312797,19.9385466277462,14.767245352588724,44571,14.464562159251532,17.527091606650064,35.52085436718943,23.515290211123826,16181,33.440454854458935,29.7942030776837,17.106482912057352,19.658859155800013
10044,2018,2018_10044,4748,100441,126465,3746,2520,936,692000,9498,5.422194146136029,3.9166140240050535,17.035165297957462,7.075173720783323,3.769214571488735,24.773636555064225,38.00800168456517,11682,7.926724875877418,16.538263995891114,39.325457969525765,27.743537065570962,4748,38.352990732940185,36.815501263689974,12.089300758213986,12.742207245155853
10065,2018,2018_10065,14844,127375,242978,9291,2472,5365,1548500,22402,0.571377555575395,0.8034996875278992,6.267297562717615,8.244799571466833,1.937327024372824,38.581376662797965,43.59432193554147,28109,8.082820448966523,15.852573908712511,38.091002881639334,28.35035042157316,14844,48.56507679870655,32.11398544866613,10.340878469415252,8.980059283212071
10069,2018,2018_10069,2552,110625,225183,1866,3123,675,2000001,3697,0.7844197998377063,0.6491750067622396,4.841763592101704,3.5163646199621312,2.5967000270489584,37.40870976467406,50.2028671896132,5085,15.437561455260571,13.018682399213372,49.02654867256637,13.549655850540807,2552,44.74921630094044,27.782131661442005,14.302507836990596,13.166144200626958
10075,2018,2018_10075,11035,137146,233358,5750,2280,4933,1050600,16986,0.4297656893912633,1.5718827269516071,8.059578476392323,6.440598139644413,6.687860591075003,38.684799246438246,38.125515130107146,21556,12.762107997773242,10.103915383187976,34.83948784561143,31.661718315086286,11035,49.34299954689624,29.968282736746715,6.4975079293158124,14.191209787041231
10103,2018,2018_10103,0,-666666666,-666666666,0,-666666666,0,-666666666,0,,,,,,,,0,0.0,0.0,0.0,0.0,0,,,,
10110,2018,2018_10110,0,-666666666,-666666666,0,-666666666,0,-666666666,0,,,,,,,,0,0.0,0.0,0.0,0.0,0,,,,
10111,2018,2018_10111,0,-666666666,-666666666,0,-666666666,0,-666666666,0,,,,,,,,0,0.0,0.0,0.0,0.0,0,,,,
10112,2018,2018_10112,0,-666666666,-666666666,0,-666666666,0,-666666666,0,,,,,,,,0,0.0,0.0,0.0,0.0,0,,,,
10115,2018,2018_10115,0,-666666666,-666666666,0,-666666666,0,-666666666,0,,,,,,,,0,0.0,0.0,0.0,0.0,0,,,,
10119,2018,2018_10119,0,-666666666,-666666666,0,-666666666,0,-666666666,0,,,,,,,,0,0.0,0.0,0.0,0.0,0,,,,
10128,2018,2018_10128,30691,114010,196844,20170,2198,10129,1022400,47668,1.1307376017454056,1.753797096584711,7.44734413023412,5.015943609968952,2.61181505412436,37.71083326340522,44.32952924393723,59256,9.686782773052519,15.979816389901444,39.425543404887264,27.232685297691376,30691,44.78185787364374,34.78870027043759,11.817796748232382,8.611645107686293
10152,2018,2018_10152,0,-666666666,-666666666,0,-666666666,0,-666666666,0,,,,,,,,0,0.0,0.0,0.0,0.0,0,,,,
10153,2018,2018_10153,0,-666666666,-666666666,0,-666666666,0,-666666666,0,,,,,,,,0,0.0,0.0,0.0,0.0,0,,,,
10154,2018,2018_10154,0,-666666666,-666666666,0,-666666666,0,-666666666,0,,,,,,,,0,0.0,0.0,0.0,0.0,0,,,,
10162,2018,2018_10162,741,188880,244032,741,3011,0,-666666666,1098,0.0,4.644808743169399,0.0,3.825136612021858,4.098360655737705,42.07650273224044,45.3551912568306,1584,10.037878787878789,2.5883838383838382,36.86868686868687,26.641414141414145,741,40.89068825910931,23.751686909581647,19.568151147098515,15.789473684210526
10165,2018,2018_10165,0,-666666666,-666666666,0,-666666666,0,-666666666,0,,,,,,,,0,0.0,0.0,0.0,0.0,0,,,,
10167,2018,2018_10167,0,-666666666,-666666666,0,-666666666,0,-666666666,0,,,,,,,,0,0.0,0.0,0.0,0.0,0,,,,
10168,2018,2018_10168,0,-666666666,-666666666,0,-666666666,0,-666666666,0,,,,,,,,0,0.0,0.0,0.0,0.0,0,,,,
10169,2018,2018_10169,0,-666666666,-666666666,0,-666666666,0,-666666666,0,,,,,,,,0,0.0,0.0,0.0,0.0,0,,,,
10170,2018,2018_10170,0,-666666666,-666666666,0,-666666666,0,-666666666,0,,,,,,,,0,0.0,0.0,0.0,0.0,0,,,,
10171,2018,2018_10171,0,-666666666,-666666666,0,-666666666,0,-666666666,0,,,,,,,,0,0.0,0.0,0.0,0.0,0,,,,
10172,2018,2018_10172,0,-666666666,-666666666,0,-666666666,0,-666666666,0,,,,,,,,0,0.0,0.0,0.0,0.0,0,,,,
10173,2018,2018_10173,0,-666666666,-666666666,0,-666666666,0,-666666666,0,,,,,,,,0,0.0,0.0,0.0,0.0,0,,,,
10174,2018,2018_10174,0,-666666666,-666666666,0,-666666666,0,-666666666,0,,,,,,,,0,0.0,0.0,0.0,0.0,0,,,,
10177,2018,2018_10177,0,-666666666,-666666666,0,-666666666,0,-666666666,0,,,,,,,,0,0.0,0.0,0.0,0.0,0,,,,
10199,2018,2018_10199,55,-666666666,-999999999,55,-666666666,0,-666666666,46,0.0,0.0,0.0,0.0,0.0,50.0,50.0,148,16.216216216216218,52.702702702702695,15.54054054054054,15.54054054054054,55,0.0,58.18181818181818,41.81818181818181,0.0
10271,2018,2018_10271,0,-666666666,-666666666,0,-666666666,0,-666666666,0,,,,,,,,0,0.0,0.0,0.0,0.0,0,,,,
10278,2018,2018_10278,0,-666666666,-666666666,0,-666666666,0,-666666666,0,,,,,,,,0,0.0,0.0,0.0,0.0,0,,,,
10279,2018,2018_10279,18,-666666666,-999999999,18,-666666666,0,-666666666,43,0.0,0.0,0.0,58.13953488372093,0.0,0.0,41.86046511627907,43,0.0,0.0,100.0,0.0,18,0.0,100.0,0.0,0.0
10280,2018,2018_10280,4560,169844,224631,3213,3332,1233,910500,7160,0.0,1.3128491620111733,1.2150837988826817,5.810055865921788,3.2541899441340782,44.00837988826816,44.399441340782126,9384,13.576300085251491,8.120204603580563,51.93947144075021,18.361040068201195,4560,41.60087719298245,31.20614035087719,14.539473684210527,12.653508771929825
10282,2018,2018_10282,2231,250001,330244,2039,3501,192,-666666666,3810,1.889763779527559,0.3412073490813648,5.039370078740157,5.406824146981627,3.490813648293963,45.354330708661415,38.47769028871391,5593,14.392991239048811,7.616663686751297,50.84927588056499,7.974253531199713,2231,29.896907216494846,26.669654863290006,15.912147019273867,27.52129090094128
10301,2018,2018_10301,14489,55802,82103,7764,1291,6587,454600,25914,6.193563324843714,7.698541329011345,25.81230223045458,15.92189550050166,7.135139306938335,19.88886316276916,17.349695145481206,38733,18.702398471587536,14.741951307670462,31.990808870988563,26.3083159063331,14489,32.65235696045276,29.001311339636963,15.549727379391262,22.796604320519016
10302,2018,2018_10302,6149,64103,80141,2408,1325,3616,377500,12162,5.615852655813189,11.404374280545964,32.97155073178754,20.1940470317382,5.517184673573426,17.08600559118566,7.210985035356026,18204,20.550428477257746,16.694133157547792,34.88244341902878,21.259063941990767,6149,25.174825174825177,21.678321678321677,14.213693283460726,38.93315986339242
10303,2018,2018_10303,8156,62558,75828,3148,1009,4954,333200,16064,8.354083665338646,12.13894422310757,27.52116533864542,20.08217131474104,6.67953187250996,17.62325697211155,7.600846613545817,25947,23.582687786641998,16.01726596523683,32.365976798859215,20.27594712298146,8156,16.72388425698872,25.53948013732222,21.309465424227565,36.4271701814615
10304,2018,2018_10304,14172,52199,90003,6481,1034,7441,471400,27661,6.72788402443874,9.460973934420302,30.51588879650049,14.616246701131558,7.197859802610173,18.206138606702577,13.27500813419616,41064,20.114942528735632,14.394603545684785,31.35836742645626,26.15916617962205,14172,25.92435788879481,25.148179508890774,19.68670618120237,29.240756421112053
10305,2018,2018_10305,14663,76489,91033,4739,1292,9671,440500,30043,8.035149618879606,6.790267283560231,27.976566920746933,15.10501614352761,8.461205605299071,21.07312851579403,12.558665912192524,42298,16.47122795404038,14.040852995413495,34.576102889025485,26.637193247907703,14663,25.676873763895518,23.86278387778763,15.597081088453931,34.863261269862925
10306,2018,2018_10306,20007,79569,96939,5561,1361,14183,480900,38676,4.077464060399215,6.182128451753025,34.69334988106319,18.168890267866377,7.255145309752818,17.297548867514738,12.325473161650637,53142,16.800270972112454,12.238907079146438,33.15080350758346,30.723345000188175,20007,25.750987154495924,28.210126455740493,18.57349927525366,27.46538711450992
10307,2018,2018_10307,5314,80893,113474,1135,1198,4038,662600,10168,1.7997639653815891,5.192761605035405,28.373328088119592,16.483084185680568,10.700236034618412,23.20023603461841,14.250590086546028,15232,22.551207983193276,13.353466386554622,37.099527310924366,21.546743697478995,5314,22.487768159578472,24.143771170493036,14.697026721866768,38.671433948061726
10308,2018,2018_10308,10648,93963,108491,1644,1664,8826,494000,21689,2.153165198948776,4.670570335192955,32.81386878140993,16.095716722762692,8.285305915441008,21.87283876619485,14.108534280049795,30186,16.626913138541045,12.522361359570661,33.42277877161598,29.88140197442523,10648,18.181818181818183,30.907212622088654,18.144252441773105,32.76671675432006
10309,2018,2018_10309,11464,103175,121733,1400,1389,9841,570200,23537,3.8365127246463016,4.873178399966012,31.218931894464035,18.948888983302886,7.537069295152313,21.79122233079832,11.794196371670136,33531,17.643374787510062,12.04556977125645,34.57397632041991,28.12621156541708,11464,16.8702023726448,28.986392184228894,19.53070481507327,34.612700628053034
10310,2018,2018_10310,8346,72093,90754,3182,1237,5113,451500,15599,7.647926149112122,8.590294249631386,26.23886146547856,14.629142893775244,8.77620360279505,19.1999487146612,14.917622924546444,23262,20.221820995615168,12.393603301521797,33.329034476829165,26.188633823402974,8346,23.616103522645577,27.869638150011983,19.506350347471844,29.007907979870595
10311,2018,2018_10311,0,-666666666,-666666666,0,-666666666,0,-666666666,0,,,,,,,,0,0.0,0.0,0.0,0.0,0,,,,
10312,2018,2018_10312,21382,95064,112310,2927,1238,18246,518000,43297,2.189528142827448,3.9217497748111874,32.72513107143682,19.23458900154745,7.420837471418343,20.465621174677228,14.04254336328152,61741,18.653730908148557,11.807388931180252,32.75133217796926,29.53790835911307,21382,17.678421101861378,29.55757178935553,18.440744551491907,34.32326255729118
10314,2018,2018_10314,31362,86742,103927,7490,1401,23323,485300,63943,4.669784026398511,5.328182912906808,32.438265330059586,16.472483305443912,7.279921179800761,19.658133024725142,14.15323022066528,90761,17.71135179206928,13.149921221670102,33.41192803076211,27.754211610713853,31362,20.961673362668197,29.30616669855239,17.620049741725655,32.11211019705376
10451,2018,2018_10451,19123,28921,49434,16353,1042,2488,135600,30576,16.0485347985348,14.383830455259028,25.860151753008896,16.784406070120355,7.443746729461015,13.311093668236524,6.168236525379382,47798,22.180844386794426,15.923260387463912,32.33398886982719,21.373279216703626,19123,38.9530931339225,22.7840819955028,17.18349631333996,21.079328557234746
10452,2018,2018_10452,26126,28277,39896,24446,1139,702,238000,45791,19.51475180712367,15.96383568823568,26.63842239741434,16.404970409032344,7.239413858618506,11.131008276735605,3.1075975628398598,76078,24.51957201819185,16.103209863561084,34.657851152764266,16.806435500407474,26126,29.265865421419274,22.969455714613794,17.74094771492,30.023731149046927
10453,2018,2018_10453,27266,25275,37719,25502,1130,972,427200,47498,17.413364773253612,16.83018232346625,27.92749168386037,17.52705377068508,7.594003958061392,9.75830561286791,2.949597877805381,79606,22.875160163806747,18.00241187850162,32.709845991508175,17.26754264753913,27266,29.47627081346732,22.166801144282257,20.351353333822342,28.005574708428078
10454,2018,2018_10454,13167,21149,35479,12307,730,687,430200,21829,22.460946447386505,19.46951303312108,29.14471574510972,15.703880159420954,5.350680287690687,5.909569838288515,1.9606944889825464,38203,25.066094285789074,17.39392194330288,32.751354605659245,15.849540611993822,13167,34.47254499886079,22.731070099491152,14.452798663324979,28.34358623832308
10455,2018,2018_10455,14401,26801,40090,12960,974,1200,330000,25656,20.29544745868413,19.005300904271905,27.77907701902089,15.419395073277206,5.667290302463361,8.691923916432803,3.141565325849704,42283,21.930799612137264,17.494028332899745,33.299434761015064,16.96189958139205,14401,31.33115755850288,20.609679883341432,20.56107214776752,27.498090410388166
10456,2018,2018_10456,30774,27106,43257,28186,1019,1756,345200,56252,18.539785252079927,16.971841001208844,26.715494560193413,18.706890421673897,6.269999288914171,9.894759297447202,2.901230178482543,94218,23.966757944341843,16.989322634740706,31.393152051624952,19.102506951962468,30774,27.789692597647363,23.84480405537142,17.888477286020667,30.47702606096055
10457,2018,2018_10457,24634,27420,41485,22492,1154,1438,376600,43627,17.434157746349737,18.13555825520893,27.86806335526165,17.610653952827377,6.239255506910858,8.519953239966076,4.192357943475371,74554,23.923599002065615,16.824046999490303,31.428226520374494,17.493360517209002,24634,30.871965576033123,20.47982463262158,20.5041812129577,28.14402857838759
10458,2018,2018_10458,27282,33932,48427,25492,1222,1060,383400,48277,16.66839281645504,15.284711146094413,29.49023344449738,17.677154752780826,6.578702073451126,10.106261780972304,4.194543985748908,83960,23.641019533111006,19.762982372558362,31.124344926155313,16.11719866603144,27282,26.08679715563375,26.064804633091416,17.509713364122863,30.33868484715197
10459,2018,2018_10459,16382,27687,43297,14052,1020,1875,389400,29872,18.88725227637922,15.459292983395825,29.49919657204071,15.305302624531333,6.929566148901982,10.635377611140868,3.2840117836100697,48351,22.818555976091496,17.166139273231163,32.10068044094228,19.108188041612376,16382,28.42754242461238,22.042485654987182,20.88267610792333,28.647295812477108
10460,2018,2018_10460,20443,26866,41120,17671,1053,2155,412700,37276,17.869406588689774,18.86468505204421,27.038845369674856,18.727867796973925,5.510247880673893,9.22845798905462,2.760489322888722,59505,21.12091420889001,18.653894630703302,30.60247038064028,20.457104445004624,20443,27.725871936604218,24.238125519737807,21.04387810008316,26.992124443574816
10461,2018,2018_10461,18927,56612,73335,12302,1373,6162,451100,36161,9.579381101186362,9.57385028068914,28.03296369016344,16.722435773346973,7.97267774674373,16.573103619922016,11.545587787948342,50348,15.792087073965202,14.72352427107333,36.237785016286644,24.362437435449273,18927,30.865958683362393,29.56094468220003,16.0088762085909,23.564220425846674
10462,2018,2018_10462,29543,52409,63952,22603,1342,6600,300000,53052,9.703686948654152,10.2107366357536,28.291110608459626,18.15577169569479,8.078866018246249,16.022016135112718,9.537811958078866,76756,17.68461097503778,15.262650476835686,36.75412997029549,22.649695137839387,29543,32.921504248045224,27.116406593778557,17.584537792370444,22.377551365805775
10463,2018,2018_10463,28682,58551,83674,19041,1326,9219,287400,51158,9.44329332655694,9.413972399233748,19.69584424723406,15.858712224871963,5.1643926658587125,20.925368466320027,19.49841666992455,71360,15.802970852017935,13.615470852017937,32.64714125560538,27.516816143497756,28682,36.081863189456804,29.83752876368454,15.431280942751552,18.649327104107105
10464,2018,2018_10464,1893,93365,114025,623,1186,1248,531800,3399,3.1774051191526915,4.736687260959106,25.3898205354516,12.297734627831716,11.768167107972934,22.97734627831715,19.6528390703148,4434,13.576905728461885,12.359043752819126,35.317997293640055,30.26612539467749,1893,35.12942419440042,33.914421553090335,13.312202852614895,17.64395139989435
10465,2018,2018_10465,15994,74796,90281,6804,1356,9004,462100,31019,8.352944969212418,6.763596505367678,30.352364679712437,18.633740610593502,9.59411973306683,14.858635030142816,11.444598471904316,44205,16.47551181992987,13.340119895939374,32.039362063115036,28.18685669041963,15994,28.65449543578842,30.892834813054897,15.962235838439415,24.49043391271727
10466,2018,2018_10466,23704,51477,68430,14184,1281,9191,422700,48057,8.479513910564537,12.739039057785543,28.940632998314506,17.664440143995673,8.86447343779262,16.230726012859726,7.081174438687392,72479,19.231777480373626,16.56065894948882,32.53494115536914,24.1421653168504,23704,25.928113398582518,23.75548430644617,20.017718528518394,30.29868376645292
10467,2018,2018_10467,36732,37015,51062,30877,1285,5011,335400,67420,13.586472856719077,12.509641056066448,30.617027588252743,16.619697419163455,7.459210916641947,13.231978641352717,5.975971521803619,103732,19.708479543438862,16.114603015462926,33.8584043496703,20.728415532333322,36732,32.252531852335835,24.480017423499945,17.290101274093434,25.97734945007078
10468,2018,2018_10468,26338,36046,48780,23442,1236,2000,194000,49291,16.741392952060213,14.661905824592726,29.25686230752064,17.87547422450346,6.333813475076585,10.679434379501329,4.451116836745045,78647,19.476903124086107,17.37129197553626,33.884318537261436,18.469871705214437,26338,26.999012833168806,24.16660338674159,21.527830511048677,27.30655326904093
10469,2018,2018_10469,22450,63652,78921,10774,1379,11439,438900,51384,10.787404639576522,9.707301883854896,27.90362758835435,17.641678343453215,8.971664331309356,14.835357309668378,10.15296590378328,73870,18.380939488290238,14.34953296331393,32.63029646676594,27.004196561527007,22450,20.84187082405345,26.048997772828507,19.220489977728285,33.88864142538976
10470,2018,2018_10470,6076,57160,76959,3692,1380,2222,424400,11381,8.839293559441174,9.296195413408311,27.484403830946317,16.149723222915384,6.976539847113611,20.226693612160616,11.027150514014586,15432,13.925609123898393,14.593053395541732,35.49118714359772,27.002332814930014,6076,35.31928900592495,29.03225806451613,15.668202764976957,19.98025016458196
10471,2018,2018_10471,8598,85707,121901,4320,1548,4193,345500,15931,4.350009415604796,4.3813947649237335,16.427091833532106,15.064967673090202,5.071872449940368,23.137279517921037,31.56738434498776,21896,15.372670807453417,11.782974059188893,28.347643405188162,33.05626598465473,8598,39.427773900907184,33.04256803907886,12.956501511979528,14.573156548034428
10472,2018,2018_10472,21887,30977,46699,18375,1173,3122,451900,42234,21.07306909125349,16.496187905478997,26.83383056305346,16.48198134204669,6.783634038925984,9.13008476582848,3.2012122934128904,68796,22.001279144136287,16.858538287109717,32.65596837025409,19.387755102040817,21887,25.35751816146571,23.75839539452643,18.28482660940284,32.599259834605014
10473,2018,2018_10473,20935,41638,60660,14474,964,6189,381600,38996,10.598522925428249,13.744999487126886,28.800389783567542,19.266078572161245,9.53174684583034,12.467945430300544,5.590316955585188,59609,20.31907933365767,15.70064923082085,30.936603533023536,25.20089248267879,20935,29.11870074038691,26.07117267733461,18.533556245521854,26.276570336756627
10474,2018,2018_10474,3488,25493,42633,3129,1138,219,427800,7323,19.69138331284993,16.891984159497472,27.16099959033183,17.055851427010786,7.63348354499522,9.108288952615048,2.4580090126997134,12127,22.98177620186361,17.77851076111157,34.4932794590583,15.213985322008739,3488,26.40481651376147,20.240825688073393,18.09059633027523,35.26376146788991
10475,2018,2018_10475,18759,50832,63502,10637,1023,8080,27600,32233,5.733254738932151,8.426147116309373,28.827599044457543,18.87506592622468,9.87187044333447,18.360065771104143,9.90599695963764,43208,15.068968709498241,12.044065913719681,31.063691908905756,34.43112386595075,18759,43.525774295005064,26.264726264726264,15.923023615331308,14.286475824937364
11001,2018,2018_11001,9144,108438,130947,1579,1634,7394,552900,19745,4.694859458090655,4.593567991896682,21.66118004558116,15.264623955431755,8.245125348189415,26.067358825018992,19.473284375791337,27867,18.35145512613486,12.642193275200057,31.280726307101588,29.590555136900278,9144,17.92432195975503,29.37445319335083,18.514873140857393,34.186351706036746
11003,2018,2018_11003,12256,97338,112436,2246,1768,9821,386900,31394,6.867554309740714,5.080588647512264,28.10409632413837,19.58973052175575,10.498821430846656,20.21405364082309,9.645155125183155,45263,18.03459779510859,16.01086980535979,33.73616419592162,25.84450875991428,12256,13.919712793733682,20.12075718015666,18.93766318537859,47.02186684073107
11004,2018,2018_11004,5178,92657,108778,1390,1492,3674,523700,11492,4.403063000348069,3.933170901496694,27.497389488339717,12.704490080055692,8.997563522450399,25.556909154194223,16.907413853115212,15234,11.113299199159774,15.419456478928712,29.493238807929632,32.47997899435474,5178,29.161838547701812,28.640401699497875,16.20316724604094,25.994592506759368
11005,2018,2018_11005,1271,62993,87343,82,-666666666,1176,656700,1749,0.6861063464837049,1.0863350485991996,23.0989136649514,27.958833619210974,1.8867924528301887,20.240137221269297,25.04288164665523,1749,0.0,0.0,7.261292166952545,57.34705546026301,1271,63.96538158929977,36.03461841070023,0.0,0.0
11040,2018,2018_11040,12876,124378,151193,1217,1878,11500,611700,29693,3.667531067928468,4.469066783416967,21.22385747482572,13.100730811975886,6.429124709527498,28.835078974842556,22.27461017748291,41877,17.281562671633594,11.404828426105022,32.63605320342909,29.686940325238194,12876,14.15035725380553,24.930102516309415,22.35166200683442,38.56787822305064
11101,2018,2018_11101,13169,65392,103022,10774,1608,2230,924200,22131,6.705526184989381,5.937372915819439,24.06127151958791,10.175771542180652,5.101441417016854,28.65663548868104,19.36198093172473,30043,12.96807908664248,18.623306593882102,43.79056685417568,17.068867955929836,13169,35.629129015111246,37.35287417419698,13.736806135621535,13.28119067507024
11102,2018,2018_11102,13072,64067,87613,11045,1697,1741,614000,23543,8.015121267468036,6.736609607951408,20.052669583315637,10.860977785328972,6.22690396296139,32.02650469353948,16.081213099435075,30800,11.36038961038961,22.425324675324674,39.857142857142854,19.198051948051948,13072,34.94492044063647,36.52080783353733,13.25734394124847,15.276927784577724
11103,2018,2018_11103,15665,71437,87030,12609,1700,2536,792600,28821,7.525762464869366,4.298948683251796,20.56833558863329,9.77065334304847,6.110128031643593,33.60049963568231,18.12567225287117,36140,8.998339789706696,24.39955727725512,41.16491422246818,19.867183176535693,15665,32.575805936801785,37.71465049473348,15.633578040217044,14.075965528247686
11104,2018,2018_11104,11619,61269,80842,8971,1577,2298,478100,20640,7.151162790697674,6.845930232558139,21.225775193798448,10.552325581395348,8.367248062015504,29.42829457364341,16.42926356589147,26119,11.305945863164746,15.563382977908802,43.99479306252154,22.43577472338145,11619,39.73663826491092,30.759962130992342,13.202513125053791,16.300886479042948
11105,2018,2018_11105,15363,73959,94627,10791,1709,4255,808700,29352,7.461161079313164,5.59416734805124,20.036113382393022,11.34505314799673,7.008040337966747,31.118833469610248,17.436631234668848,37382,10.371301696003425,20.493820555347494,40.48740035311113,21.574554598469852,15363,31.146260495996874,35.12985744971685,16.279372518388335,17.444509535897936
11106,2018,2018_11106,16992,63703,80566,13711,1614,3028,571400,30072,8.037376961957968,5.985634477254589,18.442404894918862,10.86392657621708,6.760441606810322,33.669193934557065,16.241021548284117,38363,11.604931835362198,19.948909105127335,41.31063785418242,20.538018403148865,16992,38.01789077212806,35.88159133709981,11.940913370998118,14.15960451977401
11109,2018,2018_11109,2954,148590,176615,2636,3187,291,797400,4882,0.0,0.8193363375665711,7.046292503072511,5.817287996722655,2.7038099139696845,40.22941417451864,43.38385907414994,5981,5.3001170372847355,22.939307808058853,55.04096304965725,7.206152817254639,2954,36.323628977657414,42.62017603249831,12.626946513202435,8.429248476641842
11201,2018,2018_11201,28067,124996,184989,17006,2410,10403,915900,47602,2.5839250451661697,2.8318137893365827,9.78320238645435,7.938742069660938,2.756186714843914,35.672870887777826,38.43325910676022,62823,12.035401047387102,16.748643012909284,43.882017732359174,18.69060694331694,28067,38.05536751344996,37.55656108597285,12.263512309830048,12.124559090747141
11203,2018,2018_11203,27761,51277,67925,15713,1306,11278,447400,52931,6.296877066369425,7.169711511212711,36.028036500349515,19.113562940431883,7.923523077213732,15.745026543991234,7.723262360431506,75451,17.34503187499172,14.292719778399224,31.82992935812647,28.78159335197678,27761,29.926875833003137,28.32750981592882,18.713302834912287,23.032311516155758
11204,2018,2018_11204,23601,49785,72448,14106,1375,8748,825500,49510,16.093718440719044,10.737224803070086,28.390224197131893,10.62007675217128,6.982427792365178,18.664916178549788,8.511411835992728,76978,21.57499545324638,12.474992855101458,32.19361375977552,22.77533840837642,23601,19.613575695945087,25.287064107453073,16.77471293589255,38.32464726070929
11205,2018,2018_11205,16294,56708,86795,12125,1420,3925,715000,27491,7.267833109017497,9.814120985049652,20.09021134189371,13.371648903277435,4.346877159797752,25.93576079444182,19.173547706522136,46064,21.585185828412644,19.427318513372697,34.1199201111497,14.87495658214658,16294,34.41757702221677,28.722229041364923,13.38529520068737,23.474898735730946
11206,2018,2018_11206,31042,36404,61423,27262,1068,3274,655200,53392,13.38402756967336,12.749100988912195,27.11267605633803,15.11275097392868,4.465088402756967,20.503071621216662,6.6732843871741085,88349,21.873479043339483,20.94873739374526,30.025240806347554,17.707048183907006,31042,27.517556858449844,30.268668255911347,17.012434765801174,25.20134011983764
11207,2018,2018_11207,33240,37243,53854,24245,1178,8440,470400,60555,9.670547436215012,12.126166295103625,36.97960531747997,17.75741061844604,8.012550573858476,10.945421517628604,4.508298241268268,91972,19.409168007654504,17.509676858174224,32.849127995476884,21.854477449658592,33240,33.859807460890494,23.18892900120337,18.209987966305654,24.741275571600482
11208,2018,2018_11208,32181,40733,57398,23196,1260,8377,466200,61661,10.539887449116945,8.532135385413794,47.371920662979846,13.47204878286113,5.343734289096836,10.604758275084738,4.135515155446717,98660,21.27103182647476,15.919318872896817,33.95195621325765,19.206365294952363,32181,25.356576862123614,21.118051023896086,21.096299058450636,32.42907305552966
11209,2018,2018_11209,29297,72314,98949,17700,1510,11028,753600,50759,5.809807127799996,5.993025867333872,18.849859138280895,13.386788549813827,6.085620284087551,28.408755097618155,21.466143935065706,67809,13.846244598799569,13.557197422171098,36.05716055390877,27.6674187792181,29297,37.355360617128035,30.061098405980136,13.29146328975663,19.2920776871352
11210,2018,2018_11210,22267,65900,89162,12086,1353,9906,623100,42951,5.2920770179972525,5.7716933249516895,27.19610719191637,19.2242322646737,6.938138809340877,20.65842471653745,14.919326674582663,67040,22.480608591885442,13.632159904534607,31.202267303102623,24.200477326968972,22267,24.161314950374997,26.83343063726591,18.55660843400548,30.448645978353618
11211,2018,2018_11211,39384,71225,110045,32295,1789,6484,1002900,68586,8.283031522468143,9.068906190767796,18.519814539410376,10.968710815618348,3.5400810661067856,32.74283381448109,16.876622051147464,102624,17.355589335827872,20.41627689429373,36.48464296850639,14.638875896476458,39384,28.30337192768637,36.969327645744464,15.366646353849278,19.360654072719885
11212,2018,2018_11212,31454,26239,43099,26225,953,4649,425400,53004,8.65406384423817,13.689532865444118,35.92936382159837,18.64576258395593,8.444645687117953,10.461474605690135,4.175156591955324,76527,17.84860245403583,14.845740718961935,35.08173585793249,24.009826597148724,31454,46.769886182997396,23.11311756851275,13.534049723405609,16.58294652508425
11213,2018,2018_11213,25027,41710,60525,20574,1236,3903,776300,43266,7.074839365783757,10.927749271945638,28.28317847732631,18.769934821800028,6.859889982896501,17.9448065455554,10.139601534692368,66295,19.085903914322348,18.97126480126706,32.13515348065465,21.012142695527565,25027,33.29604027650138,27.402405402165662,17.34127142685899,21.960282894473966
11214,2018,2018_11214,31933,54041,74409,20470,1360,10629,711400,66593,14.809364347604104,9.220188308080427,26.06880603066388,11.104770771702732,7.152403405763369,20.62979592449657,11.014671211688915,92946,15.770447356529598,13.095776042002882,35.2785488348073,26.331418242850688,31933,23.60254282403783,26.082735727930356,19.093101180596875,31.22162026743494
11215,2018,2018_11215,28635,123583,171776,16775,2216,11611,1138500,52178,3.4037333742190192,3.2369964352792366,8.265935835026255,6.713557438000691,2.9284372724136607,36.22791214688183,39.223427498179305,70156,13.75363475682764,13.973145561320488,44.73744227150921,18.354809282171164,28635,26.38379605378034,34.768639776497295,18.784704033525408,20.06286013619696
11216,2018,2018_11216,24079,61121,88367,18322,1408,5328,1073700,42625,5.625806451612903,7.24692082111437,21.440469208211145,12.933724340175951,5.9683284457478,28.92903225806452,17.855718475073314,56308,11.012644739646232,23.444270796334443,38.80620870924202,20.01136605810897,24079,35.59533203206114,34.669213837783964,14.763902155405125,14.971551974749783
11217,2018,2018_11217,17447,107362,158932,12040,2015,5217,1163200,31566,4.872330989038839,6.339099030602548,10.24520053221821,8.610530317430147,3.4277387062028764,33.206614712031936,33.298485712475454,41407,11.874803777139132,17.69266066124085,43.48781606974666,18.622455140435193,17447,33.874018455895,33.82243365621596,15.945434745228408,16.35811314266063
11218,2018,2018_11218,24866,69415,93120,15368,1550,9106,751100,48065,8.675751586393424,7.895558098408404,19.89389368563404,12.969936544262978,5.507125767190263,24.079891813169667,20.977842504941226,74508,20.003221130616847,13.045578998228379,35.29285445858163,20.35888763622698,24866,26.228585216761847,26.598568326228584,16.854339258425156,30.31850719858441
11219,2018,2018_11219,24430,39295,59532,17121,1394,6687,864700,49091,16.791265201360737,17.186449654722864,32.68623576623006,10.10368499317594,4.037399930740869,12.055162860809515,7.139801592960013,90036,25.5753254253854,14.64525300990715,26.468301568261584,18.13496823492825,24430,18.23577568563242,22.836676217765042,15.120753172329104,43.80679492427343
11220,2018,2018_11220,28083,47079,67304,20270,1355,7302,827800,65094,23.94537130918364,22.96371401358036,20.85599287184687,7.713460533996989,3.650106000553047,13.887608688972868,6.983746581866224,95643,17.956358541660133,15.950984389866484,37.00950409334713,20.004600441224134,28083,18.270840009970446,22.02400028486985,16.693373215112345,43.01178649004736
11221,2018,2018_11221,30871,50153,72291,23639,1372,6646,784600,56361,9.416085591100227,11.759904898777524,25.386348716310923,16.13881939639112,5.997054700945689,21.005659942158587,10.296126754315928,83835,16.111409315918173,23.93868909166816,33.52895568676567,18.805987952525797,30871,30.13507822875838,28.615853065984258,16.71147679051537,24.53759191474199
11222,2018,2018_11222,17256,85111,106860,13898,1966,3091,818200,30177,4.397388739768697,4.506743546409518,15.26990754548166,12.83096397918945,4.2482685488948535,39.09268648308314,19.65404115717268,36492,7.472870766195331,20.944316562534254,46.651320837443826,18.636961525813877,17256,35.57603152526657,39.273296244784426,14.018312471024572,11.132359758924432
11223,2018,2018_11223,27958,50108,76767,17351,1318,9964,752200,55076,11.916261166388264,10.224054034425158,27.347665044665558,11.892657418839422,6.914082358922216,19.937903987217663,11.767375989541724,81789,17.727322745112424,14.454266466150706,30.376945555025735,25.795644891122276,27958,23.86079118678017,25.77795264325059,17.887545604120465,32.473710565848776
11224,2018,2018_11224,18725,33131,54541,13371,822,5203,386400,33875,10.518081180811809,9.139483394833947,23.90258302583026,11.616236162361623,9.012546125461254,20.4929889298893,15.318081180811808,46707,16.37227824523091,12.045303701800586,27.030209604556063,34.55798916650609,18725,32.048064085447265,33.4739652870494,15.316421895861149,19.16154873164219
11225,2018,2018_11225,24105,55862,82001,19736,1395,3777,776200,42921,4.6154563034412055,8.4108012394865,22.99806621467347,18.7996551804478,6.588849281237623,22.5926702546539,15.994501526059503,58882,15.24744404062362,19.182432661934037,36.3387792534221,22.726809551306,24105,33.561501763119686,30.86496577473553,17.249533291848167,18.323999170296617
11226,2018,2018_11226,36733,52052,69166,31367,1365,4564,580400,68636,7.469840899819337,8.478058161897547,33.444548050585695,16.73902908094877,5.4956582551430735,18.66221807797657,9.710647473629,100277,17.647117484567747,16.644893644604444,35.836732251662895,21.817565343997128,36733,30.882312906650693,27.23708926578281,16.908501892031687,24.972095935534806
11228,2018,2018_11228,15306,67911,95616,6421,1416,8443,864600,32221,12.482542441265014,8.4479066447348,27.49138760435741,10.496260202973216,7.538561807516837,21.523230191490025,12.020111107662704,44994,16.45330488509579,12.07272080721874,33.88674045428279,28.319331466417744,15306,21.697373578988632,26.832614660917287,18.594015418790015,32.87599634130407
11229,2018,2018_11229,30946,60873,83189,15813,1319,14601,608400,59080,9.287406905890318,5.898781313473257,27.26303317535545,12.45091401489506,7.484766418415707,22.640487474610698,14.974610697359514,83615,16.739819410392872,13.302637086647135,30.993242839203493,30.116605872152125,30946,26.914625476636722,29.35759064176307,17.013507399987073,26.71427648161313
11230,2018,2018_11230,30572,49541,78385,20707,1360,9090,770600,56090,9.27438045997504,8.021037618113745,22.16259582813336,11.929042610090926,7.650205027634159,23.17347120698877,17.789267249064004,89075,20.905978108335674,14.522593320235757,29.088969969127138,23.402750491159136,30572,29.621876226612585,27.162109119455714,13.59740939421693,29.61860525971477
11231,2018,2018_11231,15702,100213,156754,10615,1749,4919,1268600,27198,5.206265166556364,6.574012795058461,12.750937568938893,10.100007353481876,2.4744466504890066,31.41775130524303,31.47657916023237,37845,15.648038049940546,11.2405866032501,43.926542475888496,19.690844233055884,15702,28.677875429881546,35.606929053623745,17.252579289262513,18.4626162272322
11232,2018,2018_11232,8812,56661,78443,6545,1492,2222,705600,19434,16.579191108366782,14.387156529793147,23.994031079551306,10.59483379643923,4.095914376865287,18.369867242976227,11.979005866008029,27602,16.74516339395696,18.263169335555393,42.25418447938555,15.705383667850157,8812,20.67635043123014,29.959146618247846,18.940081706763504,30.42442124375851
11233,2018,2018_11233,29345,40449,62884,22142,1175,6657,755900,49821,8.458280644708054,11.976877220449207,32.058770398024926,14.762851006603642,7.633327311776158,16.95871218963891,8.151181228799102,76819,18.9041773519572,17.621942488186516,34.38342076829951,19.83493666931358,29345,32.29170216391208,28.72380303288465,17.2158800477083,21.768614755494976
11234,2018,2018_11234,31835,81399,102731,9713,1448,21649,556500,66660,4.8259825982598255,5.301530153015301,30.11851185118512,16.582658265826584,8.376837683768377,20.448544854485448,14.345934593459344,95666,18.813371521752764,11.994857107018166,32.03227897058516,29.01657851274225,31835,20.37694361551751,28.70425632165855,18.548767080257576,32.37003298256636
11235,2018,2018_11235,32269,52538,76248,18894,1321,12770,534300,59442,7.307964065812052,5.410315938225497,22.105581911779552,9.787692204165404,7.605733319874836,27.88095959086168,19.90175296928098,78128,13.89386647552734,10.549354904771656,32.673305345074745,32.7590620520172,32269,33.735163779478754,30.722984908116146,14.924540580743129,20.617310731661966
11236,2018,2018_11236,33282,67669,83059,16463,1377,16228,517700,68092,6.2650531633672095,6.93326675674088,30.61152558303472,18.751101450978087,9.716266228044413,18.22534218410386,9.497444633730836,100331,18.24162023701548,15.083075021678244,32.63796832484476,25.960072161146606,33282,23.89579953127817,25.659515654107324,21.101496304308633,29.343188510305872
11237,2018,2018_11237,16740,51413,69731,14913,1484,1668,651800,32689,15.586282847441035,13.833399614549236,23.836764660895103,12.141699042491355,4.3562054513750805,22.013521368044294,8.232127015203892,49310,17.27438653417157,25.80206854593389,37.44879334820523,13.015615493814641,16740,23.26762246117085,27.64038231780167,20.495818399044204,28.59617682198327
11238,2018,2018_11238,24547,85407,117496,16897,1730,7328,886100,42970,3.8515243192925297,5.543402373749127,13.569932511054224,10.20479404235513,4.840586455666744,33.89806841982779,28.09169187805446,54540,10.256692335900256,17.436743674367438,43.661532819948654,20.867253392005864,24547,36.59510327127551,34.093779280563815,16.81264512975109,12.498472318409581
11239,2018,2018_11239,6764,27104,38283,6523,690,215,499400,9618,9.555001039717196,12.674152630484508,35.01767519234768,16.521106259097525,6.986899563318777,12.091911000207944,7.153254314826367,13244,16.01479915433404,11.733615221987314,27.257626094835395,35.12533977650257,6764,48.994677705499704,30.470136014192782,10.969840331164992,9.565345949142518
11351,2018,2018_11351,0,-666666666,-666666666,0,-666666666,0,-666666666,0,,,,,,,,0,0.0,0.0,0.0,0.0,0,,,,
11354,2018,2018_11354,20112,42500,62603,11186,1440,7781,498400,42977,12.378714195965284,14.198292109733114,29.518114340228497,12.653279661214135,10.705726318728622,13.439746841333736,7.106126532796613,55200,11.815217391304348,13.172101449275363,34.93659420289855,31.219202898550723,20112,26.03918058870326,30.91189339697693,21.554295942720763,21.494630071599044
11355,2018,2018_11355,27606,39207,58478,17940,1392,8316,573700,61696,15.330005186721992,14.774053423236513,30.73132780082988,10.106003630705397,9.522497406639005,12.227697095435683,7.308415456431535,80853,12.44728086774764,13.444151732155888,37.2490816667285,28.650761258085662,27606,22.342968919800043,28.247482431355504,21.49532710280374,27.914221546040718
11356,2018,2018_11356,7453,60493,77889,3822,1656,3298,626300,16190,11.41445336627548,10.975911056207536,32.507720815318095,13.94070413835701,12.0568252007412,12.717726991970352,6.386658431130328,23362,16.762263504836916,13.153839568530092,36.803355877065314,24.004794110093314,7453,18.247685495773514,26.472561384677313,22.246075405876827,33.03367771367235
11357,2018,2018_11357,14515,83951,102577,2976,1763,11239,678900,29489,7.738478754789922,6.470209230560547,24.41249279392316,14.554579673776663,7.955508833802435,23.52063481298111,15.348095900166165,39902,15.304997243245952,9.335371660568391,33.13868978998546,32.8855696456318,14515,24.29900103341371,30.871512228728903,18.28453324147434,26.54495349638305
11358,2018,2018_11358,13042,66129,89248,5195,1601,7207,752600,28220,8.784549964564139,8.345145287030476,25.83982990786676,14.145995747696668,11.803685329553508,18.51878100637845,12.562012756909994,37190,13.880075289056197,12.804517343371874,35.26216724926055,30.758268351707446,13042,21.20073608342279,33.16209170372642,17.63533200429382,28.00184020855697
11359,2018,2018_11359,0,-666666666,-666666666,0,-666666666,0,-666666666,0,,,,,,,,0,0.0,0.0,0.0,0.0,0,,,,
11360,2018,2018_11360,8583,86174,106836,2299,2047,6139,522000,15371,3.9489948604515,3.2138442521631645,17.461453386246827,14.6574718625984,7.11729880944636,29.86793312081192,23.73300370828183,19621,11.910707914989043,8.857856378370112,31.415320320065234,35.895214311197186,8583,34.68484212979145,35.34894559012001,13.736455784690667,16.22975649539788
11361,2018,2018_11361,10026,85887,101199,3979,1783,5750,682500,20576,6.799183514774494,5.9875583203732505,21.14113530326594,15.396578538102643,9.034797822706066,24.57717729393468,17.063569206842924,27246,14.541584085737355,12.761506276150628,35.234529839242455,29.828231667033698,10026,26.52104528226611,31.56792339916218,16.99581089168163,24.915220426890087
11362,2018,2018_11362,7151,89185,105491,1231,1808,5704,521500,14534,5.724508050089446,4.3071418742259535,21.941654052566395,16.423558552359985,8.20145864868584,23.482867758359703,19.918811063712678,18721,12.96939266064847,9.534747075476737,31.23764756156188,35.31862614176593,7151,26.234093133827436,34.35883093273668,15.144735002097608,24.262340931338276
11363,2018,2018_11363,2661,104792,131100,585,2080,2008,809800,5281,1.836773338382882,2.1018746449536074,21.85192198447264,12.781670138231396,6.816890740390077,29.93751183487976,24.673357318689643,6952,15.204257767548908,10.7307249712313,32.09148446490219,33.918296892980436,2661,24.351747463359636,34.310409620443444,17.81285231116122,23.5249906050357
11364,2018,2018_11364,13554,76988,98555,3337,1753,9993,538900,27326,5.712508233916417,4.856180926590061,23.252579960477203,13.430432555075752,9.368367122886628,25.836199956085785,17.54373124496816,36806,16.119654404173232,9.544639460957452,34.97799271857849,31.560071727435744,13554,27.490039840637447,28.19093994392799,19.706359746200384,24.612660469234175
11365,2018,2018_11365,15571,66483,85608,8016,1557,7373,661800,32031,6.9838593862196,6.019168930098966,25.078829883550316,15.522462614342356,9.290999344385128,22.537541756423465,14.567138084980174,44983,15.730387035102149,13.905253095613899,33.32814618856012,27.43925482960229,15571,23.229079699441268,28.70721212510436,19.478517757369467,28.5851904180849
11366,2018,2018_11366,4633,78990,102383,1292,1746,3269,729200,10149,5.360134003350084,6.710020691693764,21.558774263474238,12.828850133018031,9.094492068184056,27.11597201694748,17.33175682333235,14650,16.197952218430032,15.064846416382252,31.03754266211604,29.255972696245735,4633,15.799697819987049,29.570472695877402,23.613209583423266,31.016619900712282
11367,2018,2018_11367,14580,57933,77653,7479,1366,6802,479700,27838,9.393634600186797,6.024139665205834,26.65421366477477,13.359436741145196,7.7591781018751345,21.47783605144048,15.331561175371794,41824,18.530030604437645,14.94596403978577,28.428653404743688,28.048488905891354,14580,25.40466392318244,29.01234567901235,20.754458161865568,24.828532235939644
11368,2018,2018_11368,28502,50797,63829,21996,1572,6175,532800,71881,27.23250928618133,9.9942961283232,32.08358258788832,12.099163895883477,6.171310916653914,9.379390937799975,3.039746247269793,112425,20.083611296419836,16.237491661107406,37.344007115855014,16.217923059817654,28502,15.191916356746896,19.749491263770963,18.444319696863378,46.61427268261876
11369,2018,2018_11369,10294,54121,70551,4484,1503,5609,567000,23737,15.520074145848254,8.640519020937775,40.333656317142015,11.206133883810084,7.136537894426423,11.458903821038884,5.704174916796562,34118,16.187935986869103,14.244680227445922,35.365496219004626,24.843191277331616,10294,26.530017485914126,21.73110549834855,17.06819506508646,34.67068195065087
11370,2018,2018_11370,7993,65098,91997,3705,1628,4082,671400,23520,11.177721088435376,16.135204081632654,33.40136054421769,11.267006802721088,5.84608843537415,14.13690476190476,8.035714285714286,32514,14.021652211355107,18.195238973980437,39.65368764224642,21.29544196346189,7993,23.070186413111475,23.52058050794445,18.653822094332543,34.75541098461154
11371,2018,2018_11371,0,-666666666,-666666666,0,-666666666,0,-666666666,0,,,,,,,,0,0.0,0.0,0.0,0.0,0,,,,
11372,2018,2018_11372,23814,56383,75127,15959,1441,7543,325000,47200,13.243644067796607,9.5,29.10805084745763,11.0,7.637711864406779,18.305084745762716,11.205508474576272,61844,13.703835456956213,11.132850397775048,42.442274109048576,25.35735075350883,23814,31.24632569077013,28.91156462585034,17.88023851515915,21.961871168220373
11373,2018,2018_11373,30285,51183,66968,20541,1485,8914,545500,67864,17.392137215607686,7.419250265236355,32.46492985971944,10.764175409642815,5.581751738771661,19.01597312271602,7.361782388306024,93967,15.62037736652229,15.171283535709346,37.11941426245384,24.616088626858367,30285,21.452864454350337,27.736503219415553,18.220241043420835,32.59039128281327
11374,2018,2018_11374,19416,63161,81747,11502,1591,7524,361400,33846,5.631389233587425,4.210246410210956,19.70395319978727,12.016190982686286,8.05412751876145,29.533770608048226,20.8503220469184,42653,10.440062832626076,12.833798326026304,34.185168686845,33.95775209246712,19416,40.26060980634528,30.789039967037496,14.410795220436754,14.539555006180468
11375,2018,2018_11375,32857,80542,109167,15620,1731,16697,395100,56889,3.5665945964949284,2.749213380442616,15.034540948162212,11.49431348766897,5.969519590782049,31.747789555098528,29.4380284413507,73488,12.640158937513608,9.426028739386023,36.87132593076421,30.867624646200742,32857,38.895821286179505,31.911008308731777,14.569193779103387,14.62397662598533
11377,2018,2018_11377,31400,57010,71990,21006,1490,9688,528700,65644,12.031564194747425,10.529522880994454,32.219243190542926,9.428127475473769,7.127841082200963,20.230333313021752,8.433367863018706,86421,13.686488237812569,13.620532046609043,40.880110158410574,25.45908980456139,31400,29.592356687898093,26.050955414012737,18.0,26.35668789808917
11378,2018,2018_11378,12604,73333,92128,5951,1600,6412,605300,25827,7.275332016881558,6.326712355287103,33.60823943934642,15.410229604677276,9.056413830487474,19.061447322569407,9.261625430750763,37279,17.983315003084847,12.476193030928941,36.87062421202286,23.262426567236247,12604,25.66645509362107,23.341796255157092,22.04855601396382,28.943192637258015
11379,2018,2018_11379,13504,82819,98870,4802,1518,8218,646300,28002,6.745946718091565,5.963859724305406,29.565745303906866,16.363116920219984,8.070852081994143,20.844939647168054,12.44553960431398,37851,16.197722649335553,10.678713904520356,36.749359330004495,28.873741776967584,13504,24.888921800947866,30.487263033175356,17.979857819905213,26.643957345971565
11385,2018,2018_11385,35126,72261,84423,23316,1477,11272,581900,73483,9.987344011540085,7.062858076017582,31.906699508729908,17.251609215736973,7.14995305036539,17.429881741355143,9.211654396254916,106717,17.77786107180674,15.755690283647404,37.639738748278155,20.837354873169225,35126,19.35887946250641,29.055400557991227,21.946706143597336,29.639013835905025
11411,2018,2018_11411,6270,93882,108615,820,1531,5390,432300,15210,3.780407626561473,4.345825115055884,26.78500986193294,23.07034845496384,10.39447731755424,19.401709401709404,12.22222222222222,20759,15.029625704513705,13.059395924659185,33.40719687846236,31.677826484898112,6270,18.883572567783094,27.09728867623604,17.145135566188195,36.87400318979267
11412,2018,2018_11412,11039,78517,94871,2660,1441,8206,427200,25970,5.748941085868309,6.137851366961879,32.27185213708125,23.01501732768579,9.014247208317288,14.52445128994994,9.287639584135542,37458,17.251321480057666,14.239948742591704,33.3893961236585,27.532169363019918,11039,19.05063864480478,24.766736117401937,19.014403478575957,37.16822175921732
11413,2018,2018_11413,12356,86324,100730,3320,1664,8768,446800,29425,4.795242141036534,6.351741716227697,29.1588785046729,23.19796091758709,10.093457943925234,16.832625318606627,9.570093457943925,42443,18.928916429093135,12.989185495841483,33.77706571166034,26.970289564828125,12356,17.4409193913888,25.9792813208158,19.350922628682422,37.22887665911298
11414,2018,2018_11414,10680,71648,100462,2981,1576,7453,504300,21607,5.775905956403018,8.076086453464155,31.24913222566761,16.98060813625214,9.99213217938631,17.716480770120793,10.209654278705974,29219,15.869810739587255,10.328895581642083,31.640370991478147,32.40699544816729,10680,24.372659176029963,31.816479400749063,20.140449438202246,23.670411985018728
11415,2018,2018_11415,8379,68294,88979,5197,1540,2999,348100,14177,3.59737603160048,4.556676306693941,18.87564364816252,16.57614445933554,9.494251252027931,27.60809762291035,19.29181067926924,19372,14.825521371051003,14.314474499277306,36.45983894280405,25.784637621309106,8379,40.54183076739468,30.791263873970642,11.815252416756177,16.851652941878505
11416,2018,2018_11416,7217,67461,81027,3954,1489,3124,524900,17904,12.248659517426272,10.62332439678284,33.37243074173369,15.231233243967829,7.138069705093835,15.962913315460234,5.423369079535299,27125,19.83778801843318,15.406451612903226,35.47649769585254,21.415668202764977,7217,12.470555632534294,18.110018013024803,22.253013717611196,47.166412636829705
11417,2018,2018_11417,9060,73424,88365,3494,1514,5451,481900,21598,10.82507639596259,11.454764330030558,28.535049541624225,17.561811278822113,6.847856282989167,17.186776553384572,7.588665617186777,31927,18.61120681554797,15.613743853165033,34.54756162495693,23.917060794938454,9060,15.165562913907285,21.931567328918323,17.980132450331126,44.92273730684327
11418,2018,2018_11418,10938,66570,84897,6022,1461,4761,522500,25587,12.654863798022436,9.977723062492672,28.38160003126588,14.816117559698284,7.238050572556376,17.72775237425255,9.203892601711807,38517,18.908533894124673,16.101980943479504,34.229041721837106,21.93057610925046,10938,17.846041323825197,22.581824830864875,19.903090144450537,39.66904370085939
11419,2018,2018_11419,12479,70882,87311,4935,1554,7351,481500,34031,17.66330698480797,10.704945490875966,32.27351532426317,13.852076048308897,5.603714260527166,14.786518174605506,5.115923716611325,49618,16.498045064291183,17.935023580152365,34.54190011689306,23.880446612116568,12479,9.383764724737558,19.42463338408526,20.3541950476801,50.83740684349708
11420,2018,2018_11420,13159,67932,91191,4027,1553,8799,478000,34051,12.99814983407242,13.679480778831753,30.868403277436784,16.598631464567852,6.87498164517929,14.390179436727262,4.590173563184634,48489,17.22864979686114,15.758213202994494,34.79758295695931,25.94402854255604,13159,13.428072041948477,21.407401778250627,21.95455581731135,43.20997036248955
11421,2018,2018_11421,11638,72066,87680,4996,1612,6460,477600,28083,14.275540362496884,9.137200441548268,28.668589538154755,15.41145888971976,8.286151764412635,17.48744792223053,6.733611081437169,41002,17.61377493780791,14.989512706697234,35.46656260670211,24.26223111067753,11638,16.48908747207424,22.555421893796186,19.78862347482385,41.16686715930572
11422,2018,2018_11422,9653,89235,99628,3177,1722,6399,438900,22555,3.981378851695855,7.856351141653735,27.754378186654844,23.73753048104633,9.24850365772556,16.42651296829971,10.995344712923965,32082,16.551337198429025,15.694158718284395,34.43987282588367,26.058225796396734,9653,18.75064746710867,24.583031182015954,20.93649642598156,35.72982492489382
11423,2018,2018_11423,9787,70266,90438,3847,1411,5672,475000,22788,9.579603299982448,6.661400737230121,29.032824293487803,17.140600315955766,8.627347726873793,19.95348428997718,9.004739336492891,31400,15.47452229299363,14.394904458598726,34.35031847133758,28.23248407643312,9787,22.335751507101257,24.767548789210178,19.995912945744355,32.90078675794421
11424,2018,2018_11424,0,-666666666,-666666666,0,-666666666,0,-666666666,0,,,,,,,,0,0.0,0.0,0.0,0.0,0,,,,
11425,2018,2018_11425,0,-666666666,-666666666,0,-666666666,0,-666666666,0,,,,,,,,0,0.0,0.0,0.0,0.0,0,,,,
11426,2018,2018_11426,6356,88803,107612,1367,1729,4832,542700,14569,4.228155673004324,6.6717001853250055,30.13933694831492,14.20825039467362,6.994302972063972,21.909533941931496,15.848719884686664,20801,15.537714532955146,14.826210278352002,32.58977933753185,27.431373491659055,6356,19.760855884203902,27.6431718061674,14.537444933920703,38.05852737570799
11427,2018,2018_11427,7500,74581,100414,2821,1399,4499,488000,17320,6.963048498845266,8.314087759815243,26.85334872979215,17.580831408775982,8.123556581986143,19.60161662817552,12.5635103926097,24037,14.373673919374298,11.378291800141447,34.06831135333028,29.18001414486001,7500,22.546666666666667,25.840000000000003,17.573333333333334,34.04
11428,2018,2018_11428,5558,73699,85921,1604,1487,3832,472200,13594,7.94468147712226,8.17272326026188,37.34735912902751,17.824040017654845,9.791084301897897,12.770339855818744,6.149771958216861,18929,17.063764594009193,13.508373395319353,35.63843837498019,27.83559617518094,5558,13.763943864699533,23.929471032745592,19.64735516372796,42.65922993882691
11429,2018,2018_11429,7340,83240,96463,1912,1401,5280,434500,19164,6.26695888123565,9.037779169275725,27.10290127322062,20.919432268837404,10.44667084116051,17.324149446879566,8.902108119390524,27403,16.9835419479619,16.80108017370361,33.03652884720651,26.690508338503083,7340,14.645776566757492,21.634877384196187,20.47683923705722,43.2425068119891
11430,2018,2018_11430,0,-666666666,-666666666,0,-666666666,0,-666666666,182,3.8461538461538463,26.923076923076923,41.75824175824176,17.582417582417584,3.296703296703297,2.7472527472527477,3.8461538461538463,198,0.0,23.232323232323232,53.535353535353536,21.21212121212121,0,,,,
11432,2018,2018_11432,18547,55906,79095,11549,1453,6791,583900,40975,11.968273337400854,7.658328248932275,23.25076266015863,13.239780353874314,7.751067724222087,23.182428309945088,12.949359365466748,62053,19.296407909367797,15.196686703302017,32.11448278084863,24.894847952556685,18547,24.99056451178088,23.901439585916858,16.504016822127568,34.60397908017469
11433,2018,2018_11433,10519,51521,69657,5759,1282,4676,411500,23940,11.390977443609025,12.080200501253133,34.65329991645781,18.078529657477027,7.639933166248956,11.286549707602338,4.870509607351712,36489,20.471923045301324,16.333689605086462,32.44265395050563,22.982268628901856,10519,23.005989162467916,20.020914535602245,18.043540260481034,38.92955604144881
11434,2018,2018_11434,21462,62207,76313,10639,1141,10525,402400,44512,4.520129403306973,8.970614665708124,32.35307332854062,23.97780373831776,8.393242271746946,14.614036664270309,7.171099928109275,65791,18.74420513444088,14.883494702922892,32.5470049094861,24.775425210135126,21462,30.374615599664523,23.166526884726494,18.660889013139503,27.797968502469484
11435,2018,2018_11435,18874,64086,79861,11645,1466,6868,393300,42178,13.006780786191854,10.083455830053582,24.145289013229647,17.174830480345204,7.918820238038787,19.140310114277582,8.53051353786334,59296,16.26753912574204,15.61319481921209,37.50843227199137,22.62715866162979,18874,24.017166472395886,26.6398219773233,18.199639716011447,31.143371834269367
11436,2018,2018_11436,5581,75242,93965,1445,1591,4065,396600,13735,7.419002548234438,11.838369129959956,32.981434291954855,19.73061521659993,7.717510010921005,13.38915180196578,6.9239170003640345,20077,18.374259102455547,16.456641928574985,36.05120286895453,21.72137271504707,5581,14.191005196201397,22.952875828704535,25.56889446335782,37.28722451173625
11451,2018,2018_11451,0,-666666666,-666666666,0,-666666666,0,-666666666,0,,,,,,,,0,0.0,0.0,0.0,0.0,0,,,,
11691,2018,2018_11691,20594,46147,65467,15417,1200,4964,462500,40221,10.066880485318617,14.808184779095498,24.551851023097388,17.58534099102459,7.170383630441809,15.586385221650382,10.23097386937172,67094,22.905177810236385,14.901481503562167,28.25587981041524,22.004948281515485,20594,28.644265319996116,22.530834223560262,17.213751578129553,31.611148878314072
11692,2018,2018_11692,6815,44024,63908,4333,1010,2338,381900,13243,9.416295401344106,14.928641546477383,25.95333383674394,18.213395756248584,8.072189081023936,15.359057615343955,8.057086762818093,20991,24.157972464389502,11.92415797246439,33.033204706779095,22.47153541994188,6815,23.771093176815846,30.72633895818048,17.93103448275862,27.57153338224505
11693,2018,2018_11693,4845,59431,77799,2338,1037,2456,310800,8924,6.07350963693411,10.522187359928283,30.714926042133573,18.657552666965486,7.664724338861498,15.69923800986105,10.667861945316002,12919,16.108057899218203,15.589441907268363,34.25961761746265,25.419924142735507,4845,30.319917440660475,33.64293085655315,16.07843137254902,19.95872033023736
11694,2018,2018_11694,8468,80976,111206,3685,1321,4505,651300,16069,3.9890472338042193,6.347625863463813,23.55467048353973,16.242454415333874,6.428526977409919,23.9156139149916,19.522061111456843,21354,14.357965720708064,8.583871874121945,32.28903249976585,34.635197152758266,8468,37.44685876239962,31.37694851204535,13.190836088804915,17.98535663675012
11697,2018,2018_11697,1365,103580,131013,35,-666666666,1322,570900,2501,0.4398240703718513,1.879248300679728,18.63254698120752,20.991603358656537,7.277089164334266,28.14874050379848,22.63094762095162,3540,17.344632768361585,10.451977401129945,24.887005649717516,36.75141242937853,1365,29.5970695970696,30.476190476190478,11.794871794871794,28.13186813186813
10001,2017,2017_10001,12347,85221,161227,8709,1912,3479,355600,17839,3.2064577610852627,2.9261729917596275,12.057850776388811,9.159706261561746,2.3992376254274346,39.03245697628791,31.21811760748921,23947,12.368981500814296,22.79617488620704,38.284545036956615,22.950682757756717,12347,53.081720255932616,31.643314165384307,9.176318133959667,6.098647444723414
10002,2017,2017_10002,33461,35449,65718,28616,936,4510,641400,60938,20.248449243493383,12.985329351143784,20.097476123272838,9.544126817420985,3.9942236371393873,21.72043716564377,11.409957661885851,77925,11.707410972088546,16.73532242540905,35.083734359961504,29.25890279114533,33461,42.49424703386032,29.79588177281014,13.822061504438002,13.887809688891545
10003,2017,2017_10003,26699,104441,182531,17709,2201,8720,986100,39339,1.8175347619410764,1.6828084089580315,5.27212181295915,7.864968606217748,2.986857825567503,43.885202979231806,36.49050560512468,55035,16.013445988916143,24.38266557645135,34.43263377850459,20.087217225402014,26699,56.432825199445666,31.334506910371175,7.644481066706618,4.588186823476534
10004,2017,2017_10004,1587,140450,191760,1084,3049,474,1597500,2409,1.36986301369863,0.04151100041511,2.03403902034039,4.60772104607721,1.45288501452885,50.93399750933998,39.55998339559984,2990,11.003344481605351,18.862876254180605,48.96321070234114,17.82608695652174,1587,50.913673597983625,29.426591052299937,10.90107120352867,8.758664146187774
10005,2017,2017_10005,4239,154213,201734,3399,3141,778,1494400,6403,0.6403248477276277,0.0624707168514758,5.310010932375449,1.7023270342027177,3.810713727940028,44.80712166172107,43.66703107918163,8680,7.3502304147465445,36.71658986175115,45.96774193548387,5.345622119815667,4239,40.76433121019109,36.91908468978532,16.324604859636707,5.9919792403868835
10006,2017,2017_10006,1815,145893,196771,1559,3011,238,1000000,2657,0.6398193451260821,0.0,1.204365826119684,2.5969138125705684,2.3710952201731272,51.29845690628528,41.889348889725255,3579,4.302877898854429,31.908354288907514,45.62727018720312,7.041072925398156,1815,48.539944903581265,30.964187327823687,10.303030303030303,10.192837465564738
10007,2017,2017_10007,2761,242644,376573,1674,3254,1087,2000001,5336,2.811094452773613,4.066716641679161,9.182908545727136,6.5967016491754125,0.5622188905547226,37.1064467766117,39.67391304347826,7036,14.184195565662307,11.014781125639567,52.94201250710632,15.122228538942581,2761,37.269105396595435,36.14632379572619,8.438971387178558,18.14559942049982
10009,2017,2017_10009,29725,60521,90253,27463,1549,2111,609700,46930,6.999786916684424,5.45280204559983,14.22544214787982,10.0767099936075,4.491796292350309,36.98060941828255,21.77285318559557,60141,9.715501903859264,25.149232636637237,36.063583911142146,24.384363412646945,29725,49.32884777123633,30.613961312026916,12.070647603027753,7.986543313708999
10010,2017,2017_10010,15972,115084,177950,11216,2513,4602,753000,25360,1.7665615141955835,2.421135646687697,7.574921135646688,6.857255520504732,3.3438485804416405,38.761829652996845,39.27444794952682,33119,9.345088921766962,25.658987288263535,37.4196080799541,21.054379661221656,15972,51.20210368144252,32.11244678186827,8.865514650638618,7.819934886050589
10011,2017,2017_10011,28753,123208,197050,17706,2125,10506,978700,42433,2.3684396578134943,2.4179294417081043,7.003982749275329,7.107675629816416,2.7714278980981786,39.95239554120614,38.37814908208234,50711,7.248920352586223,17.331545424069727,42.62783222574984,27.218946579637556,28753,56.992313845511774,29.454317810315445,8.437380447257677,5.1159878969151045
10012,2017,2017_10012,12349,104561,160244,10070,2203,2201,1355800,19317,3.892944038929441,1.8739969974633743,7.671998757571051,4.301910234508464,2.6919293886214217,42.85344515193871,36.71377543096754,24527,6.119786357891304,28.14857096261263,39.8948098014433,20.68740571614955,12349,49.30763624584987,34.383350878613655,10.373309579723054,5.935703295813426
10013,2017,2017_10013,12207,106056,252811,8646,1615,3340,2000001,22432,12.32614122681883,6.967724679029957,8.973787446504993,7.2129101283880175,2.7282453637660486,36.26961483594864,25.52157631954351,29619,11.573652047672102,15.86144029170465,39.22144569364259,23.690874101083764,12207,37.19177521094454,33.275989186532314,12.697632505939216,16.834603096583926
10014,2017,2017_10014,18481,127973,204690,12261,2381,5941,1072700,27412,0.0984970086093681,0.8135123303662629,5.417335473515249,6.47526630672698,2.119509703779366,48.36932730191157,36.7065518750912,31794,5.957098823677424,20.242813109391708,43.961124740517086,23.699440145939484,18481,57.101888425950975,29.52221200151507,8.69541691466912,4.680482657864834
10016,2017,2017_10016,28681,109250,151829,20259,2506,8023,747600,40947,2.083180696998559,2.1686570444721225,6.965101228417223,8.012797030307471,2.88177400053728,44.60888465577454,33.279605343492804,51448,6.307339449541285,29.57354999222516,35.58544549836728,22.370160161716687,28681,58.10815522471322,28.454377462431573,8.155224713224783,5.282242599630417
10017,2017,2017_10017,10076,118469,169169,5603,2242,4419,625000,14041,0.6409799871804002,1.6451819670963608,4.579445908411082,8.866889822662204,1.7662559646748808,45.26743109465138,37.23381525532369,16388,4.448376861117891,21.326580424701,38.64412985111057,29.777886258237736,10076,61.304088924176256,27.778880508138148,7.383882493052798,3.533148074632791
10018,2017,2017_10018,4993,107861,152396,4499,3008,407,976400,7932,3.756933938477055,3.8703983862834095,7.627332324760464,9.909228441754916,2.773575390821987,38.71659102370146,33.345940494200704,9719,3.6526391604074493,34.28336248585245,45.261858215865836,11.575264944953187,4993,45.0230322451432,40.43661125575806,9.03264570398558,5.507710795113159
10019,2017,2017_10019,24512,99063,155567,19287,2251,4673,967800,36002,2.5804121993222595,2.2054330314982504,9.582800955502472,9.266151880451083,4.194211432698183,37.00349980556636,35.16749069496139,41592,4.380650125024043,19.914887478361223,44.71773417964993,26.76476245431814,24512,58.036879895561356,30.93994778067885,7.090404699738903,3.932767624020888
10020,2017,2017_10020,0,-666666666,-666666666,0,-666666666,0,-666666666,0,,,,,,,,0,0.0,0.0,0.0,0.0,0,,,,
10021,2017,2017_10021,24912,123842,225235,13558,2108,11003,1222500,36738,0.5988349937394524,0.5743371985410202,5.022048015678589,8.059774620284173,2.9152376286134247,40.4703576678099,42.35940987533344,44983,9.390214080874998,11.184225151723986,38.47453482426695,31.116199453126733,24912,53.247430956968536,30.073859987154783,7.47029543994862,9.208413615928066
10022,2017,2017_10022,17873,133208,246355,8533,2463,9114,911600,26753,1.196127537098643,1.2185549284192427,4.492954061226778,8.866295368743693,2.0521063058348594,41.744851044742646,40.42911075393414,30807,5.768169571850553,15.694485019638394,33.622228714253254,37.17012367319116,17873,53.44374195714205,35.52285570413473,7.211995747775974,3.8214065909472392
10023,2017,2017_10023,33133,123951,209783,18760,2305,13964,1034000,49741,1.1961962968175148,1.8334975171387788,6.7127721597877,6.847469894051185,2.169236645825376,31.90526929494783,49.335558191431616,61514,9.594563839126053,11.238092141626296,40.306271743017845,29.739571479663166,33133,52.50958259137416,30.443968249177555,8.577551082002836,8.468898077445447
10024,2017,2017_10024,28418,126107,229685,16749,2027,11099,1438900,47189,2.4433660386954585,2.403102417936384,6.257814321134163,6.482442942211108,2.5768717285808136,34.07785712772045,45.75854542372163,58512,10.878110473065355,11.39766201804758,39.58846048673776,29.197429587093247,28418,45.07706383278204,31.726370610176645,10.334998944331057,12.861566612710254
10025,2017,2017_10025,42546,82352,147611,30076,1442,11870,1026300,72403,5.443144621079237,4.248442744085191,9.837990138530172,9.372539811886249,3.593773738657238,29.60788917586288,37.89621976989904,94382,12.108240978152613,17.769278040304293,33.08893644974677,29.472780826852574,42546,43.14624171484981,32.24509942180229,12.826117613876745,11.78254124947116
10026,2017,2017_10026,15401,54349,95709,12374,1089,2845,765400,28689,5.542193872215831,11.126215622712538,21.16839206664575,13.266408728083936,5.1622573111645575,22.61145386733591,21.12307853184147,40105,13.4447076424386,19.109836678718366,40.58346839546192,18.491459917716,15401,37.28978637750796,30.147393026426855,15.310694110772028,17.25212648529316
10027,2017,2017_10027,23607,45536,77728,19741,1100,3353,692100,41531,7.738797524740555,8.966795887409406,19.75632659940767,11.62023548674484,4.567672341142761,22.38568779947509,24.96448436107968,65365,18.248298018817408,25.441750172110456,31.8656773502639,18.332440908743216,23607,36.70521455500487,31.89308256025755,15.042148515270895,16.359554369466682
10028,2017,2017_10028,26435,119203,214695,17036,2284,8957,1175100,41611,1.4683617312729806,1.1054769171613277,4.150344860733941,6.03686525197664,4.116699911081204,40.88101703876379,42.24123428901012,50091,9.712323571100598,18.689984228703757,37.87706374398595,26.823181809107428,26435,46.563268394174386,34.88935123888784,9.328541706071496,9.218838660866275
10029,2017,2017_10029,31496,34015,65837,29161,895,1964,809300,55179,10.610920821326951,13.68999075735334,23.543377009369507,13.298537487087478,5.717754943003679,19.909748273799817,13.229670708059224,80866,18.42183365073084,19.36289664383053,33.16597828506418,22.320876511760197,31496,39.624079248158495,27.486029972059946,16.0496570993142,16.84023368046736
10030,2017,2017_10030,12258,36118,65589,10634,944,1374,593500,21152,8.675302571860817,13.852118003025716,24.08282904689864,16.95820726172466,5.465204236006051,18.87764750378215,12.088691376701966,30163,14.18293936279548,19.567019195703345,39.7904717700494,17.269502370453868,12258,45.21944852341328,25.411975852504487,13.20770109316365,16.160874530918584
10031,2017,2017_10031,22274,44040,64971,18794,1240,2662,379400,44784,14.703912111468382,13.198910325116112,20.960610932475884,12.718828152911756,4.628885316184352,19.05814576634512,14.730707395498394,62382,12.918790676797794,21.99672982591132,38.437369754095734,20.268667243756216,22274,33.4874741851486,28.037173386010593,18.60016162341744,19.87519080542336
10032,2017,2017_10032,20724,41890,60656,18718,1159,1574,444000,46610,17.556318386612315,12.767646427805191,19.652435099764,14.061360223128084,5.243509976399914,19.826217549882,10.892512336408496,63185,12.23708158581942,23.855345414259716,34.286618659491964,22.709503837936214,20724,31.919513607411698,29.564755838641187,16.35784597568037,22.157884578266742
10033,2017,2017_10033,19586,53044,70967,17170,1341,2040,504200,43720,19.25205855443733,11.134492223238793,15.978956999085089,13.112991765782253,5.1212259835315646,21.05672461116194,14.34354986276304,60810,14.139121854958066,19.449103765827992,35.16855780299293,23.607959217234008,19586,27.98938016950883,28.755233329929542,18.783825181251913,24.47156131930971
10034,2017,2017_10034,16135,50909,65924,14281,1270,1423,334100,31358,16.726194272593915,10.195165508004338,20.66139422157025,15.399579054786658,5.408508195675744,18.13891192040309,13.470246826966006,44186,16.125016973702078,14.796541891096727,38.46014574752184,22.81265559226905,16135,35.61202355128603,26.674930275797955,15.134800123954136,22.578246048961883
10035,2017,2017_10035,14172,27932,49300,12760,816,1226,495000,25171,13.527472090898256,18.143895753049144,22.7762107186842,15.200031782606969,5.744706209526837,14.433276389495846,10.174407055738747,35366,15.155799355313013,17.703443985749026,37.76791268449924,21.4867386755641,14172,47.15636466271521,24.244990121366076,15.431837425910244,13.166807790008466
10036,2017,2017_10036,15624,93707,126679,13931,2136,1566,880200,22308,2.6492738031199567,4.437869822485207,7.042316657701273,8.99228976152053,2.891339429800968,42.31665770127309,31.670252824098977,26868,3.7926157510793512,25.15631978561858,45.24341223760607,21.899657585231505,15624,58.986175115207374,30.600358422939067,7.014848950332821,3.398617511520737
10037,2017,2017_10037,9735,39979,57342,8990,1098,652,459000,14611,4.647183628772843,9.616042707549106,24.926425296009853,17.05564300869208,5.263157894736842,21.79180069810417,16.699746766135103,21184,16.908987915407856,15.492824773413897,34.97450906344411,20.94033232628399,9735,51.771956856702616,22.424242424242426,13.62095531587057,12.182845403184386
10038,2017,2017_10038,10133,85032,132658,7287,2055,2689,735800,17026,12.281216962292964,4.998237988958064,13.4147773992717,8.892282391636321,2.173146951720897,34.04792670034065,24.192411605779395,22457,13.064968606670526,20.474684953466625,35.30302355612949,24.34430244467204,10133,42.198756538044016,36.79068390407579,12.21750715484062,8.793052403039574
10039,2017,2017_10039,11153,34197,53689,9421,902,1434,382100,17583,7.700619916965251,12.096911789796962,25.166353864528237,17.005061707330945,9.520559631462207,18.108400159244724,10.402092930671673,27203,18.817777451016433,18.159761790978934,33.05517773774952,19.990442230636326,11153,38.05254191697301,29.929167040258225,16.40814130727159,15.610149735497176
10040,2017,2017_10040,16222,47189,62568,14373,1291,1610,379400,33173,16.646067585084257,11.988665480963434,15.684442166822416,14.954933228830674,5.513520031350797,20.77593223404576,14.436439272902662,46003,14.459926526530879,18.44662304632307,36.61935091189705,21.752929156794124,16222,32.48674639378621,30.66822833189496,16.48378744914314,20.36123782517569
10044,2017,2017_10044,4820,92623,127178,3817,2310,942,652600,9621,5.082631743062051,5.290510341960295,14.520320133042302,8.294356096039913,3.492360461490489,23.926826733187816,39.39299449121713,11945,7.727082461280871,16.651318543323566,39.64838844704898,28.02846379238175,4820,38.07053941908713,38.48547717842324,11.390041493775934,12.053941908713693
10065,2017,2017_10065,15878,124322,229752,10001,2385,5674,1326700,23872,0.5864611260053619,0.6995643431635389,6.769436997319035,8.252345844504022,1.7091152815013406,40.34014745308311,41.64292895442359,29565,8.324031794351429,14.229663453407746,40.63250465076949,26.869609335362757,15878,50.05668220178864,31.389343746063737,10.202796321954906,8.35117773019272
10069,2017,2017_10069,2574,137105,225828,1867,3050,695,1885100,3852,0.9086188992731048,0.0,5.789200415368639,6.230529595015576,1.9989615784008308,35.851505711318794,49.22118380062305,5195,13.917228103946103,12.223291626564006,50.56785370548605,15.3609239653513,2574,46.23154623154623,26.184926184926184,12.85936285936286,14.724164724164723
10075,2017,2017_10075,11373,129594,221630,6207,2085,4854,920600,17822,0.5274379979800247,2.036808439007968,5.207047469419819,8.293120861856133,5.437100213219616,38.74985972393671,39.74862529457973,22818,12.222806556227539,11.609255850644228,35.542115873433254,30.861600490840566,11373,47.24347137958323,29.15677481755034,10.454585421612592,13.145168381253846
10103,2017,2017_10103,0,-666666666,-666666666,0,-666666666,0,-666666666,0,,,,,,,,0,0.0,0.0,0.0,0.0,0,,,,
10110,2017,2017_10110,0,-666666666,-666666666,0,-666666666,0,-666666666,0,,,,,,,,0,0.0,0.0,0.0,0.0,0,,,,
10111,2017,2017_10111,0,-666666666,-666666666,0,-666666666,0,-666666666,0,,,,,,,,0,0.0,0.0,0.0,0.0,0,,,,
10112,2017,2017_10112,0,-666666666,-666666666,0,-666666666,0,-666666666,0,,,,,,,,0,0.0,0.0,0.0,0.0,0,,,,
10115,2017,2017_10115,0,-666666666,-666666666,0,-666666666,0,-666666666,0,,,,,,,,0,0.0,0.0,0.0,0.0,0,,,,
10119,2017,2017_10119,0,-666666666,-666666666,0,-666666666,0,-666666666,0,,,,,,,,0,0.0,0.0,0.0,0.0,0,,,,
10128,2017,2017_10128,31644,111937,189877,20929,2143,10417,990200,49870,1.122919590936435,1.7264888710647686,6.689392420292761,5.658712652897534,2.5907359133747745,38.90515339883698,43.30659715259675,62743,10.181215434391088,16.959660838659296,38.65769886680586,25.971024656136944,31644,44.21691315889268,35.2452281633169,10.912021236253318,9.6258374415371
10152,2017,2017_10152,0,-666666666,-666666666,0,-666666666,0,-666666666,0,,,,,,,,0,0.0,0.0,0.0,0.0,0,,,,
10153,2017,2017_10153,0,-666666666,-666666666,0,-666666666,0,-666666666,0,,,,,,,,0,0.0,0.0,0.0,0.0,0,,,,
10154,2017,2017_10154,0,-666666666,-666666666,0,-666666666,0,-666666666,0,,,,,,,,0,0.0,0.0,0.0,0.0,0,,,,
10162,2017,2017_10162,655,182530,232459,655,3067,0,-666666666,955,0.0,0.0,0.0,5.026178010471204,5.235602094240837,40.10471204188482,49.63350785340314,1324,8.685800604229607,0.0,38.82175226586103,33.30815709969789,655,45.343511450381676,25.64885496183206,14.961832061068703,14.045801526717558
10165,2017,2017_10165,0,-666666666,-666666666,0,-666666666,0,-666666666,0,,,,,,,,0,0.0,0.0,0.0,0.0,0,,,,
10167,2017,2017_10167,0,-666666666,-666666666,0,-666666666,0,-666666666,0,,,,,,,,0,0.0,0.0,0.0,0.0,0,,,,
10168,2017,2017_10168,0,-666666666,-666666666,0,-666666666,0,-666666666,0,,,,,,,,0,0.0,0.0,0.0,0.0,0,,,,
10169,2017,2017_10169,0,-666666666,-666666666,0,-666666666,0,-666666666,0,,,,,,,,0,0.0,0.0,0.0,0.0,0,,,,
10170,2017,2017_10170,0,-666666666,-666666666,0,-666666666,0,-666666666,0,,,,,,,,0,0.0,0.0,0.0,0.0,0,,,,
10171,2017,2017_10171,0,-666666666,-666666666,0,-666666666,0,-666666666,0,,,,,,,,0,0.0,0.0,0.0,0.0,0,,,,
10172,2017,2017_10172,0,-666666666,-666666666,0,-666666666,0,-666666666,0,,,,,,,,0,0.0,0.0,0.0,0.0,0,,,,
10173,2017,2017_10173,0,-666666666,-666666666,0,-666666666,0,-666666666,0,,,,,,,,0,0.0,0.0,0.0,0.0,0,,,,
10174,2017,2017_10174,0,-666666666,-666666666,0,-666666666,0,-666666666,0,,,,,,,,0,0.0,0.0,0.0,0.0,0,,,,
10177,2017,2017_10177,0,-666666666,-666666666,0,-666666666,0,-666666666,0,,,,,,,,0,0.0,0.0,0.0,0.0,0,,,,
10199,2017,2017_10199,0,-666666666,-666666666,0,-666666666,0,-666666666,0,,,,,,,,0,0.0,0.0,0.0,0.0,0,,,,
10271,2017,2017_10271,0,-666666666,-666666666,0,-666666666,0,-666666666,0,,,,,,,,0,0.0,0.0,0.0,0.0,0,,,,
10278,2017,2017_10278,0,-666666666,-666666666,0,-666666666,0,-666666666,0,,,,,,,,0,0.0,0.0,0.0,0.0,0,,,,
10279,2017,2017_10279,0,-666666666,-666666666,0,-666666666,0,-666666666,0,,,,,,,,0,0.0,0.0,0.0,0.0,0,,,,
10280,2017,2017_10280,4747,161419,220261,3320,3190,1378,840500,7517,0.0,0.9445257416522548,1.8092324065451644,5.188239989357457,3.0331249168551286,43.900492217640014,45.12438472794998,9820,11.771894093686354,9.643584521384927,51.354378818737274,18.25865580448065,4747,40.699389087844956,32.96819043606488,14.219507057088688,12.112913419001474
10282,2017,2017_10282,2412,250001,295980,2191,2962,221,2000001,3938,1.3712544438801422,0.3301168105637379,7.389537836465212,4.977145759268664,1.70137125444388,45.14982224479432,39.08075165058405,5644,12.93408929836995,6.998582565556344,54.340892983699504,6.66194188518781,2412,33.7893864013267,27.52902155887231,15.132669983416253,23.548922056384743
10301,2017,2017_10301,14520,55818,80710,7851,1232,6509,435200,25987,6.210797706545581,7.5037518759379696,27.213606803401703,15.900257821218302,6.891907492207642,19.017200908146386,17.262477392542426,39451,19.462117563559858,13.525639400775646,33.19814453372538,25.24904311677777,14520,33.19559228650138,27.637741046831955,15.254820936639119,23.911845730027547
10302,2017,2017_10302,6266,60968,75367,2668,1251,3512,364500,12362,5.880925416599256,10.483740495065524,33.61106617052257,20.781426953567383,6.196408348163727,15.903575473224397,7.142857142857142,18539,20.934246723124225,17.660067964830898,33.91229300393764,21.10685581746588,6266,26.125119693584427,21.81615065432493,14.570699010533037,37.488030641557614
10303,2017,2017_10303,8269,59898,70898,3295,1027,4916,321700,15792,6.439969604863221,12.189716312056738,28.97669706180345,19.984802431610944,7.700101317122594,16.356382978723406,8.352330293819655,25804,24.228801736164936,15.861881878778483,32.630599906991165,19.32646101379631,8269,18.11585439593663,25.637924779296167,21.04244769621478,35.20377312855242
10304,2017,2017_10304,14521,54567,89869,6485,1077,7864,451000,28335,7.450149991176989,8.992412211046409,31.8828304217399,13.982706899594142,6.366684312687489,18.013058055408504,13.312158108346567,41884,19.317639193964283,15.64081749594117,31.18613312959603,26.618756565753035,14521,24.357826595964465,26.051924798567594,20.501342882721577,29.088905722746368
10305,2017,2017_10305,14694,76044,88147,4719,1258,9729,421600,29972,7.52035232884025,6.869745095422394,28.71012945415721,16.078339783798214,8.741492059255306,19.84852529027092,12.231415988255703,42311,16.898678830564155,13.360591808276808,35.26269764363877,26.260310557538226,14694,25.64311964066966,24.561045324622295,15.890839798557236,33.90499523615081
10306,2017,2017_10306,19861,80025,96994,5623,1306,13967,466700,38905,3.8838195604678063,6.19457653257936,34.34005911836525,17.91543503405732,7.081352011309601,18.28042668037527,12.304331062845392,54021,17.22293182280965,12.319283241702301,33.08157938579441,29.83099165139483,19861,24.535521877045465,28.42253662957555,18.694929761844822,28.34701173153416
10307,2017,2017_10307,5156,81356,113591,1117,1173,3897,646200,9978,2.485468029665264,5.75265584285428,28.66305872920425,15.694527961515334,10.944076969332531,22.459410703547807,14.000801763880538,15528,23.673364245234414,13.066718186501802,38.05383822771768,18.21226172076249,5156,22.323506594259115,20.461598138091546,13.576415826221877,43.638479441427464
10308,2017,2017_10308,10653,91953,104614,1674,1410,8827,469100,21756,2.780842066556352,4.922779922779923,33.912483912483914,16.446037874609303,8.921676778819636,19.75546975546976,13.260709689281116,30024,16.003863575806022,13.079536370903277,34.73887556621369,28.80695443645084,10653,19.036891016615037,29.850746268656714,18.999342908101006,32.11301980662724
10309,2017,2017_10309,11455,100343,118300,1382,1341,9807,571400,23482,2.993782471680436,4.492802998041053,30.938591261391707,20.292138659398688,8.129631206881866,20.30065582148028,12.852397581125969,33660,18.19964349376114,12.843137254901961,35.97147950089126,26.03683897801545,11455,16.185072020951548,29.81230903535574,18.489742470536882,35.51287647315583
10310,2017,2017_10310,8218,69838,87497,3094,1130,5070,426000,15428,6.306715063520871,7.894736842105263,27.819548872180448,16.139486647653616,9.054964998703657,18.148820326678766,14.635727249157377,23708,21.418930318879703,13.101062932343513,33.95478319554581,23.59119284629661,8218,22.60890727670966,26.320272572402043,20.09004623996106,30.980773910927233
10311,2017,2017_10311,0,-666666666,-666666666,0,-666666666,0,-666666666,0,,,,,,,,0,0.0,0.0,0.0,0.0,0,,,,
10312,2017,2017_10312,21230,90797,108766,2801,1244,18223,491100,43101,2.5846268068026266,4.484814737477088,32.523607340896966,18.74202454699427,7.661075149068466,20.85566460174938,13.148186817011206,61058,18.176160372105212,11.5824298208261,33.140620393724,30.102525467588194,21230,16.985398021667454,30.362694300518132,19.557230334432408,33.094677343382
10314,2017,2017_10314,31307,80956,98727,7739,1343,23107,461300,63408,4.143010345697704,5.515076961897552,32.166288165531164,17.601879888973002,8.09203885944991,18.71845823870805,13.763247539742618,89960,17.33437083148066,13.408181413961762,32.95575811471765,28.08136949755447,31307,21.579838374804357,29.01268087009295,19.30558661002332,30.101894145079378
10451,2017,2017_10451,18783,26979,46052,16034,992,2505,156900,30033,16.588419405320813,13.638331169047383,26.33436553124896,17.17444144774082,7.3918689441614225,12.78926514167749,6.083308360803116,48240,22.288557213930346,15.679933665008292,32.37976782752902,20.362769485903815,18783,38.72650801256455,22.839801948570514,17.207048927221425,21.226641111643506
10452,2017,2017_10452,25949,27206,38756,24291,1108,783,221800,46632,19.246440212729457,16.139131926574027,26.44750386001029,17.162034654314635,7.145307943043404,10.602161605764282,3.2574197975639048,77983,24.0744777707962,16.903684136286113,34.334406216739545,16.39331649205596,25949,28.05117730933755,23.160815445681916,18.794558557169832,29.9934486878107
10453,2017,2017_10453,27338,24421,36529,25621,1089,1081,440400,49027,16.680604564831622,16.878454729026863,28.4741061047994,16.760152568992595,7.975197340241092,9.80480143594346,3.4266832561649703,82232,23.045772935110417,18.65089016441288,32.56518143788306,17.003113143301878,27338,29.036505962396664,22.152315458336382,20.9232570049016,27.887921574365354
10454,2017,2017_10454,13085,21542,34310,12240,731,727,398100,21791,22.01826442109128,20.292781423523472,28.245605984121884,14.964893763480337,5.387545316873939,6.764260474507824,2.3266486164012665,38654,25.811041548093343,17.03057898277022,32.48564184819165,15.51197806177886,13085,31.623996943064576,23.416125334352312,16.64501337409247,28.314864348490637
10455,2017,2017_10455,14202,25489,37891,12937,910,1026,290700,26027,20.63242017904484,20.38267952510854,27.3254697045376,15.453183232796713,5.344449994236754,8.383601644446152,2.478195719829408,42558,21.71859579867475,17.28934630386766,33.59415386061375,17.53136895530805,14202,30.23517814392339,22.27855231657513,21.201239262075763,26.285030277425715
10456,2017,2017_10456,30096,26724,41156,27516,1002,1842,363100,55758,18.481652856989133,17.079163528103592,27.14050001793464,18.70942286308691,5.925607087772159,9.60758994225044,3.056063703863123,94667,24.187943000200704,16.706983426114697,31.971014186569764,17.942894567272653,30096,27.006911217437533,23.780568846358317,19.21185539606592,30.00066454013822
10457,2017,2017_10457,24245,27036,39774,22187,1107,1492,406300,43994,17.347820157294176,18.286584534254672,27.062781288357503,18.47070055007501,6.012183479565395,8.364777015047506,4.4551529754057375,75668,24.544060897605327,17.1380239995771,31.533805571707983,16.646402706560238,24245,30.58362548979171,20.647556197154053,19.958754382346875,28.810063930707365
10458,2017,2017_10458,27228,32129,44615,25429,1175,1115,369900,48534,16.52861911237483,16.06296616804714,28.790126509251245,17.13644043351053,6.993035809947666,10.01771953681955,4.471092430049038,85157,23.484857381072608,19.865659898775206,31.60632713693531,15.359864720457507,27228,27.971206111355958,24.419714999265462,16.92008226825327,30.688996621125312
10459,2017,2017_10459,16066,25762,39033,13950,1004,1645,381300,29419,20.870865767021314,16.288792956932593,28.62775757163737,16.054250654339032,6.5229953431455865,8.909208334749652,2.7261293721744453,48895,24.05562940996012,16.921975662133143,32.528888434400244,17.893445137539626,16066,27.785385285696503,20.863936262915473,20.117017303622557,31.233661147765467
10460,2017,2017_10460,20359,25948,39791,17699,1020,2162,414100,37816,17.98709540935054,19.66099005711868,25.407235032790357,18.806854241590862,5.479162259361117,9.704886820393485,2.953776179394965,60772,21.555979727506088,17.995129335878367,32.34877904298032,18.91825182649905,20359,27.324524780195492,23.24770371825728,21.97553907362837,27.452232427918855
10461,2017,2017_10461,19013,55847,71591,12273,1326,6303,443000,36878,9.786322468680511,10.141547806280167,28.62140029285753,17.362655241607463,7.058408807419057,16.10445251911709,10.92521286403818,51021,15.046745457752689,15.08986495756649,36.60257541012524,24.244918758942397,19013,31.751959185820226,28.548887603218848,16.451901330668488,23.24725188029243
10462,2017,2017_10462,29679,49962,61943,22399,1279,6808,259000,54174,11.38553549673275,10.204156975670989,28.56905526636394,17.565621885037103,7.743567024772031,14.98689408203197,9.545169269391222,79188,17.857503662171037,15.931706824266303,35.93978885689751,22.53245441228469,29679,33.63994743758213,26.503588395835436,16.95811853499107,22.89834563159136
10463,2017,2017_10463,28537,58881,82103,19013,1279,9140,273900,51752,9.321378883907869,9.04119647549853,19.881357242232184,17.093059205441335,5.172746946977894,20.420466841861185,19.069794404081,72863,15.859901458902325,14.480600579169126,33.27752082675706,26.338470828815723,28537,34.92658653677682,29.954094684094336,16.617023513333567,18.502295265795283
10464,2017,2017_10464,1936,87853,100244,743,1249,1193,495000,3305,2.390317700453858,5.627836611195159,27.14069591527988,15.098335854765509,12.708018154311649,17.57942511346445,19.455370650529503,4517,14.1244188620766,11.512065530219171,35.08966127961037,30.042063316360412,1936,35.64049586776859,35.89876033057851,10.072314049586776,18.388429752066116
10465,2017,2017_10465,15685,74079,89748,6578,1306,8881,448700,30995,8.849814486207453,7.981932569769317,30.172608485239557,17.767381835779965,9.559606388127118,14.72172931117922,10.94692692369737,44269,16.661772346337166,13.329869660484764,32.47645078949152,28.43750705911586,15685,29.397513547975773,29.665285304430984,16.38508128785464,24.552119859738603
10466,2017,2017_10466,23312,49906,66344,13792,1211,9208,409000,48338,8.560552774214903,12.226405726343662,30.23708055773925,18.298233274028718,8.03508626753279,15.799164218627167,6.843477181513509,73569,19.39947532248637,16.33704413543748,33.04380921311966,23.325041797496226,23312,24.88846945778998,23.768874399450926,19.843857240905972,31.498798901853124
10467,2017,2017_10467,36335,35381,48581,30538,1201,4851,336200,66807,13.827892286736422,12.530124088793093,30.28724534854132,17.387399524001975,7.150448306315206,12.90583322106965,5.911057224542338,102718,19.42502774586733,16.40608267294924,33.50337818103935,20.917463346248955,36335,31.451768267510666,25.09150956378148,18.612907664786018,24.843814503921838
10468,2017,2017_10468,25557,35398,47257,22669,1210,2058,194600,48655,18.00226081594903,14.247251053334702,28.989826328229366,16.621107799815025,5.878121467475079,11.632925701366766,4.628506833830028,77657,19.293817685462997,18.049886037317947,33.888767271462974,18.264934262204306,25557,27.565833235512777,24.153852173572798,20.1197323629534,28.16058222796103
10469,2017,2017_10469,22038,61090,74763,10669,1314,11190,428200,49827,10.448150601079735,9.701567423284564,27.906556686134028,17.815642121741224,9.161699480201497,15.186545447247475,9.779838240311475,73008,18.81026736795968,14.892888450580756,32.881328073635764,25.606782818321282,22038,22.297849169616118,26.51783283419548,17.823758961793263,33.36055903439514
10470,2017,2017_10470,5925,56658,71731,3561,1347,2254,416200,10872,10.614422369389256,9.197939661515822,29.506990434142757,15.121412803532008,6.1350257542310525,18.524650478292862,10.899558498896248,14592,14.919133771929825,15.104166666666668,35.14254385964912,27.06962719298246,5925,36.62447257383966,30.599156118143462,16.151898734177212,16.624472573839665
10471,2017,2017_10471,8726,80932,107457,4313,1551,4371,337300,15702,3.661953891224048,3.8275378932620048,16.800407591389632,15.997962043051842,4.821041905489746,23.551139982167875,31.339956693414848,22040,15.621597096188747,13.40290381125227,27.62250453720508,31.370235934664244,8726,41.48521659408664,31.239972495989,13.339445335778136,13.93536557414623
10472,2017,2017_10472,21813,30593,43326,17948,1142,3196,429600,42321,21.54958531225633,16.580421067555115,27.85378417334184,16.35122043429976,6.138796342241441,8.596205193639092,2.9299874766664304,68924,22.089547907840522,16.36149962277291,33.06395450060936,19.23422900586153,21813,25.406867464356118,24.522073992573237,18.993260899463625,31.077797643607024
10473,2017,2017_10473,20890,38924,56150,14575,931,6068,376900,40211,11.08651861430952,13.809654074755665,29.3974285643232,19.546890154435356,8.80356121459302,12.019099251448608,5.336848126134639,62531,20.274743727111353,16.977179319057747,31.082183237114386,23.75941532999632,20890,27.48683580660603,25.758736237434178,19.593106749640977,27.16132120631881
10474,2017,2017_10474,3514,25896,39015,3126,1123,238,406500,7355,20.0,17.00883752549286,25.329707681849083,17.60707002039429,8.987083616587356,8.94629503738953,2.12100611828688,12608,24.730329949238577,17.465101522842637,35.73128172588832,13.31694162436548,3514,23.904382470119522,22.96528173022197,17.700626067159934,35.42970973249858
10475,2017,2017_10475,18792,48734,61030,10877,1001,7865,27200,32261,7.27503797154459,7.54781314900344,28.198133969808747,21.9212051703295,9.28365518737795,16.239422212578656,9.534732339357118,44241,15.22343527497118,12.98795235189078,30.788182907257973,33.88711828394476,18792,42.65112813963389,25.79289059174117,15.644955300127714,15.911025968497233
11001,2017,2017_11001,9109,104890,125651,1704,1545,7233,524600,19803,4.544765944553856,4.479119325354744,22.07241327071656,14.952279957582183,8.645154774529113,25.65772862697571,19.648538100287837,28010,17.9328811138879,13.116744019992861,31.98500535523027,28.457693680828278,9109,18.344494456032496,28.521242726973323,18.640904599846305,34.49335821714787
11003,2017,2017_11003,12106,94746,108335,2246,1702,9621,376900,31385,7.372948860920822,4.788911900589453,27.77122829377091,20.34729966544528,10.839573044447985,18.830651585152143,10.049386649673412,45439,18.35867866810449,16.30757719139946,33.90039393472568,25.297651796914543,12106,13.282669750536924,20.981331571121757,18.22236907318685,47.51362960515447
11004,2017,2017_11004,5026,93315,107832,1262,1431,3668,508900,11331,4.342070426264231,4.015532609654929,28.620598358485573,13.343923749007146,9.584326184802752,23.64310299179243,16.45044567999294,15151,11.675796977097223,15.52372780674543,29.819813873671702,32.02428882582008,5026,29.367290091524072,27.656187823318746,16.096299243931554,26.880222841225628
11005,2017,2017_11005,1306,51801,75327,74,-666666666,1232,585100,1762,0.6242905788876276,0.9080590238365494,26.33371169125993,28.490351872871734,2.4971623155505105,21.62315550510783,19.52326901248581,1762,0.0,0.0,6.2996594778660615,50.170261066969346,1306,66.53905053598776,33.46094946401225,0.0,0.0
11040,2017,2017_11040,12862,118457,144076,1349,1751,11400,579700,29810,3.693391479369339,5.055350553505535,22.74069104327407,13.931566588393157,6.286481046628648,27.084870848708487,21.207648440120767,42140,17.866635026103463,11.449928808732796,33.229710488846706,28.763644992880874,12862,14.46120354532732,26.38780904991448,20.673301197325454,38.47768620743275
11101,2017,2017_11101,12474,57866,95879,10204,1442,2115,846100,21400,7.070093457943925,7.182242990654205,23.65420560747664,11.369158878504674,5.294392523364486,26.83644859813084,18.593457943925237,28852,12.626507694440592,18.50824899487037,43.511714959101624,17.936364896714267,12474,36.299502966169634,36.66025332691999,14.07728074394741,12.962962962962962
11102,2017,2017_11102,13627,60436,82508,11493,1618,1802,560200,25541,9.012959555224931,7.8031400493324465,19.58811322970909,11.362123644336556,5.75545201832348,32.05042872244626,14.427782780627227,33727,11.741334835591662,22.61985945978,39.97983811189849,18.72090609897115,13627,33.235488368679825,36.44969545754751,14.02362955896382,16.291186614808836
11103,2017,2017_11103,16113,65229,81512,13060,1625,2557,762700,29871,8.325800944059456,4.984767835023937,20.95343309564461,10.076662984165244,6.80593217501925,31.030096079809848,17.82330688627766,38036,9.356925018403619,24.400567883058155,40.4353770112525,19.63140182984541,16113,32.52032520325203,37.90107366722522,15.310618755042512,14.267982374480233
11104,2017,2017_11104,11412,63122,80386,8911,1506,2201,414200,20437,6.6056661936683465,6.8747859274844645,21.38767920927729,10.109115819347265,9.096247002984782,30.175661789890885,15.750844057346969,25725,11.133138969873665,15.117589893100098,44.544217687074834,23.30806608357629,11412,40.2646337188924,31.028741675429373,12.583245706274099,16.123378899404138
11105,2017,2017_11105,15227,68050,88855,10840,1644,4043,762300,29073,7.7632167302995905,5.513706875795411,19.88098923399718,11.220032332404635,6.617824097960306,32.00908059023836,16.99515013930451,37288,10.225809912036045,20.907530572838446,41.23310448401631,20.39530143745977,15227,32.08773888487555,35.60780193078085,15.518486898272805,16.7859722860708
11106,2017,2017_11106,17127,60725,78578,13871,1557,3067,502800,31482,8.779620100374817,5.990724858649387,18.92192363890477,11.454164284352965,7.200940219808144,31.583126866145733,16.069500031764182,40111,11.3235770736207,19.854902645159683,42.0882052304854,20.029418364039792,17127,35.83815028901734,36.56799205932154,13.855316167454895,13.738541484206223
11109,2017,2017_11109,2891,137452,167536,2670,3059,198,553600,4469,0.0,0.3132691877377489,4.184381293354218,7.384202282389795,2.774669948534348,41.88856567464757,43.45491161333632,5298,3.52963382408456,29.50169875424689,53.22763306908268,4.813137032842582,2891,39.778623313732275,45.970252507782774,9.75441023867174,4.496713939813214
11201,2017,2017_11201,26923,116446,176189,16132,2260,10290,862300,46655,2.6663808809345197,3.686635944700461,10.155395991855109,7.810524059586325,3.073625549244454,34.93730575501018,37.67013181866895,61907,11.092445119291842,16.97223254236193,43.96756424960021,18.27903145040141,26923,38.587824536641534,35.97295992274264,13.549752999294284,11.889462541321546
11203,2017,2017_11203,27464,48140,63181,15276,1262,11385,429800,52717,6.832710510840906,6.861164330291936,35.91251398979456,20.008725837964985,7.838078798110666,15.090008915530095,7.456797617466851,75989,17.98286594112306,14.065193646448828,32.1967653212965,27.90009080261617,27464,29.91552577920186,27.84372269152345,18.99941741916691,23.24133411010778
11204,2017,2017_11204,24243,47341,69520,14196,1313,9136,786300,51602,15.890856943529322,11.1972404170381,29.376768342312317,10.716638889965504,7.030735242820045,17.70667803573505,8.081082128599666,80056,21.153942240431697,12.236434495852905,32.08504047166983,22.951433996202656,24243,19.985150352679124,25.84251124035804,16.474858722105353,37.697479684857484
11205,2017,2017_11205,15843,51574,78983,11978,1299,3654,662600,27034,7.57934452911149,10.793815195679516,20.00813790042169,13.616187023747871,4.028260708737146,25.92291188873271,18.05134275356958,45148,21.575706565074864,19.334189775848323,34.83210773456189,14.563214317356254,15843,33.47850785836016,30.088998295777316,13.677965031875274,22.75452881398725
11206,2017,2017_11206,30516,34122,57980,26961,992,3088,595000,53460,14.279835390946502,13.540965207631874,26.07744107744108,15.039281705948374,4.410774410774411,19.915824915824917,6.735877291432847,87767,21.502387001948343,21.67101530187884,29.713901580320623,17.658117515694965,30516,27.87062524577271,30.479092934853846,16.797745445012453,24.85253637436099
11207,2017,2017_11207,32625,35809,52124,23858,1124,8073,433600,59945,10.956710317791307,12.10442905997164,36.23321377929769,17.099007423471516,8.42272082742514,10.678121611477188,4.505796980565519,92580,20.233311730395336,17.032836465759345,33.1853532080363,21.243249081875135,32625,31.94176245210728,23.721072796934866,18.936398467432948,25.400766283524906
11208,2017,2017_11208,31393,39588,55108,22612,1222,8011,446600,61276,11.027155819570469,9.7362752137868,46.03270448462693,13.685619165741889,5.485018604347542,10.4086428618056,3.624583850120765,99145,21.418124968480505,16.4345151041404,34.155025467749255,18.521357607544502,31393,24.846303316025868,20.41537922466792,21.00468257254802,33.733634886758196
11209,2017,2017_11209,29220,69578,95195,17850,1461,10849,728900,51111,6.378274735379859,5.628925280272348,18.794388683453658,13.46285535403338,6.667840582262135,27.786582144743797,21.281133219854823,67950,13.632082413539369,13.95879323031641,36.52980132450331,27.081677704194263,29220,37.04654346338125,30.396988364134153,13.911704312114988,18.644763860369608
11210,2017,2017_11210,22310,62202,84919,11987,1280,10040,556900,43782,5.968206112100863,5.308117491206432,28.424923484537025,18.44136859896761,6.589465990589741,20.81220592937737,14.45571239322096,68988,22.557546239925784,14.070562996463153,31.53302023540326,23.163448715718676,22310,24.8677722994173,25.38771851187808,18.04123711340206,31.703272075302557
11211,2017,2017_11211,38660,66113,100706,31577,1645,6426,912900,68460,7.973999415717207,8.423897166228453,19.97808939526731,12.283085013146362,3.333333333333333,32.19252118025124,15.815074496056091,101560,16.192398582118944,21.48286727057897,36.05553367467507,14.648483654982277,38660,29.014485256078633,35.967408173823074,15.594930160372478,19.423176409725816
11212,2017,2017_11212,31484,25677,42285,26373,942,4548,409700,54897,9.44496056250797,14.488952037451956,35.18953676885804,19.36353534801537,7.934859828405924,9.508716323296357,4.069439131464379,82831,19.69552462242397,15.290169139573347,35.24284386280499,21.15512308193792,31484,41.513149536272394,23.421420404014736,15.85884893914369,19.206581120569176
11213,2017,2017_11213,24731,40604,56798,20188,1166,3950,709600,43732,6.976584651971097,11.245769688100248,28.93990670447269,19.58062745815421,6.85081862251898,16.36787706942285,10.03841580535992,66503,18.572094491977808,18.376614588815542,33.066177465678244,21.24265070748688,24731,33.565161133799684,26.489021875379077,17.823783914924586,22.122033075896645
11214,2017,2017_11214,31945,53151,73599,20279,1305,10916,677300,68268,14.778519950782211,10.419230093162245,26.48825218257456,10.791293138805882,6.785023730005273,20.84578426202613,9.891896642643696,94283,15.641207852953341,14.141467708918894,35.37435168588187,25.77028732645334,31945,23.63124119580529,26.05415557990296,19.164188448896542,31.150414775395213
11215,2017,2017_11215,28880,116893,162894,17151,2123,11487,1084600,52495,3.903228878940852,3.463186970187637,7.734069911420136,7.356891132488809,3.07648347461663,36.131060100962,38.33507953138394,71015,13.38731253960431,15.60797014715201,43.98788988241921,18.13138069421953,28880,26.87673130193906,34.88919667590027,18.015927977839336,20.218144044321328
11216,2017,2017_11216,23800,56025,79825,18222,1292,5113,917600,42713,5.867066232762859,8.163790883337626,22.419403928546345,14.19005923255215,5.906866761875776,26.71317865755157,16.73963430337368,57410,12.119839749172618,23.711896882076292,37.50391917784358,20.04528827730361,23800,36.47478991596639,32.26470588235294,16.029411764705884,15.231092436974789
11217,2017,2017_11217,16856,99085,147595,11489,1917,5174,1057900,30595,4.974669063572479,6.144794901127635,11.178297107370486,8.069946069619219,3.3469521163588825,33.20150351364602,33.08383722830528,39687,10.895255373296042,17.746365308539318,44.21347040592637,18.900395595535063,16856,34.676079734219265,34.25486473659231,15.988372093023257,15.080683436165163
11218,2017,2017_11218,24967,64152,87341,15541,1473,8907,680600,49291,9.756344971698686,8.056237446998438,20.472297173926275,12.29027611531517,5.635917307419204,23.927288957416163,19.861638027226068,76960,20.198804573804573,14.2489604989605,34.72453222453222,19.627079002079,24967,24.91689029518965,26.130492249769695,18.0758601353787,30.87675731966195
11219,2017,2017_11219,25240,37665,56434,17756,1342,6702,823600,51613,16.28853195900258,17.51690465580377,32.79600100749811,10.557417704841804,4.322554395210509,12.000852498401564,6.517737779241664,93979,24.870449781334123,15.843965141148553,26.597431341044278,17.502846380574386,25240,17.812995245641837,23.248811410459588,15.364500792393027,43.573692551505545
11220,2017,2017_11220,28766,42559,61554,20869,1304,7290,779000,67583,24.264977879052424,23.81220129322463,20.952014559874524,8.114466655815813,3.807170442270985,12.62891555568708,6.420253614074545,100412,18.365334820539378,16.774887463649762,37.25251961916902,18.702943871250447,28766,17.618021275116458,21.48717235625391,17.08614336369325,43.808663004936385
11221,2017,2017_11221,29818,47170,66368,22584,1290,6560,663200,55683,11.026704739327982,12.314350879083385,25.975611946195425,16.602912917766645,6.359211967745991,18.51732126501805,9.203886284862524,84536,17.423346266679285,22.605753761710986,33.99380145736727,18.1035298571023,29818,30.444697833523378,26.30961164397344,16.12113488496881,27.124555637534375
11222,2017,2017_11222,17508,78287,95585,13952,1843,3306,756900,30452,4.686063312754499,4.5809799027978455,17.657296729278865,12.63956390384868,4.232891107316433,35.4426638644424,20.76054117956128,36845,7.81381462885059,21.55516352286606,45.821685439001214,19.16949382548514,17508,37.754169522504,37.976924834361434,13.393877084761252,10.875028558373314
11223,2017,2017_11223,27527,46310,71341,17093,1267,9752,699900,54173,11.854613922064496,10.25603160245879,28.499436988905916,11.470658815276984,7.086556033448396,19.469108227345725,11.363594410499696,80855,17.84676272339373,14.799332137777503,30.70311050646218,25.264980520685178,27527,25.30969593490028,25.978130562720235,17.13590293166709,31.57627057071239
11224,2017,2017_11224,18551,31630,53095,13120,762,5245,369300,32901,10.528555363058874,9.072672563143977,23.84729947418012,12.264064922038845,9.203367678793956,20.57384274034224,14.510197258441991,45244,15.97117849880647,11.922022809654319,27.0621518875431,34.716205463707894,18551,34.66120424774945,32.89310549296534,14.160961673225165,18.28472858606005
11225,2017,2017_11225,23462,51926,74178,19330,1311,3604,704600,42537,5.235442085713614,7.8637421538895556,24.91948186284881,18.482732679784657,6.862261090344876,20.993488022192444,15.642852105226035,59497,15.491537388439752,18.975746676303007,35.53624552498445,23.012925021429652,23462,32.05609069985508,30.84136049782627,19.25667036058307,17.84587844173557
11226,2017,2017_11226,36677,48495,66439,31020,1312,4682,521200,69040,8.073580533024334,9.168597914252608,33.250289687137894,16.455677867902665,5.989281575898031,17.734646581691774,9.3279258400927,102585,18.50465467660964,16.901106399571088,34.93688161037189,21.400789589121214,36677,30.85039670638275,27.363197644300243,16.904326962401505,24.882078686915506
11228,2017,2017_11228,15033,63697,89178,6122,1359,8482,809200,32033,12.159335685074767,9.003215434083602,28.161583367152627,10.929354103580682,7.314332095027002,20.54756032841133,11.884618986669995,44676,16.194377294296714,11.950487957740172,34.239860327692725,27.75091771868565,15033,22.51712898290428,27.220115745360207,18.57247389077363,31.69028138096188
11229,2017,2017_11229,31058,59287,79904,15693,1253,14874,562200,60308,9.615639716123898,6.468461895602573,26.69131790143928,12.06141805398952,7.4268753730848305,23.17271340452345,14.563573655236452,85776,16.782083566498788,13.38952620779705,31.76179817198284,28.95681775788099,31058,26.981776031940242,28.659282632494044,17.08094532809582,27.277996007469895
11230,2017,2017_11230,30831,46013,73991,21168,1308,8872,708300,56500,9.490265486725663,8.254867256637167,22.42654867256637,11.582300884955751,7.7132743362831855,22.784070796460178,17.74867256637168,90257,20.888130560510543,15.063651572731201,28.871998847734805,23.26800137385466,30831,29.83036554117609,27.381531575362462,13.389121338912133,29.39898154454932
11231,2017,2017_11231,15562,93575,145130,10768,1745,4641,1135100,27264,6.330692488262911,7.042253521126761,12.676056338028168,9.730780516431924,2.519806338028169,31.554430751173708,30.14598004694836,37680,15.514861995753716,10.613057324840764,44.73991507430998,19.601910828025478,15562,27.753502120550056,37.34095874566251,17.272844107441205,17.63269502634623
11232,2017,2017_11232,8808,53908,72353,6444,1430,2270,649400,20106,19.4320103451706,15.050233761066348,22.98318909778176,10.350144235551577,4.307171988461156,16.313538247289365,11.5637123246792,28992,17.104718543046356,18.153283664459163,42.36341059602649,15.242135761589404,8808,18.80108991825613,29.393732970027248,18.994096276112625,32.811080835603995
11233,2017,2017_11233,28424,36009,55867,21564,1137,6268,673200,48341,9.174406818228832,13.18342607724292,32.26867462402516,14.75559049254256,7.461575060507644,15.963674727457024,7.192652199995862,74982,19.26995812328292,17.54954522418714,34.54562428316129,19.80075218052333,28424,33.82704756543766,28.0396847734309,16.862510554461018,21.27075710667042
11234,2017,2017_11234,31926,79490,99504,9835,1384,21678,526300,67814,5.293892116672073,5.6964638570206745,29.443772672309557,16.953726369186302,8.580824018639218,20.259828354027192,13.771492612144984,97741,18.989983732517572,12.295761246559785,32.59328224593569,28.20310821456707,31926,20.41596191192132,28.168264110756127,18.784063146025183,32.631710831297376
11235,2017,2017_11235,32828,49653,74060,18752,1267,13432,515800,60424,7.328213954719978,5.229710048987157,22.448033893817023,10.835098636303456,8.403945452138222,27.40301866807891,18.35197934595525,80222,14.242975742315075,10.872329286230709,32.957293510508336,32.08097529356037,32828,35.13159497989521,29.87388814426709,14.030705495308881,20.963811380528817
11236,2017,2017_11236,32903,63700,78215,16262,1331,16010,491000,68080,6.455640423031728,7.799647473560517,29.463866039953,18.89394829612221,10.173325499412456,17.999412455934195,9.2141598119859,100633,18.40151838860016,15.606212673775003,33.19885127145171,25.193524986833346,32903,23.307905054250373,25.787922073975018,21.97064097498708,28.933531896787528
11237,2017,2017_11237,16789,51269,67865,14925,1428,1693,595400,33910,18.336773813034505,16.319669713948688,21.560011795930404,12.126216455322911,3.9398407549395458,20.76083751105869,6.956649955765261,52319,17.8558458686137,25.54330166860987,37.29046808998643,12.960874634454024,16789,21.55578057061171,26.958127345285604,19.768896301149564,31.717195782953123
11238,2017,2017_11238,24510,79013,107890,17004,1629,7190,827800,43195,3.8453524713508505,5.537677971987499,13.95300381988656,12.043060539414284,4.579233707605047,32.25373307095729,27.787938418798475,55398,10.02202245568432,18.195602729340408,42.427524459366765,21.601862883136576,24510,37.31130150958792,33.63933088535292,16.356589147286822,12.692778457772338
11239,2017,2017_11239,6569,26002,36537,6361,694,154,460000,9365,8.424986652429258,14.426054458088627,33.50774159103043,17.287773625200213,7.709556860651362,12.19434063000534,6.449546182594768,12713,15.346495713049634,11.87760560056635,27.916306143317865,36.60819633446079,6569,48.74410108083423,30.446034404018878,13.107017810930127,7.702846704216776
11351,2017,2017_11351,0,-666666666,-666666666,0,-666666666,0,-666666666,0,,,,,,,,0,0.0,0.0,0.0,0.0,0,,,,
11354,2017,2017_11354,20299,44512,63624,11327,1412,8026,473300,44531,12.651860501672992,13.276144708180816,29.26949765332016,11.94448810940693,12.366665918124454,13.50295299903438,6.988390110260268,57566,11.86811659660216,13.346419761664873,37.433554528714865,28.930271340721955,20299,25.89782747918617,29.804423863244494,22.242474998768415,22.055273658800925
11355,2017,2017_11355,27523,38370,55963,17901,1345,8529,533000,62693,15.61737355047613,14.100457786355731,30.13095560907916,9.741119423221091,10.607244827971224,12.261336991370648,7.541511811526008,82890,12.67100977198697,14.279165158643988,37.268669320786586,27.625769091567136,27523,22.95534643752498,27.257203066526177,21.095084111470406,28.692366384478436
11356,2017,2017_11356,7541,59712,76125,3684,1603,3626,598600,16853,11.262089835637571,10.650922684388537,33.41244882216816,15.5283925710556,8.597875749124785,14.424731501809768,6.123538835815582,24069,16.569030703394407,13.602559308654286,36.10453280152894,25.31887490132536,7541,18.565177032223843,27.184723511470626,21.05821509083676,33.19188436546877
11357,2017,2017_11357,14735,81053,100134,3266,1742,11227,641500,30223,7.848327432749892,6.078152400489693,25.063693213777587,15.336002382291634,8.516692585117294,23.296826919895445,13.860305065678457,41393,15.881912400647453,9.84949145990868,33.160196168434275,31.959510062087787,14735,24.166949440108585,30.851713607058024,17.794367153036987,27.1869697997964
11358,2017,2017_11358,12820,65932,88217,5098,1583,7173,700100,28124,8.537192433508748,7.495377613426254,25.177784098990188,15.179206371782108,11.900867586403072,19.19712700896032,12.512444886929314,36959,13.647555399226167,13.931653994967396,34.971184285289105,30.612300116345136,12820,21.809672386895475,32.581903276131044,18.346333853354135,27.262090483619346
11359,2017,2017_11359,0,-666666666,-666666666,0,-666666666,0,-666666666,0,,,,,,,,0,0.0,0.0,0.0,0.0,0,,,,
11360,2017,2017_11360,8382,84476,102457,2306,2007,5925,526000,15284,3.827532059670243,3.199424234493588,18.72546453807904,14.917560847945564,8.047631510075897,28.834074849515837,22.44831196021984,19501,12.327572944977181,9.158504692067073,31.96246346341213,35.38280088200605,8382,34.28775948460988,35.14674302075877,15.354330708661418,15.211166785969935
11361,2017,2017_11361,10378,82020,99655,4085,1722,6008,638900,21468,6.2558226197130615,4.839761505496553,22.61505496553009,14.812744550027949,9.269610583193591,24.818334264952487,17.38867151108627,29072,15.406576774903687,12.940286186020915,35.93492019812878,27.64171711612548,10378,27.934091347080365,27.9822701869339,18.452495663904415,25.631142802081325
11362,2017,2017_11362,7163,80828,97327,1201,1682,5740,521800,14292,5.380632521690456,4.093198992443325,20.99776098516653,15.952980688497062,8.501259445843829,24.272320179121188,20.801847187237616,18443,12.535921487827359,9.992951255218781,30.461421677601262,35.30336713116087,7163,30.029317325143097,32.807482898227,14.700544464609798,22.462655312020104
11363,2017,2017_11363,2620,97784,128817,597,1951,1954,817100,5457,2.345611141652923,1.4660069635330768,21.47700201575957,14.000366501740883,9.712296133406634,27.762506871907643,23.236210371999267,7423,16.502761686649603,10.57523912164893,32.31846962144685,31.564057658628588,2620,22.786259541984734,32.137404580152676,16.793893129770993,28.2824427480916
11364,2017,2017_11364,13385,71030,94268,3313,1685,9872,530100,26767,6.179250569731385,4.965068928157806,23.14417006014869,13.897709866626816,8.809354802555386,25.10554040422909,17.898905368550828,35885,15.371325066183642,9.906646231015745,35.301658074404344,31.191305559425942,13385,29.6002988419873,28.778483376914455,17.810982443033247,23.810235338065
11365,2017,2017_11365,15657,63455,82750,7848,1459,7615,638700,32683,7.490132484778019,6.3733439402747605,25.432181868249547,15.491233974849312,9.668635070219992,21.179206315209743,14.365266346418627,45565,14.754745967299462,14.287281904970921,34.22144189619225,26.4215955228794,15657,25.56683911349556,27.82142172830044,19.658938493964364,26.952800664239636
11366,2017,2017_11366,4456,67115,94635,1243,1624,3122,690500,9959,4.518525956421327,7.581082437995783,22.57254744452254,13.22421929912642,8.886434380961944,26.880208856310876,16.33698162466111,14308,15.998043052837573,16.424377970366226,30.772994129158512,28.704221414593228,4456,17.28007181328546,29.71274685816876,21.790843806104128,31.216337522441652
11367,2017,2017_11367,14670,58924,78082,7426,1345,6895,394300,28622,9.192229753336594,6.428621340227797,26.402767102229053,12.214380546432814,7.581580602333869,21.90971979596115,16.270700859478723,43496,17.971767518852307,15.829041750965606,28.379621114585248,26.89902519771933,14670,25.41922290388548,27.05521472392638,22.188139059304703,25.337423312883434
11368,2017,2017_11368,28275,47862,61032,21656,1526,6246,517600,72769,28.40083002377386,9.853096785719194,31.975154255246053,11.238302024213608,5.659003146944441,9.462820706619578,3.4107930574832688,114647,19.87055919474561,17.003497692918263,36.6594852024039,16.123404886303174,28275,15.678160919540229,18.967285587975244,17.669319186560568,47.68523430592396
11369,2017,2017_11369,10720,53426,68949,4969,1456,5539,533500,25405,15.780358197205274,8.214918323164731,39.09860263727612,12.308600669159611,6.845109230466444,11.517417831135605,6.234993111592206,37325,17.03683858004019,15.667782987273945,34.697923643670464,23.737441393168115,10720,24.468283582089555,21.138059701492537,18.32089552238806,36.07276119402985
11370,2017,2017_11370,8365,59901,84987,4179,1581,4048,627100,24127,10.258216935383595,16.29709454138517,33.83760931736229,11.23637418659593,6.565258838645501,14.112819662618644,7.69262651800887,33789,14.880582438071562,18.878925093965492,39.65491728077185,20.302465299357777,8365,23.419007770472206,24.231918708906157,16.915720263000598,35.43335325762104
11371,2017,2017_11371,0,-666666666,-666666666,0,-666666666,0,-666666666,0,,,,,,,,0,0.0,0.0,0.0,0.0,0,,,,
11372,2017,2017_11372,24051,53963,69795,16445,1390,7353,298700,47932,13.010097638320955,10.471084035717269,28.61762496870567,11.38487857798548,8.048902612033714,18.29466744554786,10.17274472168906,64298,14.431242029301067,13.048617375346044,40.7788733708669,24.479766089147404,24051,33.19612490125151,27.079955095422225,17.088686541100163,22.635233462226104
11373,2017,2017_11373,30216,49098,65321,20286,1426,9212,530900,70503,17.86023289789087,8.579776747088777,29.85830390196162,11.585322610385374,5.955774931563196,18.56233068096393,7.598258230146235,96353,14.78314115803348,14.782103307629239,38.35687524000291,24.698763920168545,30216,21.90892242520519,27.631056393963465,18.556393963463066,31.903627217368282
11374,2017,2017_11374,19276,56863,77779,11834,1453,7098,336700,34454,5.442038660242642,4.365240610669298,20.639113020258897,12.521042549486271,7.691414639809602,29.447959598304983,19.893190921228303,43540,10.91869545245751,13.220027560863574,34.072117593017914,33.36242535599449,19276,41.96410043577506,30.758456111226394,12.155011413156256,15.12243203984229
11375,2017,2017_11375,32492,76467,101342,15697,1676,16272,382700,55720,3.824479540559943,3.034816941852118,15.362526920315863,11.29935391241924,6.934673366834171,31.5021536252692,28.04199569274946,72937,13.445850528538328,9.405377243374419,38.714232831073396,28.21887382261404,32492,41.21322171611473,28.736304321063642,15.2160531823218,14.834420780499816
11377,2017,2017_11377,31464,54989,69474,21369,1457,9396,482600,67432,12.709099537311664,10.459425791908886,30.507770791315696,9.90331000118638,7.549827974848737,20.11507889429351,8.755487009135129,89688,13.986263491213986,14.425564178039426,41.90861653732941,23.397778967085895,31464,28.832951945080094,26.80523773201119,17.747266717518436,26.61454360539029
11378,2017,2017_11378,12623,68460,86987,5786,1501,6628,574900,25349,8.229121464357569,5.870054045524478,34.75482267545071,15.077517850802794,8.62755927255513,18.687127697345066,8.75379699396426,35844,16.789420823568797,13.47784845441357,36.86809507867426,24.243945988170967,12623,29.78689693416779,24.391982888378358,19.464469618949536,26.35665055850432
11379,2017,2017_11379,13528,79573,95587,4742,1449,8318,615200,28066,6.965723651393145,5.921755861184351,29.851065345970213,15.794911993158983,8.127271431625454,20.893607924178724,12.445663792489132,37524,15.747255090075685,11.17418185694489,35.9396652808869,29.786270120456237,13528,26.766706091070375,30.13010053222945,18.761088113542282,24.342105263157894
11385,2017,2017_11385,34993,64481,78239,23219,1399,11223,543800,73082,10.462220519416546,7.334227306313457,32.78372239402315,17.825182671519663,6.369557483374839,16.763361703292194,8.46172792206015,106598,17.959061145612488,16.503123886001614,37.61139983864613,20.501322726505187,34993,21.047066556168375,28.660017717829277,21.687194581773497,28.605721144228845
11411,2017,2017_11411,6052,87231,101581,809,1556,5171,417400,14591,3.577547803440477,5.071619491467343,26.35871427592352,22.9936262079364,9.533273935987935,20.019189911589336,12.446028373654991,19990,15.01750875437719,13.051525762881441,33.291645822911455,31.765882941470736,6052,19.266358228684734,27.97422339722406,17.61401189689359,35.145406477197625
11412,2017,2017_11412,10957,75307,89346,2711,1395,8108,412200,26282,5.848108971919945,6.506354158739821,32.24640438322807,22.34989726809223,10.04109276310783,14.119929990107297,8.888212464804809,38833,17.80959493214534,14.109133983982694,33.32989982746633,26.30752195297814,10957,17.85160171579812,24.285844665510634,20.014602537190836,37.84795108150041
11413,2017,2017_11413,12133,83459,97251,3206,1564,8714,430700,29407,4.478525521134424,7.283980004760771,28.6122351820995,23.814057877376136,9.834393171693817,16.46546740571973,9.511340837215627,42895,19.438162956055486,13.60531530481408,34.16948362279986,25.783890896374867,12133,16.277919723069314,26.596884529794774,19.821973131129976,37.30322261600593
11414,2017,2017_11414,10511,72632,96563,2975,1509,7317,496600,21785,6.389717695662153,8.40945604773927,31.2921735138857,17.635988065182463,9.658021574477852,16.90612806977278,9.70851503327978,29203,14.703968770331814,10.461253980755401,31.733041125911722,32.096017532445295,10511,22.604890115117495,34.83969175149843,18.3522024545714,24.203215678812672
11415,2017,2017_11415,8489,65981,85176,5253,1461,3015,335700,14632,4.230453799890651,4.46282121377802,19.81957353745216,15.493439037725537,9.90295243302351,26.223346090759986,19.867413887370148,19900,15.532663316582914,12.462311557788944,37.21105527638191,25.914572864321602,8489,39.769112969725526,31.4171280480622,12.062669336788785,16.75108964542349
11416,2017,2017_11416,7216,61285,76532,4011,1411,3071,502100,17979,13.649257467044889,9.716891929473274,33.49463262695367,15.05089270815952,7.670059513877302,15.42354969686857,4.994716057622782,27567,19.68295425690137,16.320237965683607,35.353865128595785,20.996118547538725,7216,13.622505543237251,19.20731707317073,20.84257206208426,46.32760532150776
11417,2017,2017_11417,9035,69989,86034,3483,1457,5441,460300,21766,10.943673619406413,11.063125976293302,30.4971055775062,16.4982082146467,7.746025911972802,15.983644215749337,7.268216484425251,32425,18.56900539707016,16.117193523515805,34.62760215882806,23.090208172706244,9035,14.100719424460431,21.383508577753183,20.309905921416714,44.205866076369674
11418,2017,2017_11418,10940,67003,82300,6124,1422,4662,477500,25734,12.54760239372037,10.076163829952591,28.266107095671096,14.265174477345148,7.072355638454962,17.677003186445948,10.095593378409886,39267,19.482007792803117,16.527873277815978,35.480174192069676,20.019354674408536,10940,17.10237659963437,23.22669104204753,19.478976234003657,40.191956124314444
11419,2017,2017_11419,12724,65711,82122,5032,1471,7490,460300,35795,17.407459142338315,10.956837547143456,32.77832099455231,13.770079620058668,5.520324067607207,14.641709735996647,4.925268892303395,52392,16.735379447243854,18.187891281111618,35.642846236066575,22.423270728355472,12724,9.49386985224772,18.524049041182018,20.11160012574662,51.87048098082364
11420,2017,2017_11420,13226,66220,85258,4037,1457,8911,453000,33631,12.946388748476108,13.359697897772888,32.08944128928667,16.113109928339924,7.371175403645445,13.508370253635038,4.611816478843924,49396,18.56830512592113,16.240181391205766,34.82265770507733,24.030285853105514,13226,14.698321487978225,19.74897928323,21.631634659004987,43.921064569786786
11421,2017,2017_11421,11972,69053,84642,4926,1542,6845,450000,29531,15.234837966882258,9.08536791845857,30.303748603162777,15.898547289289224,7.950966780671159,15.65134942941316,5.8751820121228535,43567,17.873619941698994,15.415337296577684,36.08006059632291,23.405329722037322,11972,16.471767457400603,22.744737721349818,19.23655195456064,41.54694286668894
11422,2017,2017_11422,9686,86996,96500,3385,1629,6229,418400,23167,3.7164932878663617,7.424353606422929,28.30318988215997,23.59822160832218,9.440151940259852,17.529244183536928,9.988345491431778,33479,17.44675766898653,16.452104304190687,34.785985244481616,24.340631440604557,9686,17.809209167871153,23.817881478422464,22.692545942597565,35.680363411108814
11423,2017,2017_11423,9817,66455,84986,3965,1338,5597,458100,22986,9.283911946402158,7.687287914382668,28.87844775080484,17.358392064735057,8.344209518837554,19.74680240146176,8.700948403375968,32407,16.17860338815688,14.672755886073997,34.32900299318049,27.19782762983306,9817,23.96862585311195,24.162167668330447,17.754914943465415,34.11429153509219
11424,2017,2017_11424,0,-666666666,-666666666,0,-666666666,0,-666666666,0,,,,,,,,0,0.0,0.0,0.0,0.0,0,,,,
11425,2017,2017_11425,0,-666666666,-666666666,0,-666666666,0,-666666666,0,,,,,,,,0,0.0,0.0,0.0,0.0,0,,,,
11426,2017,2017_11426,6388,83376,99999,1324,1711,4902,506600,14676,4.149632052330335,7.393022621967839,29.299536658490048,12.769146906514036,6.991005723630417,21.817934041973288,17.57972199509403,21166,16.77690635925541,15.033544363602003,32.202589057923085,26.783520740810737,6388,20.13149655604258,26.111458985597995,18.190356919223543,35.56668753913588
11427,2017,2017_11427,7487,72874,96719,2684,1330,4632,475900,17311,6.088614175957484,7.810062965744324,27.652937438622843,16.573277107041765,9.878112183005024,19.77933106117497,12.217665068453584,23809,14.523919526229577,12.62547776051073,34.965769246923436,28.93023646520223,7487,23.45398691064512,25.9516495258448,18.16481901963403,32.429544543876055
11428,2017,2017_11428,5611,71663,82700,1660,1435,3800,451600,14066,8.047774776055737,8.47433527655339,35.14858524100668,17.211716195080335,12.732830939854969,12.185411630882982,6.199345940565904,19859,17.669570471826376,14.69358980814744,35.11757893146684,26.50687345787804,5611,13.86562110140795,21.600427731242203,21.36873997504901,43.16521119230084
11429,2017,2017_11429,7387,80464,91927,2047,1411,5210,412300,19524,6.294816635935259,7.667486170866626,28.51362425732432,22.290514238885475,11.206719934439665,15.81643105920918,8.21040770333948,27667,16.474500307225213,15.791376007517982,34.976687027867136,26.34185130299635,7387,14.363070258562338,24.4212806281305,20.590226072830646,40.62542304047651
11430,2017,2017_11430,0,-666666666,-666666666,0,-666666666,0,-666666666,155,4.516129032258064,32.25806451612903,38.064516129032256,21.935483870967744,0.0,3.225806451612903,0.0,183,0.0,27.3224043715847,49.18032786885246,20.76502732240437,0,,,,
11432,2017,2017_11432,18390,52975,75650,11595,1399,6556,563400,42167,13.588825384779568,8.165152844641545,23.19112101880617,12.708990442763298,7.304290084663362,22.21168212108995,12.8299381032561,65098,19.788626378690587,15.674828719776338,32.063965098774155,23.552182862760763,18390,25.666122892876565,21.72920065252855,16.443719412724306,36.16095704187058
11433,2017,2017_11433,10423,48795,66108,5798,1165,4515,388200,23296,10.375171703296704,12.26820054945055,34.58104395604396,17.251888736263737,7.675137362637363,12.100789835164836,5.747767857142857,36019,20.930619950581637,16.030428385019018,33.22690802076682,22.10777645131736,10423,22.786146023217885,22.65182768876523,16.751415139595128,37.810611148421756
11434,2017,2017_11434,20993,60702,73933,10340,1130,10339,386000,45257,4.97381620522792,8.440683209227302,33.049031089113285,23.883598117418305,8.173321254170625,15.13357049738162,6.345979627460946,66725,18.266017234919445,15.375046834020234,33.004121393780444,24.338703634319973,20993,29.65750488257991,22.726623160100985,19.30167198590006,28.314199971419047
11435,2017,2017_11435,18795,59535,74494,11637,1421,6708,363900,41841,13.183241318324132,10.0953610095361,25.69011256901126,16.09904160990416,7.679070767907077,18.101861810186183,9.151310915131091,59214,16.31877596514338,16.384638767858952,36.80886276893978,22.384908974229067,18795,24.90023942537909,26.581537642990156,17.65895184889598,30.859271082734768
11436,2017,2017_11436,5628,69259,84711,1527,1492,4028,382600,14063,7.807722392092725,11.789803029225627,34.622768968214466,20.10239635924056,8.17748702268364,11.597809855649576,5.902012372893408,20905,19.095910069361395,17.110739057641716,36.10141114565893,20.559674718966754,5628,15.067519545131486,21.286425017768302,24.893390191897655,38.752665245202564
11451,2017,2017_11451,0,-666666666,-666666666,0,-666666666,0,-666666666,0,,,,,,,,0,0.0,0.0,0.0,0.0,0,,,,
11691,2017,2017_11691,20155,42434,58683,15000,1118,4973,440700,39593,10.373045740408658,16.793372565857602,25.94145429747683,16.603945141817995,7.077008562119566,14.118657338418409,9.092516353900942,65356,21.910765652732728,14.468449721525186,28.65842462819022,22.408042107840135,20155,30.17613495410568,22.11858099727115,16.54180104192508,31.16348300669809
11692,2017,2017_11692,6417,45816,62707,3919,951,2341,362300,12670,9.558011049723756,14.972375690607734,25.856353591160214,19.13180741910024,8.12943962115233,15.359116022099448,6.992896606156275,20242,23.974903665645687,12.493824720877384,33.72196423278332,21.322003754569707,6417,24.170172978027114,29.671185912420135,18.871746922237804,27.286894187314946
11693,2017,2017_11693,4767,57443,71165,2350,1011,2343,310600,8492,6.217616580310881,11.822892133772962,29.109750353273668,20.30146019783325,7.147903909561941,15.108337258596327,10.292039566650963,12709,17.625304902037925,13.258320874970494,35.01455661342356,25.29703359823747,4767,32.34738829452486,30.564296203062725,17.22257184812251,19.86574365428991
11694,2017,2017_11694,8319,77547,104387,3845,1297,4229,632500,15887,4.261345754390382,7.0309057720148544,22.294958141877004,19.248442122490086,6.514760496003022,23.35242651224271,17.297161200981932,21003,14.845498262153026,8.184545064990715,32.19540065704899,35.09022520592297,8319,37.88916937131867,32.49188604399567,12.669792042312778,16.94915254237288
11697,2017,2017_11697,1398,99792,124884,37,-666666666,1353,556400,2599,0.7310504040015391,2.1931512120046173,20.777222008464797,21.31589072720277,6.848787995382839,26.35629088110812,21.77760677183532,3702,18.692598595353864,10.588870880605079,26.44516477579687,35.03511615343058,1398,27.682403433476395,32.1173104434907,13.161659513590845,27.038626609442062
10001,2016,2016_10001,11967,85168,162724,8631,2114,3232,460500,17371,3.787922399401301,3.269817511945196,13.539807725519545,9.302861090322953,2.199067411202579,35.97374935236889,31.926774509239536,23332,12.399999999999999,22.6,39.8,22.2,11967,55.1,28.8,9.3,6.8
10002,2016,2016_10002,33327,35594,64196,28351,919,4601,608900,60343,20.46964850935485,11.167823939810749,20.249241834181262,9.901728452347411,4.060122963724044,22.88086439189301,11.270569908688662,78096,12.7,16.7,35.8,27.799999999999997,33327,42.8,28.8,13.9,14.4
10003,2016,2016_10003,27258,100791,171737,18700,2117,8292,963100,40442,2.2377726126304336,1.7061470748232035,6.0036595618416495,7.504574452302062,2.7174719351169574,43.06166856238564,36.76870580090005,56767,15.9,24.7,35.4,19.1,27258,56.2,31.1,7.8,4.9
10004,2016,2016_10004,1592,123056,173800,1053,2911,430,1250000,2343,1.2804097311139564,0.0,2.219376867264191,7.469056764831413,1.621852326077678,47.75928297055058,39.65002134016218,3044,13.1,22.299999999999997,44.5,17.200000000000003,1592,54.4,25.2,9.7,10.7
10005,2016,2016_10005,4295,130116,193229,3541,3005,749,1424900,6521,0.4907222818586106,0.9047692071768134,3.542401472166846,3.373715687777948,3.358380616469866,46.81797270357308,41.512038030976846,8710,6.9,41.4,43.199999999999996,4.300000000000001,4295,40.6,38.9,15.3,5.2
10006,2016,2016_10006,1776,125364,174312,1527,2847,233,939800,2484,0.644122383252818,0.0,2.0128824476650564,3.3011272141706924,2.576489533011272,53.7842190016103,37.68115942028986,3277,3.4999999999999996,32.2,47.9,6.6,1776,52.7,32.8,5.7,8.7
10007,2016,2016_10007,2743,234958,392959,1716,3339,1009,1946100,5193,2.349316387444637,4.429039091084152,7.779703446947813,6.932409012131716,0.8665511265164645,34.9316387444637,42.71134219141152,6740,15.0,11.5,54.1,14.700000000000001,2743,38.6,36.2,10.3,14.9
10009,2016,2016_10009,30062,60788,85897,27879,1554,2026,609700,46974,7.261463788478732,5.460467492655512,13.567079661089112,10.07791544258526,4.549325158598374,36.7905649934006,22.293183463192403,59799,9.2,25.1,37.0,24.399999999999995,30062,49.7,31.7,11.9,6.7
10010,2016,2016_10010,16070,110142,163333,11517,2442,4414,698800,24979,1.6613955722807157,1.7454661916009448,5.953000520437167,7.870611313503343,5.1563313183073785,40.06565515032627,37.54753993354418,32854,8.8,25.6,38.6,20.6,16070,53.6,31.0,8.3,7.1
10011,2016,2016_10011,28738,114134,194277,17944,2029,10217,973200,42161,2.3339104859941653,2.775076492493062,6.4704347619838245,7.646877445980883,3.1237399492421907,39.62904105690093,38.020919807404944,50404,7.2,16.799999999999997,43.099999999999994,27.500000000000004,28738,56.9,29.9,7.9,5.3
10012,2016,2016_10012,12240,101815,149310,10193,2128,1985,1322000,19381,4.21546875806202,1.4085960476755586,7.373200557246788,4.576647231824984,2.626283473504979,42.9647593003457,36.835044631339976,24536,6.9,29.9,38.800000000000004,19.799999999999997,12240,50.4,33.6,9.4,6.5
10013,2016,2016_10013,11934,104167,246993,8395,1663,3304,2000001,21081,10.507091693942412,5.526303306294768,9.985294815236468,8.391442531189222,2.8746264408709266,36.13206204639249,26.58317916607372,28211,12.0,17.2,39.300000000000004,22.6,11934,39.9,31.1,12.3,16.7
10014,2016,2016_10014,18671,119026,189369,12523,2337,5841,1039000,27499,0.0836394050692752,1.0473108113022291,5.538383213935052,6.934797629004691,2.36372231717517,49.2345176188225,34.797629004691075,31464,5.7,21.0,46.300000000000004,22.099999999999998,18671,58.3,29.2,8.2,4.3
10016,2016,2016_10016,28359,102703,148391,20213,2440,7856,723300,40423,2.050812656161096,2.360042550033397,6.929223461890508,8.420948469930485,2.9488162679662566,44.35840981619375,32.93174677782451,50444,6.4,28.900000000000002,35.9,22.4,28359,59.3,26.8,8.4,5.4
10017,2016,2016_10017,10134,106795,163683,6123,2214,3958,590200,14169,0.6845931258380973,1.3833015738584231,5.427341379066977,9.647822711553392,2.3502011433410965,43.63046086526925,36.87627920107276,16533,3.7,24.0,39.300000000000004,26.6,10134,60.7,28.3,8.5,2.5
10018,2016,2016_10018,4956,105479,149153,4462,2849,402,927100,7789,3.979971755039158,2.3879830530234947,8.35794068558223,10.270894851713956,2.8116574656566957,40.14636025163693,32.04519193734754,9684,4.2,36.0,45.5,10.1,4956,46.7,37.9,10.2,5.2
10019,2016,2016_10019,23465,94477,146207,18833,2211,4184,929700,34014,2.9928852825307226,2.5489504321749865,9.5578291291821,8.531781031340037,4.659845945787029,38.225436584935615,33.483271594049505,39505,4.8,20.2,44.0,26.1,23465,59.5,29.6,6.9,3.9
10020,2016,2016_10020,0,-666666666,-666666666,0,-666666666,0,-666666666,0,,,,,,,,0,-1999999998.0,-1333333332.0,-3333333330.0,-3999999996.0,0,-666666666.0,-666666666.0,-666666666.0,-666666666.0
10021,2016,2016_10021,24558,115681,211624,14103,1961,10159,1178900,36506,0.4930696323891962,1.1340601544951514,5.6292116364433245,7.565879581438667,3.210431162000767,40.491973922095,41.4753739111379,45261,9.899999999999999,11.5,39.3,29.0,24558,51.9,30.6,7.8,9.7
10022,2016,2016_10022,17619,123693,224771,8553,2386,8825,904000,26404,0.6968641114982579,1.3293440387820028,4.544765944553856,9.634903802454174,2.5071958794122104,42.43675200727163,38.850174216027874,30262,5.2,16.6,34.5,35.00000000000001,17619,54.8,34.2,6.7,4.4
10023,2016,2016_10023,33144,115080,199343,19048,2256,13517,972600,48939,1.279143423445514,1.640818161384581,7.192627556754328,7.552258934592043,2.2640429922965324,31.706818692658207,48.3642902388688,60307,8.2,12.3,39.9,29.299999999999997,33144,54.2,29.6,8.4,7.8
10024,2016,2016_10024,28809,118594,212125,17796,1947,10391,1272600,47208,2.516522623284189,2.967717336044738,6.757329266226063,6.827232672428401,2.334350110150822,34.36070157600407,44.23614641586172,58516,11.5,11.299999999999999,40.7,28.299999999999997,28809,46.9,31.2,9.3,12.6
10025,2016,2016_10025,42783,80025,136293,31035,1450,11059,963900,71046,4.696956901162627,4.581538721391774,9.697942178307011,10.06953241561805,2.9966500577090898,30.01294935675478,37.94443036905667,94717,13.0,17.6,34.3,27.4,42783,44.7,31.0,12.2,12.0
10026,2016,2016_10026,14803,52082,88932,11976,1045,2700,695400,27039,5.943267132660232,11.45382595510189,20.899441547394503,14.5345611893931,4.770886497281704,22.02744184326344,20.370575834905136,38540,13.700000000000001,18.799999999999997,39.7,18.4,14803,38.7,29.9,13.2,18.2
10027,2016,2016_10027,22933,42754,73563,19398,1063,3115,672600,39999,7.882697067426686,9.575239380984526,20.33300832520813,11.635290882272056,4.230105752643816,21.355533888347207,24.988124703117577,64120,18.8,24.8,31.8,18.200000000000003,22933,37.0,31.8,14.7,16.5
10028,2016,2016_10028,25837,111302,199223,16993,2187,8260,1155200,39645,1.4705511413797452,1.122461848909068,5.521503342161685,7.456173540169001,3.1908185143145418,42.30798335225123,38.93050826081473,48205,10.3,19.0,36.2,27.6,25837,48.9,32.6,8.7,9.8
10029,2016,2016_10029,30640,32500,63840,28366,911,1995,792400,53494,10.247878266721502,13.575354245335925,24.458817811343327,12.223800800089728,5.067858077541406,20.61726548771825,13.80902531124986,79411,18.8,19.4,33.3,21.7,30640,38.5,28.5,17.0,16.1
10030,2016,2016_10030,11878,33720,57119,10471,917,1089,531300,20871,8.835225911551914,14.532125916343253,25.887595227828086,16.736141056969,6.128120358392027,17.857313976330794,10.023477552584929,30358,15.5,19.799999999999997,38.8,17.3,11878,44.6,25.6,12.6,17.1
10031,2016,2016_10031,21881,41848,60308,18684,1174,2509,322500,43100,14.761020881670534,13.331786542923435,20.102088167053363,14.466357308584689,4.624129930394432,17.958236658932712,14.756380510440836,60778,13.9,22.0,38.4,19.4,21881,34.4,28.1,18.5,19.0
10032,2016,2016_10032,20140,40054,55460,18239,1131,1417,378100,46184,18.6298285120388,12.034470812402564,19.372509960159363,14.29715918932964,5.698943357006756,19.840204399792132,10.126883769270744,63189,12.799999999999999,23.5,35.2,21.400000000000002,20140,32.7,26.9,16.7,23.8
10033,2016,2016_10033,19426,46349,66376,16949,1294,2095,469700,41858,18.405083854938123,10.043480338286589,16.29079268001338,13.739309092646568,5.61421950403746,20.942233264847815,14.964881265230062,59353,14.3,20.3,35.099999999999994,22.5,19426,29.2,28.1,19.3,23.5
10034,2016,2016_10034,15841,45643,62248,14067,1232,1335,337100,30564,16.823714173537496,9.642062557256905,21.14252061248528,15.842167255594816,5.670069362648868,16.656851197487242,14.2226148409894,43951,16.1,16.2,37.699999999999996,21.900000000000002,15841,34.6,25.9,15.9,23.6
10035,2016,2016_10035,13480,26893,47836,12153,758,1167,472700,24005,13.58466986044574,18.242032909810455,23.091022703603414,15.292647365132265,5.1655905019787545,14.492813997083942,10.13122266194543,34187,15.8,17.7,37.4,21.7,13480,44.5,26.6,15.7,13.2
10036,2016,2016_10036,15568,83812,121970,13870,2053,1614,825800,21621,1.6049211414828175,3.0340872300078625,7.099579112899495,9.953286156977011,3.2792192775542297,44.7481615096434,30.28074557143518,25987,4.1,25.4,46.0,20.7,15568,62.9,26.9,7.1,3.1
10037,2016,2016_10037,9317,39463,54929,8640,1068,563,412000,14007,5.147426286856572,9.45241664881845,21.989005497251373,19.497394160062825,6.710930249161133,21.731991147283495,15.470836010566147,20112,17.4,14.8,34.6,22.8,9317,51.5,23.9,14.4,10.2
10038,2016,2016_10038,10048,82910,124754,7243,2185,2652,637000,16814,11.579636017604376,4.597359343404306,13.803972879743071,7.87439038896158,2.10538836683716,35.21470203401927,24.82455096943024,22300,12.600000000000001,23.4,35.4,22.3,10048,41.8,37.6,11.9,8.6
10039,2016,2016_10039,10856,32257,51355,9193,882,1338,390600,17375,7.505035971223021,12.8,25.956834532374103,16.402877697841728,9.335251798561153,17.53093525179856,10.469064748201438,27471,20.2,18.4,33.9,18.099999999999998,10856,36.7,27.7,18.7,16.8
10040,2016,2016_10040,16086,45811,59453,14153,1235,1660,356900,32780,16.384990848078097,13.767541183648566,16.232458816351432,15.387431360585724,5.118974984746797,19.78950579621721,13.319097010372175,45033,13.7,18.4,36.9,22.5,16086,35.1,28.6,16.1,20.3
10044,2016,2016_10044,4790,86483,116564,3968,2181,777,626900,9145,4.876981957353745,6.254784034991799,14.44505194095134,8.354291962821215,3.171131765992345,23.26954620010935,39.6282121377802,11731,7.2,17.7,38.900000000000006,27.9,4790,40.5,36.0,10.8,12.7
10065,2016,2016_10065,16468,118310,220482,10398,2251,5739,1370200,24380,0.51681706316653,0.5414273995077933,6.911402789171452,7.953240360951599,1.985233798195242,40.701394585726,41.39048400328138,30001,8.0,14.7,41.1,26.700000000000003,16468,51.9,29.8,11.0,7.3
10069,2016,2016_10069,2629,155702,243812,1958,3064,658,1539500,3971,1.158398388315286,0.0,5.6408964996222615,4.6839587005792,0.7806597834298665,38.17678166708637,49.55930496096701,5231,11.700000000000001,15.4,50.39999999999999,12.7,2629,46.7,28.8,10.3,14.1
10075,2016,2016_10075,12766,114481,204044,7248,2037,5111,835600,19275,0.5499351491569391,1.7639429312581063,5.686121919584955,7.631647211413749,5.115434500648509,38.26718547341115,40.985732814526585,23353,10.6,12.200000000000001,35.0,34.7,12766,52.3,30.7,7.8,9.2
10103,2016,2016_10103,0,-666666666,-666666666,0,-666666666,0,-666666666,0,,,,,,,,0,-1999999998.0,-1333333332.0,-3333333330.0,-3999999996.0,0,-666666666.0,-666666666.0,-666666666.0,-666666666.0
10110,2016,2016_10110,0,-666666666,-666666666,0,-666666666,0,-666666666,0,,,,,,,,0,-1999999998.0,-1333333332.0,-3333333330.0,-3999999996.0,0,-666666666.0,-666666666.0,-666666666.0,-666666666.0
10111,2016,2016_10111,0,-666666666,-666666666,0,-666666666,0,-666666666,0,,,,,,,,0,-1999999998.0,-1333333332.0,-3333333330.0,-3999999996.0,0,-666666666.0,-666666666.0,-666666666.0,-666666666.0
10112,2016,2016_10112,0,-666666666,-666666666,0,-666666666,0,-666666666,0,,,,,,,,0,-1999999998.0,-1333333332.0,-3333333330.0,-3999999996.0,0,-666666666.0,-666666666.0,-666666666.0,-666666666.0
10115,2016,2016_10115,0,-666666666,-666666666,0,-666666666,0,-666666666,0,,,,,,,,0,-1999999998.0,-1333333332.0,-3333333330.0,-3999999996.0,0,-666666666.0,-666666666.0,-666666666.0,-666666666.0
10119,2016,2016_10119,0,-666666666,-666666666,0,-666666666,0,-666666666,0,,,,,,,,0,-1999999998.0,-1333333332.0,-3333333330.0,-3999999996.0,0,-666666666.0,-666666666.0,-666666666.0,-666666666.0
10128,2016,2016_10128,32151,103817,176063,21497,2056,10252,926600,49998,1.2240489619584782,1.6920676827073082,7.560302412096484,6.384255370214809,2.6941077643105724,40.44361774470978,40.00160006400256,63006,10.4,16.7,39.8,25.099999999999998,32151,46.2,33.7,10.8,9.3
10152,2016,2016_10152,0,-666666666,-666666666,0,-666666666,0,-666666666,0,,,,,,,,0,-1999999998.0,-1333333332.0,-3333333330.0,-3999999996.0,0,-666666666.0,-666666666.0,-666666666.0,-666666666.0
10153,2016,2016_10153,0,-666666666,-666666666,0,-666666666,0,-666666666,0,,,,,,,,0,-1999999998.0,-1333333332.0,-3333333330.0,-3999999996.0,0,-666666666.0,-666666666.0,-666666666.0,-666666666.0
10154,2016,2016_10154,0,-666666666,-666666666,0,-666666666,0,-666666666,0,,,,,,,,0,-1999999998.0,-1333333332.0,-3333333330.0,-3999999996.0,0,-666666666.0,-666666666.0,-666666666.0,-666666666.0
10162,2016,2016_10162,625,178822,228730,625,2735,0,-666666666,948,0.0,0.0,0.0,5.063291139240507,5.168776371308017,32.91139240506329,56.856540084388186,1253,9.1,0.0,41.0,34.9,625,50.1,22.1,6.7,21.1
10165,2016,2016_10165,0,-666666666,-666666666,0,-666666666,0,-666666666,0,,,,,,,,0,-1999999998.0,-1333333332.0,-3333333330.0,-3999999996.0,0,-666666666.0,-666666666.0,-666666666.0,-666666666.0
10167,2016,2016_10167,0,-666666666,-666666666,0,-666666666,0,-666666666,0,,,,,,,,0,-1999999998.0,-1333333332.0,-3333333330.0,-3999999996.0,0,-666666666.0,-666666666.0,-666666666.0,-666666666.0
10168,2016,2016_10168,0,-666666666,-666666666,0,-666666666,0,-666666666,0,,,,,,,,0,-1999999998.0,-1333333332.0,-3333333330.0,-3999999996.0,0,-666666666.0,-666666666.0,-666666666.0,-666666666.0
10169,2016,2016_10169,0,-666666666,-666666666,0,-666666666,0,-666666666,0,,,,,,,,0,-1999999998.0,-1333333332.0,-3333333330.0,-3999999996.0,0,-666666666.0,-666666666.0,-666666666.0,-666666666.0
10170,2016,2016_10170,0,-666666666,-666666666,0,-666666666,0,-666666666,0,,,,,,,,0,-1999999998.0,-1333333332.0,-3333333330.0,-3999999996.0,0,-666666666.0,-666666666.0,-666666666.0,-666666666.0
10171,2016,2016_10171,0,-666666666,-666666666,0,-666666666,0,-666666666,0,,,,,,,,0,-1999999998.0,-1333333332.0,-3333333330.0,-3999999996.0,0,-666666666.0,-666666666.0,-666666666.0,-666666666.0
10172,2016,2016_10172,0,-666666666,-666666666,0,-666666666,0,-666666666,0,,,,,,,,0,-1999999998.0,-1333333332.0,-3333333330.0,-3999999996.0,0,-666666666.0,-666666666.0,-666666666.0,-666666666.0
10173,2016,2016_10173,0,-666666666,-666666666,0,-666666666,0,-666666666,0,,,,,,,,0,-1999999998.0,-1333333332.0,-3333333330.0,-3999999996.0,0,-666666666.0,-666666666.0,-666666666.0,-666666666.0
10174,2016,2016_10174,0,-666666666,-666666666,0,-666666666,0,-666666666,0,,,,,,,,0,-1999999998.0,-1333333332.0,-3333333330.0,-3999999996.0,0,-666666666.0,-666666666.0,-666666666.0,-666666666.0
10177,2016,2016_10177,0,-666666666,-666666666,0,-666666666,0,-666666666,0,,,,,,,,0,-1999999998.0,-1333333332.0,-3333333330.0,-3999999996.0,0,-666666666.0,-666666666.0,-666666666.0,-666666666.0
10199,2016,2016_10199,0,-666666666,-666666666,0,-666666666,0,-666666666,0,,,,,,,,0,-1999999998.0,-1333333332.0,-3333333330.0,-3999999996.0,0,-666666666.0,-666666666.0,-666666666.0,-666666666.0
10271,2016,2016_10271,0,-666666666,-666666666,0,-666666666,0,-666666666,0,,,,,,,,0,-1999999998.0,-1333333332.0,-3333333330.0,-3999999996.0,0,-666666666.0,-666666666.0,-666666666.0,-666666666.0
10278,2016,2016_10278,0,-666666666,-666666666,0,-666666666,0,-666666666,0,,,,,,,,0,-1999999998.0,-1333333332.0,-3333333330.0,-3999999996.0,0,-666666666.0,-666666666.0,-666666666.0,-666666666.0
10279,2016,2016_10279,0,-666666666,-666666666,0,-666666666,0,-666666666,0,,,,,,,,0,-1999999998.0,-1333333332.0,-3333333330.0,-3999999996.0,0,-666666666.0,-666666666.0,-666666666.0,-666666666.0
10280,2016,2016_10280,4800,146875,205169,3508,2936,1132,705400,7343,0.0,0.449407599073948,1.770393572109492,7.898679014026964,2.791774479095737,42.84352444504971,44.24622089064415,9845,14.0,10.2,50.300000000000004,17.100000000000005,4800,41.6,31.1,14.1,13.3
10282,2016,2016_10282,2434,250001,300988,2224,2974,210,1654400,3914,1.660705160960654,0.0,6.540623403168115,3.7046499744506898,2.401635155850792,42.590700051098615,43.101686254471126,5635,11.8,9.3,53.8,6.7,2434,30.7,30.8,18.7,19.8
10301,2016,2016_10301,14361,55700,76284,7897,1186,6331,421000,25463,6.676353925303381,7.889879432902642,26.26948906256136,17.452774614146016,6.829517338883871,18.84302713741507,16.038958488787653,39519,20.1,13.5,34.0,23.500000000000004,14361,31.8,27.3,16.1,24.8
10302,2016,2016_10302,6072,55864,70149,2579,1198,3400,363400,11844,5.116514690982776,9.692671394799056,36.94697737250929,20.018574805808846,6.999324552516042,14.437689969604865,6.788247213779129,17758,20.200000000000003,17.3,33.5,21.2,6072,27.7,21.8,14.9,35.6
10303,2016,2016_10303,8124,55198,65167,3182,972,4878,314200,15230,5.600787918581746,13.282994090610636,28.995403808273142,19.4747209455023,7.518056467498359,16.933683519369666,8.194353250164149,24562,22.5,17.4,33.099999999999994,19.5,8124,19.6,23.8,22.8,33.8
10304,2016,2016_10304,14669,53843,85549,6776,1072,7660,452000,27449,8.222521767641808,8.794491602608474,30.456482931982947,15.468687383875553,6.390032423767715,16.936864730955588,13.730919159167913,42054,20.9,14.9,31.799999999999997,24.8,14669,24.5,24.8,22.0,28.8
10305,2016,2016_10305,14563,74063,85898,4685,1195,9599,417600,29615,6.338004389667399,6.378524396420733,30.27857504642917,16.471382745230457,8.434914739152456,19.2571332095222,12.841465473577578,41533,16.6,13.6,35.599999999999994,26.3,14563,26.1,23.0,17.3,33.6
10306,2016,2016_10306,20271,78745,94409,5631,1232,14367,453600,39153,3.522080044951856,6.12469031747248,34.040814241565144,18.56818123770848,7.240824457895946,18.13909534390724,12.364314356498864,55031,17.9,12.2,33.6,28.799999999999994,20271,24.9,28.9,17.2,29.0
10307,2016,2016_10307,5128,77278,107562,1119,1175,3883,614200,10065,3.795330352707402,4.143070044709389,29.17039244908097,18.251366120218577,12.39940387481371,20.188772975658225,12.051664182811724,15275,20.700000000000003,15.100000000000001,37.8,19.5,5128,22.3,21.2,17.0,39.5
10308,2016,2016_10308,10667,87493,99017,1544,1365,8969,458700,21661,3.070033701121832,4.842805041318499,35.68163981348968,18.09704076450764,7.99593739901205,18.52176723142976,11.79077604912054,30347,17.0,13.8,34.7,27.200000000000003,10667,18.7,29.8,18.2,33.3
10309,2016,2016_10309,11247,93248,113839,1716,1339,9328,554000,22973,2.581291080834023,4.849170765681452,30.65337570191094,21.48609236930309,8.823401384233666,19.418447743002652,12.18822095503417,33459,19.7,12.2,35.8,25.199999999999996,11247,16.2,29.1,19.3,35.4
10310,2016,2016_10310,8304,69201,85787,3114,1086,5111,399500,15454,6.309046201630646,7.156723178465123,28.685130063414004,17.723566714119322,9.628575126180923,17.335317717095897,13.161640999094084,24250,22.8,13.4,33.5,22.200000000000003,8304,22.3,25.1,19.8,32.8
10311,2016,2016_10311,0,-666666666,-666666666,0,-666666666,0,-666666666,0,,,,,,,,0,-1999999998.0,-1333333332.0,-3333333330.0,-3999999996.0,0,-666666666.0,-666666666.0,-666666666.0,-666666666.0
10312,2016,2016_10312,21311,88567,105244,3048,1185,17968,480200,42733,2.585823602368193,4.652142372405401,31.540027613319914,18.943205485222197,7.551540963658063,22.01343224206117,12.713827720965062,60951,18.5,11.5,33.7,29.700000000000003,21311,17.0,30.1,21.1,31.7
10314,2016,2016_10314,31297,77761,95363,7852,1274,23008,443200,62700,3.842105263157895,5.912280701754386,32.28548644338118,17.596491228070175,8.47049441786284,18.40988835725678,13.483253588516748,88585,17.0,13.2,33.6,27.799999999999997,31297,22.2,29.1,19.3,29.5
10451,2016,2016_10451,18489,26419,43036,15953,965,2329,122200,29447,17.118891567901652,14.228953713451286,25.646076000950863,17.57734234387204,6.425102726933134,12.395150609569736,6.608483037321289,48289,22.8,16.1,32.2,19.700000000000003,18489,38.4,22.2,18.2,21.2
10452,2016,2016_10452,25765,25771,38071,24200,1065,779,265800,44365,18.706187309816297,17.042713851008678,26.464555392764566,16.94579060069875,7.807956722641722,10.120590555618168,2.9122055674518204,75288,24.3,16.4,34.300000000000004,16.4,25765,29.9,22.8,19.0,28.2
10453,2016,2016_10453,27240,22914,34188,25613,1057,899,380200,47495,17.1997052321297,16.250131592799242,29.04516264869986,16.73018212443415,7.533424571007474,10.060006316454364,3.181387514475208,80516,23.299999999999997,18.6,32.800000000000004,16.8,27240,29.9,22.4,20.7,26.9
10454,2016,2016_10454,12838,21553,33449,12007,705,732,392000,21434,23.084818512643466,20.27153121209293,26.85919567043016,15.54072968181394,5.262666791079593,6.783614817579546,2.197443314360362,38938,26.5,17.5,31.7,15.100000000000001,12838,28.9,24.3,17.2,29.7
10455,2016,2016_10455,14225,23962,35232,12909,851,1073,311600,25653,22.391143336062058,19.405137800647097,27.435387673956264,16.290492340077183,4.595953689626945,7.593653763692355,2.2882313959380967,42779,22.6,17.1,32.7,17.5,14225,30.0,23.4,20.0,26.7
10456,2016,2016_10456,29771,25868,37878,27328,948,1772,360300,54031,18.996502008106457,17.291925006015067,25.948066850511744,18.87249912087505,5.507949140308342,10.24596990616498,3.1370879680183603,92712,24.6,17.2,31.500000000000004,17.5,29771,27.9,23.4,19.3,29.4
10457,2016,2016_10457,24089,25967,38182,21968,1083,1583,377600,42870,18.67972941450898,18.572428271518547,26.249125262421277,18.105901562864474,5.612316305108467,8.41147655703289,4.3690226265453695,74010,25.0,16.5,32.400000000000006,16.099999999999998,24089,30.3,21.8,19.8,28.2
10458,2016,2016_10458,27000,30339,43596,25204,1143,1182,350600,46414,16.2106261041927,15.469470418408235,29.351057870470115,18.427629594518898,6.610074546473046,9.85047614943767,4.080665316499332,81698,23.900000000000002,19.7,32.1,15.299999999999999,27000,29.6,25.7,16.1,28.6
10459,2016,2016_10459,15870,24805,36940,13980,941,1456,373800,28219,20.837024699670437,16.293986321272904,28.25046954179808,16.988553811261916,6.743683333923952,8.115099755483895,2.771182536588823,47972,24.299999999999997,17.7,31.1,17.8,15870,28.4,21.3,19.8,30.5
10460,2016,2016_10460,19974,24086,36206,17537,964,2026,414600,36286,18.19710081022984,20.49550790938654,25.806096014992008,17.791985889874883,5.608223557294824,9.455437358760951,2.6456484594609493,60266,23.099999999999998,17.6,33.0,17.2,19974,26.3,24.3,21.8,27.6
10461,2016,2016_10461,18881,55332,71657,12680,1301,5817,441800,36071,9.015552660031604,10.410024673560478,29.081533641983864,18.543982700784564,6.484433478417566,16.09880513431843,10.365667710903496,50255,14.899999999999999,15.1,37.2,23.6,18881,31.9,29.2,15.7,23.1
10462,2016,2016_10462,29438,48315,59362,22451,1226,6597,239000,53140,11.336093338351525,10.10350018818216,28.268724124952957,17.647722995859993,8.33082423786225,15.540082800150545,8.773052314640573,78725,18.5,15.899999999999999,36.300000000000004,21.3,29438,33.8,26.7,16.1,23.5
10463,2016,2016_10463,27607,56568,79457,18582,1236,8641,272000,50235,9.45157758534886,9.457549517268836,20.3841942868518,16.52234497860058,5.137852095152782,21.025181646262567,18.02129989051458,71657,16.6,14.1,33.900000000000006,25.099999999999994,27607,34.2,29.6,17.3,18.9
10464,2016,2016_10464,1890,76917,92724,688,1251,1202,477700,3093,1.2932428063368897,5.528612997090203,30.13255738764953,16.876818622696412,9.279017135467184,19.560297445845457,17.32945360491432,4300,16.5,9.9,34.0,33.3,1890,41.3,33.1,9.7,15.9
10465,2016,2016_10465,15647,73068,86933,6696,1277,8698,440900,30997,8.868600187114883,8.287898828918927,30.728780204535923,18.1920831048166,9.333161273671646,14.90144207503952,9.688034325902509,44950,17.6,13.9,32.3,27.7,15647,28.1,30.1,16.0,25.8
10466,2016,2016_10466,23056,44354,60066,13931,1165,8757,398000,46570,9.44599527592871,11.301266910027916,30.72364182950397,18.05239424522225,8.65149237706678,15.797723856560015,6.027485505690359,71645,19.9,16.0,32.800000000000004,23.2,23056,25.6,24.8,19.6,30.0
10467,2016,2016_10467,35860,34964,46982,30736,1160,4288,347000,65954,14.009764381235406,13.98398884070716,29.13697425478364,17.046729538769444,6.833550656518179,12.949934803044547,6.039057524941626,103045,19.7,16.4,34.4,19.7,35860,30.5,25.0,18.7,25.9
10468,2016,2016_10468,25485,34988,45872,22810,1167,1992,189100,47069,16.828485839937112,15.362552847946631,28.730162102445345,16.75412692005354,5.43032569206909,12.337207078969174,4.557139518579107,75537,19.3,18.5,34.2,18.199999999999996,25485,28.1,24.1,20.7,27.2
10469,2016,2016_10469,21821,57124,71240,11203,1293,10439,421600,48557,10.342484090862284,9.67522705274214,27.684988776077603,17.309553720369873,9.967666865745413,15.622876207343946,9.397203286858744,71664,19.4,14.5,33.9,24.6,21821,22.2,27.6,17.8,32.5
10470,2016,2016_10470,5800,58839,71292,3439,1303,2245,413100,10603,9.204941997547865,7.47901537300764,31.19871734414788,14.703385834197867,6.092615297557296,18.598509855701217,12.722814297840234,14574,14.2,16.7,34.300000000000004,25.9,5800,35.0,29.6,17.8,17.6
10471,2016,2016_10471,8614,81594,109107,4305,1504,4253,322600,15448,4.019937856033144,4.382444329363024,15.361211807353705,14.726825479026411,4.809684101501813,25.97099948213361,30.728896944588296,21601,16.299999999999997,12.8,29.799999999999997,29.699999999999996,8614,42.4,31.2,12.4,14.1
10472,2016,2016_10472,21756,29934,41976,17911,1100,3110,417700,42380,21.27890514393582,18.09108069844266,26.28126474752241,17.994336951392167,5.655969797074092,8.107597923548845,2.590844738084002,68972,22.1,17.0,33.0,18.4,21756,25.3,23.7,19.1,31.9
10473,2016,2016_10473,20906,36686,52289,14651,893,6049,365600,39670,11.628434585328964,13.884547517015378,29.626922107385933,19.26896899420217,8.953869422737586,11.583060247038064,5.054197126291908,61818,20.9,16.5,31.799999999999997,23.799999999999997,20906,27.6,26.3,19.4,26.7
10474,2016,2016_10474,3542,26901,38389,3143,1094,246,382700,7469,20.72566608649083,17.646271254518677,24.42093988485741,16.521622707189717,9.88084080867586,8.52858481724461,2.2760744410228946,12793,24.9,17.5,37.6,11.799999999999999,3542,23.0,23.7,17.2,36.1
10475,2016,2016_10475,18664,46340,59127,10919,954,7693,28400,32380,7.390364422483015,7.013588634959851,27.90302655960469,24.002470660901796,8.440395305744286,15.111179740580605,10.138974675725756,44749,15.2,12.6,31.6,33.2,18664,42.7,25.4,15.1,16.8
11001,2016,2016_11001,9129,102306,122595,1681,1508,7317,489800,19471,3.3382979816136817,4.057316008422783,22.299830517179394,14.996661702018384,8.75661239792512,25.98222998305172,20.56905140978892,27650,18.6,13.2,32.3,28.000000000000004,9129,19.1,28.7,17.8,34.5
11003,2016,2016_11003,12064,91817,104815,2267,1644,9619,368600,31216,6.704894925679139,6.083418759610456,27.64928241927217,21.617119425935417,9.866735007688366,18.349564325986677,9.72898513582778,45480,18.799999999999997,16.4,34.2,24.900000000000002,12064,13.5,21.5,17.8,47.2
11004,2016,2016_11004,5103,91226,101875,1222,1412,3784,479700,11005,4.752385279418446,4.234438891412994,29.195820081781008,12.657882780554294,10.140845070422536,22.62607905497501,16.392548841435712,14722,11.2,16.6,31.9,30.7,5103,30.3,28.1,14.4,27.2
11005,2016,2016_11005,1405,63368,95190,115,2298,1290,436400,1926,0.5192107995846313,0.6230529595015576,24.039460020768438,24.76635514018692,3.374870197300104,25.75285565939772,20.924195223260643,1926,0.0,0.0,6.700000000000001,58.2,1405,64.5,35.5,0.0,0.0
11040,2016,2016_11040,12736,111035,133079,1069,1486,11577,552100,29309,3.991947865843257,4.513971817530452,23.927803746289538,15.111399228905798,6.4758265379235045,26.21379098570405,19.765259817803404,41381,17.900000000000002,11.4,32.7,29.400000000000002,12736,15.6,27.1,19.0,38.3
11101,2016,2016_11101,12034,51964,84580,9851,1322,2039,775900,19922,8.829434795703243,8.29735970284108,22.58809356490312,12.749723923300872,4.919184820801124,24.952314024696317,17.663889167754242,26505,12.3,18.2,43.800000000000004,19.299999999999997,12034,38.9,35.6,13.4,12.1
11102,2016,2016_11102,13874,56674,77573,11765,1529,1746,566500,25402,9.818124557121486,8.070230690496812,19.651995905834184,11.75497992284072,5.704275253917015,30.592079363829622,14.40831430596016,33750,12.1,22.4,40.900000000000006,18.1,13874,32.5,37.7,14.0,15.7
11103,2016,2016_11103,16460,62775,79165,13434,1531,2496,700800,30301,9.603643444110755,5.102141843503515,19.732022045477045,10.418798059469983,6.989868321177519,30.61285106102109,17.54067522524009,38861,10.100000000000001,24.7,40.3,19.2,16460,32.4,37.4,15.4,14.8
11104,2016,2016_11104,11500,57155,75541,9201,1447,1986,440400,20599,6.408078062041847,7.79164037089179,23.039953395795912,10.670420894218166,9.160638865964367,29.5645419680567,13.364726443031216,26102,10.8,14.899999999999999,44.4,23.299999999999997,11500,38.9,32.4,12.1,16.5
11105,2016,2016_11105,15398,62841,83883,11068,1574,3938,704200,28485,8.292083552747059,6.287519747235387,19.67702299455854,12.283658065648586,5.9961383184132,31.665789011760577,15.797788309636651,37297,11.0,21.3,40.9,20.099999999999998,15398,30.9,36.8,15.9,16.4
11106,2016,2016_11106,17232,56442,74291,13973,1462,3062,453000,30701,8.188658349890883,6.120321813621707,19.761571284322983,12.03869580795414,6.947656428129377,29.943650043972507,16.9994462721084,39409,11.0,19.4,43.2,19.7,17232,36.6,35.9,14.4,13.0
11109,2016,2016_11109,2736,133070,160515,2434,3000,278,386400,4181,0.0,0.3587658454915092,3.3723989476201863,8.682133460894523,2.678784979669936,40.25352786414733,44.654388902176514,4964,3.4,24.5,55.099999999999994,6.6,2736,44.4,40.7,9.6,5.3
11201,2016,2016_11201,26303,109472,161739,16197,2103,9537,794500,45717,3.180436161602905,3.9263293741934073,10.680928319881009,8.353566506988647,3.084191876107356,34.5145132007787,36.26003456044798,60061,10.8,17.299999999999997,44.699999999999996,18.3,26303,38.9,36.9,12.5,11.6
11203,2016,2016_11203,27479,46971,60740,15956,1208,10833,417400,52625,7.333016627078384,6.800950118764845,36.18622327790974,19.93729216152019,7.965795724465558,14.555819477434678,7.220902612826603,75920,17.700000000000003,14.1,32.6,27.6,27479,29.4,28.1,19.2,23.3
11204,2016,2016_11204,24307,47135,67554,14461,1261,8982,727400,50831,15.051838445043378,11.32379846943794,29.49578013417009,11.107395093545277,6.653420156990812,18.21329503649348,8.154472664319018,79332,21.1,12.9,32.300000000000004,22.8,24307,19.7,26.1,16.9,37.3
11205,2016,2016_11205,15604,47437,76078,12045,1229,3412,636000,26382,8.081267530892275,10.662572966416496,21.446440755060262,13.831400197104085,4.0254719126677285,23.59942384959442,18.353422788264727,44818,21.6,19.4,34.400000000000006,14.5,15604,32.1,30.5,14.2,23.2
11206,2016,2016_11206,30107,31549,52454,26562,942,3103,560300,52002,14.320603053728703,14.885965924387524,25.97977000884581,15.655167108957349,4.440213837929311,18.962732202607597,5.75554786354371,86486,22.2,21.4,30.299999999999997,17.0,30107,27.8,29.3,17.5,25.4
11207,2016,2016_11207,32120,35849,50551,23563,1079,7877,412400,58180,12.499140598143692,13.143691990374698,35.35751117222413,16.713647301478172,8.176349260914403,9.625300790649709,4.484358886215194,93251,21.4,17.9,32.6,19.8,32120,28.8,23.7,20.0,27.4
11208,2016,2016_11208,30641,37640,51662,22062,1171,7794,422300,58594,11.775949755947709,10.321875959995904,44.767382325835406,13.74543468614534,5.323070621565348,10.313342663071303,3.752943987438987,95715,22.1,16.6,34.1,18.099999999999998,30641,24.3,20.5,21.0,34.1
11209,2016,2016_11209,29451,65181,88531,18383,1402,10539,696300,50515,6.132831832129071,6.07344353162427,18.685538948827084,14.340294961892509,6.510937345342968,28.011481738097597,20.24547164208651,67822,14.1,13.899999999999999,37.4,26.5,29451,38.1,29.2,13.8,18.9
11210,2016,2016_11210,22251,59520,79990,12059,1223,9892,512700,43131,5.6664580000463705,5.351139551598618,30.26825253298092,17.470033154807446,6.570680021330366,21.689735920799425,12.983700818436857,68435,22.5,14.8,32.4,22.1,22251,23.9,25.8,18.1,32.2
11211,2016,2016_11211,38049,59190,91296,31362,1520,5989,843300,66031,7.700928351834745,9.209310778270812,19.79827656706698,13.566355196801505,3.442322545471067,30.846117732580154,15.43668882797474,99964,16.6,21.6,36.300000000000004,13.7,38049,30.0,34.7,14.5,20.8
11212,2016,2016_11212,31587,28495,42138,26272,956,4727,406000,55186,10.02609357445729,15.005617366723444,36.0816149023303,18.62972493023593,7.043453049686514,9.344761352516942,3.868734824049578,86469,20.8,15.7,33.8,20.2,31587,35.2,25.2,18.0,21.6
11213,2016,2016_11213,24471,37556,52377,20203,1131,3591,657600,41886,7.668433366757389,10.466504321252923,30.91725158764265,19.37162775151602,6.584538986773623,15.095736045456714,9.895907940600678,65434,19.9,17.2,33.3,20.500000000000004,24471,34.3,25.5,17.2,23.0
11214,2016,2016_11214,31716,52119,70142,20332,1246,10688,645000,66176,14.813527562862667,10.186472437137333,27.772908607350093,10.679098162475825,7.070539168278529,20.19463249516441,9.28282156673114,91728,15.600000000000001,14.5,35.3,25.4,31716,24.7,26.1,18.2,31.1
11215,2016,2016_11215,29007,108178,152435,17757,2000,10918,1000800,52078,3.669495756365452,3.771266177656592,7.815200276508315,8.153154883060026,3.16448404316602,35.490994277814046,37.93540458542955,69965,12.6,16.5,44.1,18.099999999999998,29007,27.2,35.7,18.7,18.4
11216,2016,2016_11216,23629,52239,73119,18182,1220,4979,802800,41171,5.863350416555342,9.958465910470965,21.150810036190524,14.920696606834907,5.365427121031794,26.1276140973015,16.613635811614973,55816,12.4,24.7,36.9,19.799999999999997,23629,37.4,31.3,16.3,14.9
11217,2016,2016_11217,16718,94970,140286,11346,1791,5192,991700,29947,4.938725080976392,6.344542024242829,11.079573913914585,7.9206598323705215,3.5763181620863524,33.65612582228604,32.48405516412328,38670,10.6,17.2,44.5,18.999999999999996,16718,33.8,35.9,15.4,14.8
11218,2016,2016_11218,24660,60821,81775,15608,1438,8493,624700,47917,10.138364254857358,8.481332303775279,20.324728175803997,12.511217313270864,5.84969843688044,23.227664503203457,19.46699501220861,74831,20.5,14.8,34.9,19.499999999999996,24660,25.5,26.6,17.1,30.7
11219,2016,2016_11219,26145,36573,54042,18648,1295,6640,787700,52853,16.006659981458007,17.162696535674417,33.28098688816151,11.709836716931868,4.128431687889052,11.471439653378235,6.239948536506915,96287,25.0,16.1,27.3,16.799999999999997,26145,16.7,24.0,15.1,44.3
11220,2016,2016_11220,28951,40576,57349,21554,1262,6867,720000,66817,24.3171647933909,24.50873280751905,20.430429381744165,8.180552853315772,3.995989044704192,12.273822530194412,6.2933085891315095,101006,18.900000000000002,17.2,36.9,17.5,28951,17.3,20.9,17.4,44.4
11221,2016,2016_11221,29570,43361,59842,22554,1254,6319,610600,54326,12.268527040459448,14.16448845856496,26.241578617972976,15.865331517137282,5.997128446784228,17.183300813606746,8.279645105474359,84034,17.9,21.799999999999997,34.3,17.7,29570,30.6,24.9,16.5,28.0
11222,2016,2016_11222,17058,73391,89022,13369,1781,3457,713400,29425,4.577740016992354,4.768054375531011,17.145284621920137,12.999150382327954,4.669498725573492,35.16737468139337,20.672897196261683,35695,7.6000000000000005,22.700000000000003,45.4,18.799999999999997,17058,38.6,36.4,14.1,11.0
11223,2016,2016_11223,27373,44647,68192,17122,1211,9525,656300,53342,11.746841138315023,10.068988789321736,28.85156162123655,11.70372314498894,7.301938435004311,19.187507030107607,11.139439841025832,79730,18.1,15.1,31.4,24.399999999999995,27373,25.3,26.1,16.4,32.1
11224,2016,2016_11224,18157,31371,54258,12869,744,5077,331000,31870,9.532475682459994,9.924694069657985,24.828992783181675,12.651396297458426,8.870411044869783,20.58989645434578,13.602133668026356,43444,15.5,12.899999999999999,27.099999999999998,35.6,18157,36.1,31.3,15.9,16.8
11225,2016,2016_11225,23481,48597,67083,19537,1261,3376,653600,42122,5.866293148473481,9.795356345852523,25.081904942785243,18.51526518209012,7.288352879730307,19.26309292056408,14.189734580504249,60323,15.5,18.8,35.2,22.799999999999997,23481,31.6,29.9,19.6,18.9
11226,2016,2016_11226,36399,45031,62046,30692,1242,4683,487800,68028,9.119774210619155,9.815076145116716,32.54248250720292,16.88716410889634,5.750573293349797,17.3119891809255,8.572940553889573,101787,18.9,16.9,34.9,20.999999999999996,36399,29.1,27.6,18.0,25.3
11228,2016,2016_11228,15265,63641,88523,6252,1344,8658,763100,32715,11.863059758520556,8.93779611798869,28.98058994345102,11.337307045697692,7.342197768607672,19.82271129451322,11.716338071221152,46164,16.5,12.5,35.6,25.899999999999995,15265,22.2,25.9,18.2,33.8
11229,2016,2016_11229,31024,55187,73608,15818,1205,14664,531300,58377,8.371447659180841,7.148363225242818,26.6731760796204,12.386727649588025,7.638282200181578,23.09813796529455,14.68386522089179,82914,16.9,13.2,32.1,28.7,31024,28.0,29.7,16.7,25.6
11230,2016,2016_11230,30668,43344,71266,21179,1275,8656,690900,55911,9.518699361485218,8.098585251560515,22.58052977052816,12.505589240042209,8.216630001251989,22.16200747616748,16.917958898964425,88933,21.099999999999998,14.6,29.3,23.6,30668,29.5,27.3,14.3,29.0
11231,2016,2016_11231,15468,84223,132314,11020,1666,4272,1053300,26851,6.249301701985028,7.306990428661875,14.07768798182563,10.01080034263156,2.3276600499050315,31.555621764552534,28.471937730438345,36302,14.5,11.5,44.8,20.3,15468,29.1,36.9,18.4,15.6
11232,2016,2016_11232,8927,47785,65712,6674,1357,2190,580000,19979,19.720706742079184,16.88773211872466,23.06421742829972,11.286851193753442,4.064267480854897,13.539216176985835,11.437008859302267,29387,17.9,19.299999999999997,41.4,14.9,8927,16.3,30.6,20.4,32.6
11233,2016,2016_11233,27723,35686,53718,20934,1114,6189,609500,45876,9.534397070363587,14.347371174470313,31.80966082483216,15.565873223471968,6.835818292789258,15.112477112215538,6.79440230185718,72159,20.2,17.0,35.1,18.9,27723,33.2,29.4,16.0,21.4
11234,2016,2016_11234,32050,75362,93442,10285,1336,21400,501700,65711,5.140691817199556,6.044650058589886,28.617735234587816,17.799150827106573,8.709348510903805,20.30253686597373,13.38588668563863,95546,19.3,12.8,32.599999999999994,27.5,32050,21.4,27.7,19.0,31.9
11235,2016,2016_11235,32421,45578,69630,18518,1207,13353,515000,58726,6.782345128222593,4.929673398494704,23.01535946599462,11.34591152130232,8.912577052753464,27.88543404965433,17.128699383577974,78237,14.100000000000001,11.600000000000001,33.8,30.999999999999996,32421,35.1,28.9,15.9,20.1
11236,2016,2016_11236,32786,60885,75684,16342,1305,15845,480300,67068,6.506828890081708,8.161865569272976,29.180831395002087,19.529432814456968,10.39243752609292,17.386831275720166,8.841772529373173,100049,19.200000000000003,15.4,33.9,24.2,32786,22.7,25.6,21.9,29.8
11237,2016,2016_11237,16785,46351,63128,15020,1357,1543,551100,34103,22.860158930299388,17.693458053543676,20.256282438495145,12.04292877459461,3.559804122804445,17.793156027328973,5.794211652933759,53678,18.7,24.700000000000003,37.2,12.399999999999999,16785,20.3,25.8,19.5,34.4
11238,2016,2016_11238,23996,75757,100446,16567,1560,7037,761500,41834,3.886790648754602,5.163264330448917,14.263517712865134,12.726490414495387,4.969641918057083,32.20108046086915,26.78921451450973,53992,10.5,18.7,42.0,21.1,23996,37.6,33.1,16.3,13.0
11239,2016,2016_11239,6456,24610,35611,6241,645,150,511900,9392,10.051107325383304,14.821124361158432,31.3458262350937,15.353492333901192,9.689097103918227,11.105195911413968,7.634156729131175,12468,14.6,11.9,27.5,36.4,6456,50.1,28.2,13.9,7.8
11351,2016,2016_11351,0,-666666666,-666666666,0,-666666666,0,-666666666,0,,,,,,,,0,-1999999998.0,-1333333332.0,-3333333330.0,-3999999996.0,0,-666666666.0,-666666666.0,-666666666.0,-666666666.0
11354,2016,2016_11354,20414,43660,62668,11493,1395,7974,438100,45211,12.393001703125346,13.34630952644268,27.816239410762865,12.72256751675477,11.503837561655349,14.695538696334962,7.522505584924024,58551,11.600000000000001,14.399999999999999,36.5,29.0,20414,24.2,30.5,22.0,23.3
11355,2016,2016_11355,27144,38451,54563,17786,1307,8496,527900,61669,15.271854578475407,14.42540011999546,29.043765911560104,9.085602166404517,10.7801326436297,13.695698000616192,7.697546579318621,82028,13.6,15.3,36.8,27.099999999999998,27144,22.5,26.1,22.0,29.4
11356,2016,2016_11356,7549,57849,75187,3633,1521,3684,575300,16303,11.231061767772802,9.992026007483286,34.65619824572165,15.009507452616084,7.293136232595228,15.512482365208855,6.305587928602098,24405,17.8,14.0,35.6,23.2,7549,17.4,25.9,20.3,36.5
11357,2016,2016_11357,14614,74255,92293,3503,1621,10895,620700,29027,7.830640438212698,6.528404588831088,25.78978192717126,15.461466910118164,7.909877011058669,22.83735832156268,13.64247080304544,39259,15.8,9.5,32.7,32.8,14614,26.4,31.5,16.9,25.2
11358,2016,2016_11358,13006,66173,87286,5235,1520,7240,659900,28194,8.015889905653685,7.281691139958857,25.31744342767965,14.751365538767114,10.371000922182024,20.93353195715401,13.329077108604666,37461,14.2,13.8,36.6,28.799999999999997,13006,20.1,33.8,19.3,26.8
11359,2016,2016_11359,0,-666666666,-666666666,0,-666666666,0,-666666666,0,,,,,,,,0,-1999999998.0,-1333333332.0,-3333333330.0,-3999999996.0,0,-666666666.0,-666666666.0,-666666666.0,-666666666.0
11360,2016,2016_11360,8345,82982,100007,2573,1949,5583,516600,15030,4.3047238855622085,3.087159015302728,21.09115103127079,13.466400532268796,7.531603459747173,28.5894876912841,21.929474384564205,19309,12.899999999999999,9.100000000000001,32.699999999999996,34.5,8345,35.7,32.8,16.6,14.9
11361,2016,2016_11361,10420,81846,95852,4264,1662,5875,605200,21637,6.932569210149281,4.307436335906087,21.85145815039053,14.992836345149511,9.594675786846606,25.0681702638998,17.252853907658178,29322,15.899999999999999,12.5,37.0,26.500000000000004,10420,26.0,29.0,19.0,25.9
11362,2016,2016_11362,7035,82827,97361,1152,1716,5681,509400,13811,4.7136340598074,4.322641372818768,17.99290420679169,16.559264354500037,8.348417927738758,27.181232351024548,20.8819057273188,18198,14.3,11.4,32.0,31.8,7035,28.4,34.0,15.2,22.4
11363,2016,2016_11363,2649,90443,119527,702,1777,1919,798900,5475,2.794520547945205,1.9360730593607305,21.53424657534247,14.75799086757991,9.497716894977168,27.086757990867586,22.39269406392694,7577,18.200000000000003,9.5,34.2,29.5,2649,21.7,31.4,17.7,29.1
11364,2016,2016_11364,13226,70408,91051,3437,1623,9601,507600,26158,6.101383897851518,4.721308968575579,22.03914672375564,14.332135484364247,8.483064454468996,26.053215077605323,18.2697453933787,35068,15.200000000000001,10.1,36.1,30.500000000000004,13226,28.6,29.0,18.5,23.9
11365,2016,2016_11365,15436,62509,81340,7595,1440,7667,620800,31646,7.195222144978828,6.161916197939708,25.49137331732289,15.881944005561524,9.969664412563988,20.249004613537256,15.05087530809581,44617,15.7,13.3,35.199999999999996,25.6,15436,23.1,28.9,22.1,25.9
11366,2016,2016_11366,4386,78223,100212,1271,1631,3015,669000,9717,4.682515179582176,5.979211690851086,21.148502624266747,12.092209529690232,8.768138314294536,28.83606051250386,18.49336214881136,14042,16.0,15.8,31.799999999999997,28.400000000000002,4386,16.1,31.0,21.8,31.1
11367,2016,2016_11367,14761,57310,75557,7481,1314,6948,409200,28325,8.345984112974405,6.06531332744925,25.186231244483672,11.844660194174756,9.383936451897618,22.01235657546337,17.16151809355693,42663,16.9,16.8,29.3,26.600000000000005,14761,26.2,27.5,21.2,25.1
11368,2016,2016_11368,28773,45980,57738,22027,1464,6326,493200,71593,27.696841870015227,11.907588730741832,31.85227606050871,11.453633735141704,5.353875378877823,8.390485103292221,3.3452991214224856,112982,19.299999999999997,18.1,36.3,16.0,28773,16.0,20.5,17.0,46.5
11369,2016,2016_11369,11025,51864,66832,5329,1391,5422,486300,25489,14.967240770528464,8.595864882890659,37.14543528580956,13.739260072972655,7.681745066499274,11.777629565695005,6.092824355604378,37823,17.1,17.200000000000003,35.4,22.499999999999996,11025,24.4,20.4,19.1,36.2
11370,2016,2016_11370,8670,53293,79793,4442,1545,4079,576200,24231,10.593867359993398,16.36746316701746,32.91238496141307,11.935124427386404,7.1561223226445465,12.719243943708472,8.315793817836656,34445,15.5,19.1,38.6,20.4,8670,22.1,25.5,17.9,34.6
11371,2016,2016_11371,0,-666666666,-666666666,0,-666666666,0,-666666666,0,,,,,,,,0,-1999999998.0,-1333333332.0,-3333333330.0,-3999999996.0,0,-666666666.0,-666666666.0,-666666666.0,-666666666.0
11372,2016,2016_11372,24326,52792,66921,16643,1347,7438,282100,47709,14.141985788844872,11.220105221237082,26.982330377916117,11.802804502295164,7.424175732042173,18.78052359093672,9.648074786727872,64109,14.1,14.3,40.300000000000004,23.9,24326,33.5,27.5,16.3,22.7
11373,2016,2016_11373,30989,45677,61210,21837,1386,8455,512800,69828,17.20370052128086,10.080483473678182,28.160623245689408,12.088274044795783,6.407171908117087,18.101621126195795,7.958125680242882,96616,14.5,15.2,38.699999999999996,23.599999999999998,30989,22.5,26.6,19.6,31.3
11374,2016,2016_11374,19271,55550,74378,11900,1389,6921,298900,34010,5.660099970596884,4.407527197882975,20.7321376065863,12.872684504557483,8.479858865039693,29.176712731549543,18.67097912378712,43158,10.8,13.4,34.9,32.8,19271,41.9,30.0,13.6,14.6
11375,2016,2016_11375,32354,72982,97809,15639,1600,16119,371800,54414,3.953026794574926,2.763994560223472,16.017936560444003,11.59260484434153,6.581026941595914,31.27136398720917,27.82004631161098,71159,13.2,9.5,39.9,26.799999999999997,32354,42.7,28.1,15.3,13.9
11377,2016,2016_11377,31603,51675,66425,21495,1412,9493,442500,66057,14.330048291626929,10.705905505851009,27.547421166568263,10.860317604493089,7.929515418502203,19.911591504306887,8.715200508651618,90883,15.4,15.200000000000001,40.6,21.8,31603,27.8,26.4,18.2,27.7
11378,2016,2016_11378,12506,61631,79080,5918,1447,6332,552700,23508,7.763314616300835,6.274459758380126,34.66054109239408,16.368895695082525,8.01003913561341,18.015143780840564,8.907605921388463,33270,17.200000000000003,12.9,36.8,24.400000000000002,12506,35.7,22.6,17.3,24.4
11379,2016,2016_11379,13456,75320,87982,4881,1400,8180,588400,27172,7.180185485058148,6.31532459885176,30.822169880759603,16.763580156042984,7.7653466804063,19.740909760047103,11.412483438834094,36082,15.799999999999999,10.3,36.199999999999996,30.200000000000003,13456,27.7,30.8,18.8,22.7
11385,2016,2016_11385,34919,60526,73244,23352,1337,10922,509100,70347,10.496538587288724,7.683341151719334,33.04902838784881,18.2765434204728,6.421027193768035,16.09592448860648,7.977596770295819,103372,17.7,16.9,37.1,20.4,34919,21.8,29.5,21.0,27.7
11411,2016,2016_11411,6034,81678,93405,843,1438,5117,402500,14164,3.960745552103925,5.535159559446484,27.753459474724657,22.50070601524993,9.24879977407512,18.38463710816153,12.61649251623835,19300,14.7,12.7,33.3,32.5,6034,20.4,28.1,19.3,32.2
11412,2016,2016_11412,11019,71995,83561,2863,1333,8026,392100,25426,5.887674034452922,6.107921025721702,32.12852985133328,22.13088964052545,10.780303626209392,14.406513018170378,8.558168803586879,37802,18.8,14.100000000000001,33.800000000000004,25.5,11019,17.8,25.1,19.8,37.3
11413,2016,2016_11413,12367,80758,94573,3212,1538,8888,415900,29010,4.043433298862461,6.9734574284729405,27.407790417097555,24.37435367114788,10.703205791106516,16.49775939331265,10.0,42699,19.4,13.899999999999999,34.8,24.400000000000002,12367,16.5,26.5,21.5,35.5
11414,2016,2016_11414,10477,70490,92838,2745,1532,7560,479900,20902,6.970624820591331,8.630753037986794,30.791311836187923,16.409912926992632,9.898574299110132,18.194431154913403,9.104391924217778,28247,16.1,9.600000000000001,33.5,31.3,10477,25.1,32.1,19.9,22.9
11415,2016,2016_11415,8324,64055,83408,5133,1432,3023,334600,14120,4.497167138810198,5.240793201133145,17.393767705382437,14.886685552407933,10.65155807365439,28.03824362606232,19.29178470254957,19308,15.5,14.0,37.3,24.999999999999996,8324,39.7,32.4,11.9,16.0
11416,2016,2016_11416,7173,59092,73037,4038,1384,3005,457700,17441,14.798463390860617,11.232154119603234,30.348030502838142,14.236569004070867,7.694512929304512,15.870649618714523,5.819620434608107,27144,20.4,16.299999999999997,35.3,20.400000000000002,7173,13.6,19.4,20.9,46.0
11417,2016,2016_11417,9264,66978,80408,3789,1389,5341,444600,21350,10.744730679156907,11.686182669789227,31.86416861826698,15.742388758782203,6.955503512880562,15.587822014051522,7.419203747072601,31742,18.3,16.4,36.0,22.000000000000004,9264,17.0,21.0,20.8,41.2
11418,2016,2016_11418,11062,63079,77312,6219,1395,4730,470400,25861,13.414021112872664,11.271799234368354,28.30903677351997,13.827771547890649,6.82108193805344,17.50512354510653,8.85116584818839,39908,20.4,16.3,36.300000000000004,19.0,11062,16.1,22.8,19.3,41.7
11419,2016,2016_11419,12673,62014,78361,5362,1419,7174,442100,35154,16.9852648347272,11.091198725607327,33.99897593445981,13.509131251066735,5.52710929055015,14.814814814814811,4.073505148773966,51642,17.3,17.9,36.2,22.000000000000004,12673,8.7,18.0,21.9,51.5
11420,2016,2016_11420,13321,61484,79070,4249,1401,8770,428800,33306,12.66738725755119,13.484056926679877,31.961208190716388,18.07482135350988,7.0407734342160575,12.3971656758542,4.374587161472408,50549,20.0,16.2,35.6,21.8,13321,14.2,19.3,21.4,45.2
11421,2016,2016_11421,12120,64544,81865,5094,1449,6761,430000,28790,14.32094477249045,9.725599166377217,30.29524140326502,15.73463007988885,8.322334143799932,15.349079541507468,6.252170892671066,43341,18.0,16.1,35.3,22.4,12120,16.5,22.2,20.0,41.3
11422,2016,2016_11422,9602,85436,95359,3364,1581,6169,412600,22544,3.867991483321505,7.602909865152591,26.97391767210788,23.522888573456356,10.242193044712565,17.840667139815473,9.94943222143364,33408,18.1,16.1,35.2,23.4,9602,16.2,24.0,23.0,36.8
11423,2016,2016_11423,9633,66070,82969,4044,1308,5451,441900,22140,10.338753387533876,8.306233062330623,28.035230352303525,17.000903342366758,8.139114724480578,19.462511291779585,8.717253839205059,31823,17.1,14.9,34.1,26.099999999999998,9633,22.2,25.8,17.0,35.0
11424,2016,2016_11424,0,-666666666,-666666666,0,-666666666,0,-666666666,0,,,,,,,,0,-1999999998.0,-1333333332.0,-3333333330.0,-3999999996.0,0,-666666666.0,-666666666.0,-666666666.0,-666666666.0
11425,2016,2016_11425,0,-666666666,-666666666,0,-666666666,0,-666666666,0,,,,,,,,0,-1999999998.0,-1333333332.0,-3333333330.0,-3999999996.0,0,-666666666.0,-666666666.0,-666666666.0,-666666666.0
11426,2016,2016_11426,6240,77487,91834,1355,1554,4768,479300,13776,4.29006968641115,6.837979094076655,31.72183507549361,14.895470383275262,6.220963995354239,20.39779326364692,15.63588850174216,19991,16.3,14.3,31.800000000000004,27.3,6240,22.1,25.6,19.1,33.2
11427,2016,2016_11427,7448,65494,90671,2843,1299,4440,466900,16576,6.400820463320462,7.414333976833977,29.19280888030888,15.769787644787645,9.62234555984556,19.28692084942085,12.312982625482626,22941,14.2,12.4,35.4,28.7,7448,25.3,26.1,18.5,30.1
11428,2016,2016_11428,5566,68675,77930,1796,1401,3597,432400,13860,9.076479076479076,9.271284271284271,35.649350649350644,15.974025974025974,12.734487734487734,12.474747474747474,4.81962481962482,19736,17.3,15.399999999999999,36.4,24.999999999999996,5566,12.8,22.0,24.0,41.3
11429,2016,2016_11429,7405,77037,85392,2052,1371,5208,393700,18681,6.894705850864515,7.943900219474333,30.448048819656336,22.407794015309676,10.679299823349927,14.512071088271504,7.114180183073711,26739,17.6,15.7,35.599999999999994,25.599999999999998,7405,15.0,25.4,20.6,38.9
11430,2016,2016_11430,0,-666666666,-666666666,0,-666666666,0,-666666666,147,0.0,42.85714285714285,20.40816326530612,25.170068027210885,0.0,7.482993197278912,4.081632653061225,179,0.0,27.299999999999997,54.8,15.7,0,-666666666.0,-666666666.0,-666666666.0,-666666666.0
11432,2016,2016_11432,18487,52277,73715,11425,1356,6768,541200,42028,13.866945845626724,7.994670219853431,21.561815932235653,12.629675454458932,8.020843247358904,22.95850385457314,12.967545445893212,64686,20.200000000000003,15.4,32.8,22.9,18487,25.3,21.3,17.3,36.2
11433,2016,2016_11433,10398,45820,61288,5895,1134,4378,375900,21765,10.608775557087066,11.69767976108431,33.820353779002986,18.364346427750977,8.633126579370549,11.320928095566275,5.554789800137836,34703,22.4,15.7,33.400000000000006,20.8,10398,24.1,22.2,15.9,37.7
11434,2016,2016_11434,20968,57454,70080,10338,1138,10288,380500,44252,5.226882400795444,8.666274970622796,32.84145349362741,23.22380909337431,7.748802314019705,15.077284642502034,7.215493085058303,66279,18.9,15.399999999999999,33.8,22.8,20968,28.7,21.5,21.0,28.8
11435,2016,2016_11435,18979,55268,68560,11847,1353,6683,340500,40466,12.55374882617506,9.8230613354421,27.49221568724361,14.634507982009588,7.727474917214451,18.286956951514853,9.482034300400336,57627,17.0,16.1,37.5,21.700000000000003,18979,25.1,28.3,17.6,28.9
11436,2016,2016_11436,5494,66837,80464,1592,1450,3834,369700,13350,8.014981273408239,11.161048689138577,33.47565543071161,21.49063670411985,7.97003745318352,11.655430711610489,6.232209737827716,20136,19.5,17.0,36.4,20.200000000000003,5494,14.9,22.1,25.1,37.9
11451,2016,2016_11451,0,-666666666,-666666666,0,-666666666,0,-666666666,0,,,,,,,,0,-1999999998.0,-1333333332.0,-3333333330.0,-3999999996.0,0,-666666666.0,-666666666.0,-666666666.0,-666666666.0
11691,2016,2016_11691,19869,41190,56524,14972,1089,4716,434800,38684,12.03081377313618,16.309068348671286,24.92244855754317,17.175059456105885,6.824526936201012,14.08851204632406,8.649570882018406,64946,22.1,14.3,29.699999999999996,21.100000000000005,19869,28.4,23.2,16.2,32.2
11692,2016,2016_11692,6298,42333,61431,3900,867,2229,356600,12190,10.762920426579162,15.857260049220672,24.14273995077933,17.686628383921246,9.507793273174734,14.372436423297785,7.670221493027071,19403,24.3,11.600000000000001,33.699999999999996,22.1,6298,22.7,29.0,21.3,27.0
11693,2016,2016_11693,4751,53829,66518,2318,924,2362,291500,8382,4.760200429491769,11.97804819852064,30.62514912908614,19.207826294440466,7.885946074922452,16.16559293724648,9.377236936292055,12021,16.0,14.9,36.5,25.0,4751,34.0,30.3,18.0,17.7
11694,2016,2016_11694,8150,79145,102487,3860,1250,4148,611300,15422,4.2925690571910255,6.704707560627675,21.62495136817533,20.470756062767475,7.975619245234081,22.052911425236672,16.878485280767734,21219,17.799999999999997,8.5,32.5,31.999999999999996,8150,36.4,30.6,13.7,19.3
11697,2016,2016_11697,1496,100909,120493,36,-666666666,1451,548100,2733,1.1708744968898646,2.012440541529455,21.07574094401756,21.55140870837907,6.98865715331138,26.16172703988292,21.039151115989757,3928,20.7,9.3,27.2,33.9,1496,28.3,33.1,11.0,27.5
10001,2015,2015_10001,11639,86801,158183,8401,1989,3161,575900,17148,4.292045719617448,3.633076743643573,13.494285047818988,9.732913459295546,2.1285281082341965,34.59295544669933,32.126195474690924,23537,12.899999999999999,23.0,38.5,22.2,11639,53.6,29.3,10.3,6.8
10002,2015,2015_10002,33348,33726,61946,28488,882,4524,578300,61588,21.556147301422357,10.495551081379489,20.581931545106187,9.47911930895629,5.080535169188803,22.84860687146847,9.958108722478404,80736,13.3,16.4,36.199999999999996,27.2,33348,40.6,29.7,14.4,15.3
10003,2015,2015_10003,27487,98151,161692,18961,2030,8210,913200,40870,1.7641301688279911,1.465622706141424,6.841203816980671,8.708098850012234,2.3929532664546125,42.53976021531686,36.28823097626621,57112,15.700000000000001,25.6,35.4,19.200000000000003,27487,56.3,31.8,7.2,4.7
10004,2015,2015_10004,1574,119691,177262,1007,2851,487,847500,2351,1.020842194810719,0.0,3.1050616758826037,7.783921735431731,2.041684389621438,47.55423224159932,38.494257762654186,3221,15.1,22.3,42.0,16.700000000000003,1574,50.1,26.2,9.3,14.4
10005,2015,2015_10005,4252,124194,176424,3585,2918,662,1332100,6256,0.2557544757033248,0.9111253196930948,2.5735294117647056,4.555626598465473,3.500639386189258,48.209718670076725,39.99360613810742,8131,5.8,43.1,44.49999999999999,3.0,4252,47.0,36.1,12.3,4.5
10006,2015,2015_10006,1745,123691,162688,1558,2824,162,817300,2393,0.5850396991224405,0.0,3.928123694107814,4.763894692854158,4.931048892603427,47.47179272879231,38.32010029251985,3110,3.0999999999999996,30.5,53.1,4.7,1745,53.4,35.4,3.5,7.8
10007,2015,2015_10007,2781,250001,441278,1707,3423,1055,1682200,5294,1.7944843218738191,3.4189648658859086,6.649036645258784,7.026822818284851,0.8500188893086513,38.32640725349452,41.93426520589346,6876,14.5,13.4,53.300000000000004,13.7,2781,35.9,36.1,13.0,15.0
10009,2015,2015_10009,29770,59090,85207,27580,1485,2039,659300,47374,8.992274243255794,5.961075695529193,13.311098915016675,9.77329336767003,3.860767509604425,36.425043272681215,21.676446996242664,60865,9.2,24.700000000000003,37.0,25.1,29770,48.7,31.1,12.2,8.0
10010,2015,2015_10010,16050,101718,154979,11807,2295,4086,729900,23742,2.00909780136467,2.068065032431977,7.206638025440148,7.73734310504591,4.089798669025356,40.86429112964367,36.02476623704827,31447,8.3,28.6,38.199999999999996,20.0,16050,55.8,31.1,8.2,4.9
10011,2015,2015_10011,29762,109818,196817,19082,2000,10294,926600,43960,2.211101000909918,2.402183803457689,6.025932666060055,8.048225659690628,3.030027297543221,40.07279344858963,38.20973612374886,52349,7.5,16.2,45.3,25.599999999999998,29762,56.1,30.5,8.0,5.3
10012,2015,2015_10012,12470,100859,141430,10349,2027,2073,1192300,19080,4.486373165618448,1.1582809224318658,7.426624737945493,5.361635220125787,1.981132075471698,44.03039832285116,35.55555555555556,24163,6.300000000000001,30.1,37.4,21.7,12470,55.1,28.9,9.8,6.2
10013,2015,2015_10013,11558,96667,242875,8062,1512,3327,2000001,20353,12.484645998132956,6.087554660246647,9.821647914312386,8.382056699258095,2.76617697636712,33.945855647816046,26.51206210386675,27415,11.100000000000001,18.700000000000003,37.0,24.200000000000003,11558,39.9,30.6,13.6,16.0
10014,2015,2015_10014,18786,113973,179375,12577,2281,5897,943400,26919,0.0965860544596753,1.0401575095657345,5.371670567257328,7.351684683680672,2.6746907388833168,48.08871057617296,35.37649986998031,30727,5.8,21.7,45.50000000000001,22.999999999999996,18786,61.2,27.9,6.8,4.2
10016,2015,2015_10016,28390,104826,152944,19452,2327,8608,746900,40167,1.6257126496875545,1.879652451017004,6.998282171932183,8.033958224413075,2.9750790449871785,43.78469888216695,34.70261657579605,50641,6.5,29.0,37.7,20.9,28390,57.8,27.7,9.4,5.1
10017,2015,2015_10017,10157,106421,160725,6371,2218,3740,607300,14180,0.6629055007052186,0.930888575458392,4.964739069111425,8.533145275035261,2.559943582510578,45.48660084626234,36.86177715091679,16472,3.2,25.1,40.9,25.3,10157,60.9,28.9,7.9,2.3
10018,2015,2015_10018,4712,105500,144419,4171,2784,451,932700,7319,3.9076376554174073,2.008471102609646,9.687115726192102,8.607733296898482,3.2244842191556224,42.41016532313158,30.154392676595165,9168,4.8,37.7,43.3,10.200000000000001,4712,48.4,36.5,10.5,4.6
10019,2015,2015_10019,23146,94022,144753,18534,2169,4248,846600,33543,3.0975166204573235,3.2585040097784934,9.495274721998628,9.17329994335629,3.625197507676713,37.75750529171511,33.59270190501744,38830,4.9,20.1,43.9,25.800000000000004,23146,59.7,29.3,7.2,3.9
10020,2015,2015_10020,0,-666666666,-666666666,0,-666666666,0,-666666666,0,,,,,,,,0,-1999999998.0,-1333333332.0,-3333333330.0,-3999999996.0,0,-666666666.0,-666666666.0,-666666666.0,-666666666.0
10021,2015,2015_10021,23739,115076,218180,13930,1913,9309,1138700,35395,0.457691764373499,1.870320666760842,6.534821302443848,7.893770306540472,3.3338042096341294,39.1072185336912,40.802373216556006,43573,10.2,12.899999999999999,37.800000000000004,30.1,23739,51.4,32.3,7.2,9.1
10022,2015,2015_10022,17892,126378,234492,8985,2259,8694,868600,26515,0.4902885159343767,1.3350933433905336,4.499339996228549,9.945313973222705,2.590986234207053,42.67018668678107,38.46879125023572,30607,4.5,15.299999999999999,36.5,34.4,17892,55.7,32.9,7.2,4.2
10023,2015,2015_10023,32755,111478,188600,19325,2173,12899,883700,48957,1.2439487713707948,1.7219192352472577,6.90810302918888,7.059256081867761,1.846518373266336,33.110688971954986,48.10956553710399,60586,8.7,12.399999999999999,39.8,28.900000000000002,32755,52.6,29.9,9.7,7.8
10024,2015,2015_10024,28675,113839,202005,17741,1849,10297,1121600,46780,2.7725523728088928,2.823856348867037,6.951688755878581,7.84523300555793,2.364258230012826,34.031637451902526,43.21077383497221,58391,11.4,11.600000000000001,41.4,27.4,28675,46.4,31.3,8.8,13.5
10025,2015,2015_10025,43456,74065,124739,32222,1428,10481,972000,71927,5.066247723386211,5.13437234974349,9.313609631987989,9.78631112099768,2.890430575444548,29.007187843229943,38.801840755210144,96068,11.8,19.4,33.7,26.8,43456,45.8,30.9,11.8,11.5
10026,2015,2015_10026,14527,47264,79815,11836,992,2554,644800,26403,7.071166155361134,11.695640646896186,21.6263303412491,13.309093663598834,5.196379199333409,22.448206643184488,18.65318335037685,38310,14.5,19.1,38.3,18.9,14527,38.4,29.2,13.3,19.1
10027,2015,2015_10027,22937,40782,70034,19370,1026,3239,672400,39772,8.15900633611586,9.924067182942771,20.66026350196118,12.114050085487277,4.686714271346676,20.15236850045258,24.30353012169365,64413,19.0,24.700000000000003,31.800000000000004,17.6,22937,36.6,30.7,15.0,17.7
10028,2015,2015_10028,24941,114939,203678,16235,2081,8164,1175100,37913,0.6620420436261969,1.2291298499195529,5.441405322712526,7.3563157755914865,2.9752327697623504,41.96977290111572,40.36610133727218,46883,10.2,18.4,36.1,27.5,24941,48.7,32.7,9.0,9.6
10029,2015,2015_10029,30115,31350,60756,28023,886,1867,799900,53319,11.050469813762447,13.462368011403065,26.296442168832872,11.793169414280086,4.838800427614921,19.325193645792307,13.233556518314296,79251,18.8,19.299999999999997,33.5,21.3,30115,38.3,28.9,15.3,17.5
10030,2015,2015_10030,11891,33196,53229,10434,905,1245,500500,20245,8.560138305754506,13.7070881699185,25.04322054828353,17.554951839960484,6.648555198814522,17.72289454186219,10.763151395406274,29209,15.799999999999999,20.1,37.400000000000006,18.900000000000002,11891,43.9,27.6,13.5,15.0
10031,2015,2015_10031,21191,39774,56924,18172,1150,2205,333400,42037,14.037633513333493,13.873492399552775,20.391559816352263,16.081071437067347,4.731546018983276,17.727240288317432,13.157456526393416,59244,13.9,22.4,38.0,19.400000000000002,21191,35.4,26.9,18.0,19.7
10032,2015,2015_10032,20243,37280,52050,18404,1109,1352,413400,44308,19.56757244741356,12.345400379164031,20.273991152839216,14.383407059673198,5.552044777466823,18.16376275164756,9.713821431795612,62685,13.399999999999999,22.9,34.8,21.1,20243,33.1,26.5,16.3,24.1
10033,2015,2015_10033,19548,44933,64437,17199,1240,2003,457800,42366,18.96331964311004,10.29363168578577,16.718595099844215,14.235471840626918,5.683803049615258,19.879148373695887,14.22603030732191,59844,13.7,19.6,36.9,21.900000000000002,19548,28.1,28.6,20.1,23.2
10034,2015,2015_10034,15462,42581,59635,13612,1159,1396,344100,30206,17.60908428788982,9.690127789180956,20.522412765675693,15.132755081771837,5.108256637754089,18.31755280407866,13.619810633648942,43405,15.899999999999999,17.3,36.6,21.799999999999997,15462,32.5,27.4,16.6,23.6
10035,2015,2015_10035,12999,27424,47759,11813,770,1070,437600,23380,15.585970915312233,19.225834046193327,22.112917023096664,15.04704875962361,5.06415739948674,13.665526090675792,9.298545765611632,33920,15.899999999999999,19.0,36.6,20.4,12999,43.6,26.3,15.0,15.0
10036,2015,2015_10036,15455,75966,115834,13699,1965,1613,809200,21516,2.2123071202825804,2.6863729317717047,9.04443205056702,11.168432794199664,2.5608849228481128,42.38241308793456,29.94515709239636,25799,4.199999999999999,26.5,44.7,21.600000000000005,15455,63.5,26.2,7.0,3.3
10037,2015,2015_10037,9109,35491,50691,8413,1047,632,356800,13223,5.73999848748393,8.870906753384254,21.08447402253649,19.624896014520157,6.44331846025864,21.68948045072979,16.546925811086744,18777,17.6,14.3,34.3,23.4,9109,54.3,23.3,12.8,9.6
10038,2015,2015_10038,9780,76379,122181,7056,2051,2531,607100,15945,11.019128253370964,5.217936657259329,11.49576669802446,8.27845719661336,1.6933207902163687,38.0244590780809,24.27093132643462,21464,13.2,24.5,34.5,20.8,9780,43.5,37.2,11.0,8.3
10039,2015,2015_10039,10631,33558,52332,9026,859,1355,395800,16950,8.4070796460177,13.368731563421829,24.820058997050147,17.05604719764012,9.368731563421829,17.646017699115042,9.333333333333334,26697,19.599999999999998,18.8,35.699999999999996,16.8,10631,36.7,27.6,19.1,16.7
10040,2015,2015_10040,16002,46200,59397,14240,1228,1545,351400,32397,15.908880451893696,12.593758681359384,17.464580053708676,15.362533567922956,4.55289069975615,20.143840479056703,13.973516066302436,44378,13.3,19.200000000000003,36.4,23.299999999999997,16002,34.8,28.4,16.5,20.3
10044,2015,2015_10044,4622,91383,116875,4002,2145,566,602000,9317,3.9819684447783614,7.266287431576687,13.684662444993023,11.151658259096276,2.575936460233981,20.68262316196201,40.65686379735966,11783,6.800000000000001,16.4,40.300000000000004,28.0,4622,38.1,38.5,9.6,13.8
10065,2015,2015_10065,16742,112869,205447,10706,2143,5734,1139900,24671,0.2310404928863848,0.7174415305419318,6.647480847959142,7.721616472781808,2.188804669449961,41.36435491062381,41.129261075756965,30237,7.699999999999999,15.899999999999999,41.4,25.8,16742,52.6,30.1,11.0,6.3
10069,2015,2015_10069,2850,163750,231265,2135,3075,701,1628000,4375,0.8685714285714287,0.0,3.451428571428571,4.114285714285714,1.76,43.74857142857143,46.05714285714286,5526,8.7,15.2,51.7,14.5,2850,46.0,37.1,6.2,10.7
10075,2015,2015_10075,14145,111691,205405,7653,1999,6107,778300,21440,0.4197761194029851,1.655783582089552,5.3638059701492535,7.933768656716418,3.941231343283582,40.74626865671642,39.93936567164179,25756,9.5,12.3,35.3,35.3,14145,51.3,32.5,7.5,8.6
10103,2015,2015_10103,0,-666666666,-666666666,0,-666666666,0,-666666666,0,,,,,,,,0,-1999999998.0,-1333333332.0,-3333333330.0,-3999999996.0,0,-666666666.0,-666666666.0,-666666666.0,-666666666.0
10110,2015,2015_10110,0,-666666666,-666666666,0,-666666666,0,-666666666,0,,,,,,,,0,-1999999998.0,-1333333332.0,-3333333330.0,-3999999996.0,0,-666666666.0,-666666666.0,-666666666.0,-666666666.0
10111,2015,2015_10111,0,-666666666,-666666666,0,-666666666,0,-666666666,0,,,,,,,,0,-1999999998.0,-1333333332.0,-3333333330.0,-3999999996.0,0,-666666666.0,-666666666.0,-666666666.0,-666666666.0
10112,2015,2015_10112,0,-666666666,-666666666,0,-666666666,0,-666666666,0,,,,,,,,0,-1999999998.0,-1333333332.0,-3333333330.0,-3999999996.0,0,-666666666.0,-666666666.0,-666666666.0,-666666666.0
10115,2015,2015_10115,0,-666666666,-666666666,0,-666666666,0,-666666666,0,,,,,,,,0,-1999999998.0,-1333333332.0,-3333333330.0,-3999999996.0,0,-666666666.0,-666666666.0,-666666666.0,-666666666.0
10119,2015,2015_10119,0,-666666666,-666666666,0,-666666666,0,-666666666,0,,,,,,,,0,-1999999998.0,-1333333332.0,-3333333330.0,-3999999996.0,0,-666666666.0,-666666666.0,-666666666.0,-666666666.0
10128,2015,2015_10128,31920,100200,172532,21714,1962,9902,919300,48641,1.975699512756728,2.080549330811455,6.29715671963981,7.446392960671039,2.8083304208383875,39.86348964865032,39.52838140663226,61927,10.899999999999999,17.4,38.699999999999996,24.999999999999996,31920,46.9,33.5,9.6,10.0
10152,2015,2015_10152,0,-666666666,-666666666,0,-666666666,0,-666666666,0,,,,,,,,0,-1999999998.0,-1333333332.0,-3333333330.0,-3999999996.0,0,-666666666.0,-666666666.0,-666666666.0,-666666666.0
10153,2015,2015_10153,0,-666666666,-666666666,0,-666666666,0,-666666666,0,,,,,,,,0,-1999999998.0,-1333333332.0,-3333333330.0,-3999999996.0,0,-666666666.0,-666666666.0,-666666666.0,-666666666.0
10154,2015,2015_10154,0,-666666666,-666666666,0,-666666666,0,-666666666,0,,,,,,,,0,-1999999998.0,-1333333332.0,-3333333330.0,-3999999996.0,0,-666666666.0,-666666666.0,-666666666.0,-666666666.0
10162,2015,2015_10162,671,193510,216132,671,3009,0,-666666666,946,0.0,0.0,0.0,5.391120507399577,5.179704016913319,42.917547568710354,46.51162790697674,1289,8.899999999999999,0.0,46.800000000000004,26.4,671,58.4,13.3,6.9,21.5
10165,2015,2015_10165,0,-666666666,-666666666,0,-666666666,0,-666666666,0,,,,,,,,0,-1999999998.0,-1333333332.0,-3333333330.0,-3999999996.0,0,-666666666.0,-666666666.0,-666666666.0,-666666666.0
10167,2015,2015_10167,0,-666666666,-666666666,0,-666666666,0,-666666666,0,,,,,,,,0,-1999999998.0,-1333333332.0,-3333333330.0,-3999999996.0,0,-666666666.0,-666666666.0,-666666666.0,-666666666.0
10168,2015,2015_10168,0,-666666666,-666666666,0,-666666666,0,-666666666,0,,,,,,,,0,-1999999998.0,-1333333332.0,-3333333330.0,-3999999996.0,0,-666666666.0,-666666666.0,-666666666.0,-666666666.0
10169,2015,2015_10169,0,-666666666,-666666666,0,-666666666,0,-666666666,0,,,,,,,,0,-1999999998.0,-1333333332.0,-3333333330.0,-3999999996.0,0,-666666666.0,-666666666.0,-666666666.0,-666666666.0
10170,2015,2015_10170,0,-666666666,-666666666,0,-666666666,0,-666666666,0,,,,,,,,0,-1999999998.0,-1333333332.0,-3333333330.0,-3999999996.0,0,-666666666.0,-666666666.0,-666666666.0,-666666666.0
10171,2015,2015_10171,0,-666666666,-666666666,0,-666666666,0,-666666666,0,,,,,,,,0,-1999999998.0,-1333333332.0,-3333333330.0,-3999999996.0,0,-666666666.0,-666666666.0,-666666666.0,-666666666.0
10172,2015,2015_10172,0,-666666666,-666666666,0,-666666666,0,-666666666,0,,,,,,,,0,-1999999998.0,-1333333332.0,-3333333330.0,-3999999996.0,0,-666666666.0,-666666666.0,-666666666.0,-666666666.0
10173,2015,2015_10173,0,-666666666,-666666666,0,-666666666,0,-666666666,0,,,,,,,,0,-1999999998.0,-1333333332.0,-3333333330.0,-3999999996.0,0,-666666666.0,-666666666.0,-666666666.0,-666666666.0
10174,2015,2015_10174,0,-666666666,-666666666,0,-666666666,0,-666666666,0,,,,,,,,0,-1999999998.0,-1333333332.0,-3333333330.0,-3999999996.0,0,-666666666.0,-666666666.0,-666666666.0,-666666666.0
10177,2015,2015_10177,0,-666666666,-666666666,0,-666666666,0,-666666666,0,,,,,,,,0,-1999999998.0,-1333333332.0,-3333333330.0,-3999999996.0,0,-666666666.0,-666666666.0,-666666666.0,-666666666.0
10199,2015,2015_10199,0,-666666666,-666666666,0,-666666666,0,-666666666,0,,,,,,,,0,-1999999998.0,-1333333332.0,-3333333330.0,-3999999996.0,0,-666666666.0,-666666666.0,-666666666.0,-666666666.0
10271,2015,2015_10271,0,-666666666,-666666666,0,-666666666,0,-666666666,0,,,,,,,,0,-1999999998.0,-1333333332.0,-3333333330.0,-3999999996.0,0,-666666666.0,-666666666.0,-666666666.0,-666666666.0
10278,2015,2015_10278,0,-666666666,-666666666,0,-666666666,0,-666666666,0,,,,,,,,0,-1999999998.0,-1333333332.0,-3333333330.0,-3999999996.0,0,-666666666.0,-666666666.0,-666666666.0,-666666666.0
10279,2015,2015_10279,0,-666666666,-666666666,0,-666666666,0,-666666666,0,,,,,,,,0,-1999999998.0,-1333333332.0,-3333333330.0,-3999999996.0,0,-666666666.0,-666666666.0,-666666666.0,-666666666.0
10280,2015,2015_10280,4588,145432,193651,3364,2890,1115,720300,7288,0.3979143798024149,0.7821075740944018,1.8523600439077932,7.436882546652031,3.2244785949506034,44.25082327113062,42.05543358946213,9552,11.399999999999999,11.5,50.2,18.5,4588,38.1,35.3,15.4,11.2
10282,2015,2015_10282,2439,250001,318142,2234,3084,205,2000001,3855,0.7263294422827496,0.0,6.121919584954604,1.9714656290531776,4.020752269779507,43.060959792477306,44.09857328145266,5730,10.899999999999999,8.299999999999999,53.49999999999999,5.1,2439,34.8,25.1,16.9,23.2
10301,2015,2015_10301,14063,54605,75227,7685,1168,6252,409300,24902,6.826760902738736,7.585736085454983,26.499879527748774,18.18327845153,7.505421251305116,18.536663721789417,14.862260059432977,39209,20.2,15.2,33.0,22.6,14063,32.2,27.6,15.4,24.8
10302,2015,2015_10302,6017,54170,70739,2440,1168,3468,356500,11657,6.631208715793085,9.676589173886937,36.49309427811615,20.468388092991336,6.511109204769666,13.77712962168654,6.442480912756284,18286,21.6,16.1,33.699999999999996,19.5,6017,25.9,20.8,16.9,36.4
10303,2015,2015_10303,8029,52553,62834,3325,958,4651,304600,14839,6.489655637172316,11.894332502190174,31.10721746748433,17.851607251162477,9.138082081002764,15.728822696947232,7.790282364040703,23933,22.0,17.2,33.2,19.4,8029,19.1,25.3,22.7,32.9
10304,2015,2015_10304,14564,54106,82916,6693,1074,7735,423200,27081,7.887448764816661,9.15032679738562,30.205679258520732,15.90783205937742,7.429563162364758,16.31032827443595,13.108821683098853,42244,21.3,14.5,32.7,22.7,14564,23.7,25.9,20.9,29.5
10305,2015,2015_10305,14931,72782,82951,4768,1195,9813,409500,29611,6.257809597784607,6.112593293032995,31.33295059268515,15.646212556144675,8.196278410050319,19.72577758265509,12.72837796764716,41795,16.7,13.3,35.8,25.8,14931,25.7,24.6,17.6,32.0
10306,2015,2015_10306,20215,79686,95618,5535,1195,14423,449500,39122,3.821379275088186,6.07842134860181,33.063238075763,19.048105925054955,7.213332651704923,18.319615561576608,12.45590716221052,54939,17.7,12.7,34.5,27.6,20215,25.3,27.8,18.2,28.8
10307,2015,2015_10307,5110,76857,96729,1037,1203,3967,582300,9771,3.131716303346637,3.9607000307031006,29.515914440691844,19.16896939924266,11.03264763074404,18.626547948009414,14.563504247262308,15098,21.9,12.5,38.2,20.900000000000002,5110,20.9,23.0,16.2,39.9
10308,2015,2015_10308,10675,87174,98769,1547,1245,8922,450600,21647,3.2614219060377883,5.150829214209821,37.01205709798124,17.937820483207833,7.400563588488013,17.87314639441955,11.36416131565575,29766,16.0,13.7,35.6,28.0,10675,20.8,27.5,21.0,30.7
10309,2015,2015_10309,11052,87509,109210,2075,1235,8746,541600,22509,2.918832467013195,6.3130303434181885,31.871695766137996,18.71695766137989,8.3388866675552,19.03682971255942,12.803767381936115,33185,20.7,11.8,37.8,23.6,11052,18.4,26.6,19.6,35.3
10310,2015,2015_10310,8304,68080,84186,3121,1061,5039,410800,15397,5.052932389426512,7.995063973501332,29.843476001818537,18.432162109501853,8.085990777424174,18.22432941482107,12.366045333506529,24394,22.5,13.8,34.5,20.7,8304,22.5,23.7,21.0,32.9
10311,2015,2015_10311,0,-666666666,-666666666,0,-666666666,0,-666666666,0,,,,,,,,0,-1999999998.0,-1333333332.0,-3333333330.0,-3999999996.0,0,-666666666.0,-666666666.0,-666666666.0,-666666666.0
10312,2015,2015_10312,21530,84584,102797,3165,1215,18018,470800,43436,3.075789667556865,4.615986739110416,33.40316787917856,18.364950732111613,6.76627682107008,20.83755410258772,12.93627405838475,62032,18.6,12.2,33.3,29.6,21530,17.1,30.0,20.5,32.4
10314,2015,2015_10314,31294,77331,93457,7946,1199,22966,431200,62315,3.729439139853968,6.077188477894568,32.06451095241916,18.45623044210864,8.659231324721175,18.257241434646552,12.756158228355934,87600,17.3,12.7,34.2,27.799999999999997,31294,21.7,29.4,19.6,29.2
10451,2015,2015_10451,18140,26048,40836,15598,931,2308,161800,29327,18.893852081699457,15.75340130255396,25.021311419511036,16.367170184471647,6.751457701094554,11.35131448835544,5.861492822313909,48188,22.5,16.1,32.4,19.2,18140,37.7,22.3,18.2,21.8
10452,2015,2015_10452,25432,24790,36083,23908,1044,846,306000,43903,18.700316607065577,16.386123955082795,27.46737125025625,16.7460082454502,7.878732660638225,9.714598091246613,3.1068491902603466,75559,24.8,15.8,34.6,15.6,25432,28.2,22.4,20.3,29.1
10453,2015,2015_10453,26802,23095,33354,25127,1028,943,441300,48013,17.897236165205257,16.10813737945973,28.900506112927747,16.018578301709955,8.064482535979838,9.270405931726824,3.7406535729906487,80081,23.200000000000003,17.299999999999997,34.1,16.8,26802,28.2,24.2,20.4,27.2
10454,2015,2015_10454,12790,20210,31533,11985,673,696,373500,21278,24.2410000939938,19.29222671303694,27.40389134317135,14.77112510574302,5.291850737851302,6.588965128301533,2.4109408779020582,39012,26.9,17.3,32.0,14.500000000000002,12790,27.8,24.1,17.6,30.5
10455,2015,2015_10455,14023,23253,32854,12743,796,1032,291800,25046,25.46913678830951,19.943304320051105,25.68474007825601,14.405493891240118,4.411882136868162,7.921424578775054,2.16401820650004,41609,22.6,16.9,33.1,17.299999999999997,14023,31.9,22.5,18.6,26.9
10456,2015,2015_10456,29255,23956,35722,26835,927,1780,368000,52990,19.924514059256463,18.784676354029063,26.031326665408567,17.90715229288545,5.061332326854124,9.390451028495942,2.9005472730703907,91868,24.799999999999997,17.1,31.7,16.9,29255,27.8,24.0,18.4,29.9
10457,2015,2015_10457,23749,24750,36604,21749,1060,1554,378300,42287,20.701397592640763,18.08357178329037,25.887388559131647,17.452172062335944,5.547804289734434,8.104145482063045,4.223520230803793,73763,24.799999999999997,16.200000000000003,33.0,15.7,23749,30.0,21.3,18.6,30.1
10458,2015,2015_10458,26349,27912,41474,24659,1121,1180,340900,45521,17.104193668856134,16.212297620878278,28.76254915313811,17.38318578238615,6.878144153247952,9.624129522637904,4.035500098855473,79974,22.9,20.6,32.0,15.700000000000001,26349,29.6,25.6,15.3,29.5
10459,2015,2015_10459,15688,23761,35964,13847,920,1371,348400,27294,22.202681908111675,16.673994284458125,26.522312596174984,16.772917124642778,6.913607386238733,7.873525316919469,3.040961383454239,47778,25.1,17.3,31.200000000000003,16.7,15688,28.1,21.4,20.4,30.1
10460,2015,2015_10460,19776,23209,35624,17524,951,1894,384100,35881,18.586438505058386,20.777012903765225,27.15085978651654,16.312254396477243,5.46807502577966,8.815250411081074,2.8901089713218693,59512,23.8,17.6,33.1,17.1,19776,26.0,25.1,22.4,26.4
10461,2015,2015_10461,19086,51568,68790,12973,1244,5673,440000,36335,9.841750378423008,10.243566808861978,29.39314710334388,18.235860740333013,6.806109811476538,15.764414476400166,9.715150681161417,51820,16.5,14.2,37.8,22.3,19086,31.6,28.6,15.8,24.1
10462,2015,2015_10462,29345,45760,57940,22441,1210,6485,211800,53058,11.928455652305024,10.426325907497455,26.85174714463417,17.431867013456973,9.123977534019376,15.320969505069923,8.916657243017076,78504,18.5,15.7,36.6,21.400000000000006,29345,34.2,27.2,15.3,23.3
10463,2015,2015_10463,27458,56482,80384,18541,1191,8454,277900,50431,10.057306022089588,9.1174079435268,19.65259463425274,17.62209751938292,5.627491027344292,19.79338105530329,18.129721798100377,71981,16.5,14.1,33.8,25.3,27458,34.9,29.5,16.6,19.1
10464,2015,2015_10464,2024,75208,90671,750,1365,1274,476400,3274,1.5271838729383016,3.329260843005498,28.71105681124007,18.90653634697618,7.666463042150275,19.05925473427001,20.800244349419668,4723,18.3,11.299999999999999,34.8,30.500000000000004,2024,40.2,29.7,13.6,16.4
10465,2015,2015_10465,15560,73776,85312,6599,1259,8707,434300,31000,9.290322580645162,8.296774193548387,30.693548387096776,18.45806451612903,8.36774193548387,15.280645161290323,9.612903225806452,45839,18.4,14.5,31.799999999999997,27.099999999999998,15560,27.7,29.7,16.7,25.9
10466,2015,2015_10466,22891,42478,56348,13902,1138,8593,392900,45626,9.836496734318152,10.9411300574234,32.33901722701968,17.264279139087364,7.682023407706133,15.964581598211549,5.972471836233726,71138,20.5,15.4,33.900000000000006,22.099999999999994,22891,25.5,25.0,20.0,29.5
10467,2015,2015_10467,35178,35117,46518,30479,1140,3972,349900,64503,12.949785281304743,13.800908484876672,28.939739236934717,18.1247383842612,7.213617971257151,13.131172193541383,5.840038447824132,101134,20.1,16.1,34.5,19.3,35178,30.7,25.4,18.6,25.3
10468,2015,2015_10468,24631,34784,44912,21900,1148,2111,192100,45530,16.668130902701517,15.146057544476168,28.06281572589501,17.70041730726993,4.695804963760159,12.686141005930155,5.040632549967055,73637,20.5,17.9,34.6,17.900000000000002,24631,27.7,24.7,19.8,27.7
10469,2015,2015_10469,22014,57207,70069,11232,1261,10599,418900,48802,9.595918200073768,10.913487152165894,27.734519077087004,18.25539936887833,9.02217122249088,15.388713577312403,9.089791401991722,72732,19.5,15.2,33.6,24.2,22014,23.1,27.2,16.9,32.8
10470,2015,2015_10470,5747,57706,70509,3374,1258,2254,404100,10514,9.587217043941411,6.876545558303215,30.530720943503898,15.740916872741106,6.400989157314058,18.889100247289328,11.974510176906982,14868,14.8,16.1,33.2,26.3,5747,34.0,30.5,18.2,17.3
10471,2015,2015_10471,8620,80222,105625,4156,1488,4338,340700,15341,3.51997914086435,3.898050974512744,17.1957499511114,15.148947265497686,4.7976011994003,25.571996610390457,29.867674858223065,21727,17.4,13.1,29.199999999999996,28.699999999999996,8620,43.3,29.7,13.3,13.7
10472,2015,2015_10472,21303,29308,41909,17596,1065,2894,417900,42101,21.00900216146885,18.631386427875825,27.16562551958386,16.705066387971783,5.48205505807463,8.505736205790837,2.5011282392342222,68654,21.5,18.1,32.2,18.2,21303,25.3,22.9,19.4,32.4
10473,2015,2015_10473,20624,36764,51802,14549,890,5895,373000,38415,11.289860731485096,13.934660939737082,30.33710790055968,18.94051802681244,8.811662111154497,11.625667057139138,5.0605232331120655,59352,20.4,16.1,31.599999999999998,24.8,20624,28.2,27.5,19.1,25.2
10474,2015,2015_10474,3613,26585,36171,3218,1015,234,364400,7491,18.315311707382197,17.88813242557736,26.084634895207586,16.112668535576024,9.838472834067549,9.758376718729142,2.002402883460152,12686,24.599999999999998,17.700000000000003,38.0,12.0,3613,23.5,22.5,20.3,33.7
10475,2015,2015_10475,18271,44923,59288,11047,946,7180,33400,32354,7.396303393707115,7.176856030166285,27.68127588551648,23.82085677196019,8.61408172096186,15.48494776534586,9.825678432342212,43913,14.5,12.7,32.5,33.2,18271,42.9,25.4,16.1,15.6
11001,2015,2015_11001,9131,99691,119387,1737,1502,7298,482300,19586,3.134892269988768,3.3799652813233947,24.216276932502808,15.613193097110182,9.17492086184009,24.915756152353723,19.56499540488104,27551,17.9,13.2,33.4,27.500000000000004,9131,19.6,27.8,19.4,33.2
11003,2015,2015_11003,12042,89831,101669,2124,1648,9771,372600,30667,7.151009228160564,6.345583200182607,26.944272344865816,21.078031760524343,9.391202269540548,18.68457951544005,10.405321681286072,45406,19.3,16.3,34.1,24.4,12042,12.0,21.4,18.0,48.6
11004,2015,2015_11004,4862,85968,99830,1047,1248,3735,457600,10088,5.035685963521015,4.827517842981761,29.371530531324343,12.936161776367964,8.178033306899286,21.203409992069787,18.447660586835845,13778,13.3,15.0,32.4,29.300000000000004,4862,33.8,24.9,13.8,27.6
11005,2015,2015_11005,1522,58894,91016,124,2508,1398,394300,1947,0.7704160246533128,1.1299435028248588,19.97945557267591,28.145865434001028,3.389830508474576,23.369286081150488,23.215202876219827,1947,0.0,0.0,3.2,56.3,1522,72.4,27.6,0.0,0.0
11040,2015,2015_11040,12945,106654,125241,1279,1453,11569,538600,29477,4.00651355293958,4.841062523323269,23.69983376870102,14.920107202225465,7.209010414899753,25.77263629270278,19.550836245208128,41434,18.0,11.0,33.3,29.400000000000006,12945,16.5,25.9,19.1,38.6
11101,2015,2015_11101,11772,48013,77677,9637,1271,2012,755100,19351,9.983980156064286,9.560229445506693,21.11518784558937,12.888222830861451,5.059170068730298,25.042633455635364,16.350576197612526,25880,13.5,17.7,43.9,19.200000000000003,11772,40.0,35.4,12.2,12.4
11102,2015,2015_11102,14039,51123,71031,11643,1490,1966,602400,25989,10.592943168263496,9.338566316518529,20.843433760437108,12.705375351110083,4.625033668090346,28.958405479241215,12.93624225633922,35271,13.5,22.5,40.4,17.700000000000003,14039,30.3,36.7,15.6,17.4
11103,2015,2015_11103,16607,59243,74020,13611,1465,2478,654700,30113,9.095739381662405,5.070899611463488,20.731909806395908,10.739547703649588,7.724238700893301,30.448643443031248,16.189021352904064,39231,11.1,23.8,40.7,18.6,16607,33.5,36.1,14.5,15.9
11104,2015,2015_11104,11540,55294,70828,9461,1421,1825,396800,20738,6.9389526473141085,7.4742019481145725,22.866235895457613,12.233580866043011,8.525412286623588,28.93721670363584,13.024399652811264,26718,11.3,14.899999999999999,45.0,22.0,11540,37.4,31.8,13.1,17.7
11105,2015,2015_11105,15532,61646,79957,11072,1538,4004,679900,28166,8.733934530994816,5.67705744514663,19.43122914151814,12.454732656394231,5.545693389192643,32.13093801036711,16.02641482638642,37194,11.799999999999999,21.2,40.6,20.0,15532,31.5,36.1,16.1,16.3
11106,2015,2015_11106,17004,54109,71621,13658,1380,3043,434200,29966,8.376159647600614,7.114730027364347,20.38310084762731,13.038109857838885,6.557431755990121,28.645798571714607,15.884669291864112,38812,11.399999999999999,19.9,41.099999999999994,21.2,17004,35.8,36.3,14.8,13.1
11109,2015,2015_11109,2560,129505,155054,2172,2875,388,473600,3936,0.0,0.3810975609756097,3.201219512195122,11.001016260162602,3.125,37.982723577235774,44.3089430894309,4702,5.0,23.8,54.900000000000006,7.099999999999999,2560,41.3,43.2,10.5,5.0
11201,2015,2015_11201,25664,101150,152775,15728,2000,9376,750500,44469,3.370887584609503,4.502012638017495,10.79628505250849,9.12995569947604,2.9391261328116216,34.10465717690976,35.1570757156671,58350,10.5,17.2,44.800000000000004,18.400000000000002,25664,40.3,36.4,12.2,11.1
11203,2015,2015_11203,27447,45936,58403,15943,1172,10810,413400,52833,7.665663505763444,7.470709594382299,35.51378873052827,20.224102360267256,8.547687998031533,13.408286487611909,7.1697613234152895,75887,17.4,14.3,33.3,27.0,27447,29.4,28.2,19.1,23.3
11204,2015,2015_11204,24480,46560,65150,14348,1217,9407,687900,51334,14.756301866209528,11.88491058557681,30.96972766587447,11.20504928507422,6.071999064947208,17.312112829703512,7.799898702614253,80486,21.0,13.899999999999999,31.2,23.0,24480,19.6,26.2,17.0,37.1
11205,2015,2015_11205,15198,47575,73353,11841,1209,3139,612300,25316,8.077895402117239,10.74024332437984,21.602938852899356,12.881181861273502,4.048822878811818,23.384420919576552,19.264496760941697,43224,20.8,20.8,34.5,13.700000000000001,15198,31.0,32.1,14.2,22.8
11206,2015,2015_11206,29525,30779,49425,25930,912,3207,516000,50913,14.931353485357374,15.23775852925579,26.45689705969006,16.15893779584782,4.994795042523521,16.832636065444976,5.387622021880463,84806,22.0,21.5,30.2,16.6,29525,28.4,29.4,16.7,25.5
11207,2015,2015_11207,32005,34252,47113,23770,1063,7478,399800,57515,13.28175258628184,13.608623837259843,34.77179866121881,17.223333043553858,7.511084065026514,9.538381291836911,4.06502651482222,94657,22.3,17.7,32.0,19.400000000000002,32005,26.5,24.6,20.4,28.5
11208,2015,2015_11208,29806,35698,48043,21734,1137,7353,417300,56225,11.69764339706536,10.433081369497554,45.56869719875501,14.08092485549133,4.972876834148511,9.678968430413518,3.567807914628724,93847,22.7,16.9,34.0,17.1,29806,24.3,20.8,20.0,34.8
11209,2015,2015_11209,30483,62761,87004,19132,1362,10706,661500,52137,6.13000364424497,5.821201833630627,20.350231121852044,14.665208968678671,6.135757715250207,27.521721618044765,19.375875098298717,70803,15.2,13.7,37.2,25.7,30483,38.4,28.3,13.4,19.9
11210,2015,2015_11210,21925,57565,77666,11567,1166,10052,491800,42851,6.265898112062729,5.253086275699517,31.00044339688689,16.151315021819794,7.13868987888264,21.1990385288558,12.99152878579263,67432,22.599999999999998,14.5,33.9,21.400000000000002,21925,24.1,25.6,18.2,32.1
11211,2015,2015_11211,37381,54406,84221,30782,1427,5934,766700,64026,8.366913441414425,9.160341111423485,19.24062099771968,14.34417267984881,3.5157592228157317,30.115890419517072,15.2563021272608,97772,16.4,22.5,35.6,13.7,37381,30.3,34.8,14.5,20.4
11212,2015,2015_11212,31443,28207,40177,26272,923,4682,394200,54942,10.68035382767282,14.837464963051946,36.61497579265407,18.241054202613665,7.152997706672491,8.96217829711332,3.510975210221688,88668,21.7,15.899999999999999,32.5,20.2,31443,31.3,25.5,20.6,22.7
11213,2015,2015_11213,24163,34701,47669,20221,1076,3350,622800,40941,8.690554700666814,12.32261058596517,31.03246134681615,19.35223858723529,6.724310593292787,14.078796316650791,7.799027869373,64603,20.4,16.4,33.6,20.099999999999994,24163,36.0,24.3,17.2,22.6
11214,2015,2015_11214,31512,49828,66803,20463,1198,10372,626300,65871,14.545095717387014,11.537702479087915,28.15199404897451,10.675411030650816,6.694903675365486,19.157140471527683,9.237752577006573,91295,15.8,14.7,35.7,25.3,31512,25.6,26.1,17.9,30.5
11215,2015,2015_11215,29182,103716,144180,17907,1914,10967,957500,52388,3.886386195311904,3.6229670917003896,7.822402076811484,8.635565396655723,3.1247613957394824,36.34610979613653,36.5618080476445,70818,12.399999999999999,17.8,43.2,17.6,29182,26.8,36.7,18.3,18.2
11216,2015,2015_11216,23048,47107,65962,17778,1160,4718,685600,39340,6.011692933401118,11.024402643619725,22.35892221657346,15.45246568378241,6.039654295882055,23.4799186578546,15.63294356888663,53747,12.7,23.2,37.5,20.1,23048,38.6,30.6,16.4,14.4
11217,2015,2015_11217,16797,87091,126829,11603,1743,4973,945000,29840,5.636729222520107,6.5180965147453085,10.945040214477212,8.76005361930295,3.344504021447721,33.07640750670242,31.71916890080429,38511,10.9,18.0,44.7,18.7,16797,34.1,36.2,15.4,14.3
11218,2015,2015_11218,24909,56120,78208,16027,1381,8310,596600,47881,10.175226081326622,8.502328689876986,21.15870595852217,12.09247927152733,6.255090745807314,23.101021281928112,18.71514797101147,75691,21.200000000000003,15.2,34.3,19.2,24909,26.0,26.4,17.4,30.2
11219,2015,2015_11219,26390,35974,52503,18645,1245,6826,770700,53845,18.438109388058315,15.836196489924784,33.45528832760702,11.009378772402266,4.278948834617885,11.651963970656514,5.330114216733215,97670,24.499999999999996,16.200000000000003,27.500000000000004,16.9,26390,17.4,23.2,15.6,43.8
11220,2015,2015_11220,29399,38893,54640,22009,1213,6774,650900,66721,25.609628153055255,23.024235248272657,21.13277678691866,7.858095652043584,4.22355780039268,12.01720597712864,6.1345003821885165,102325,19.1,18.0,36.5,16.900000000000002,29399,18.2,21.0,17.7,43.0
11221,2015,2015_11221,28918,40635,54815,22355,1160,5873,561200,53634,13.640601111235409,15.292538315247793,27.30916955662453,15.85934295409628,5.78178021404333,15.091173509341091,7.025394339411567,83372,19.0,19.8,35.1,17.8,28918,30.4,24.3,17.1,28.2
11222,2015,2015_11222,16689,72409,87421,13046,1670,3430,698800,29161,4.5334522135729225,4.104797503514969,17.372518089228763,12.83906587565584,5.274167552553068,35.59548712321251,20.280511642261924,35163,7.3999999999999995,23.2,45.6,18.2,16689,38.1,36.3,15.1,10.6
11223,2015,2015_11223,27532,43019,64964,16909,1172,9908,630700,53542,11.968174517201447,11.217362070897613,29.754211646931385,12.235254566508535,6.839490493444399,18.266034141421688,9.719472563594934,79385,18.4,15.3,31.5,24.6,27532,25.7,26.6,15.9,31.8
11224,2015,2015_11224,18064,28006,50455,12711,701,5132,316800,31443,9.798683331743154,11.016760487230862,26.292020481506217,13.300257609006774,7.693286264033331,20.61826161625799,11.280730210221671,43001,15.100000000000001,13.399999999999999,26.5,35.900000000000006,18064,37.5,29.8,15.9,16.8
11225,2015,2015_11225,23133,44911,62860,19319,1206,3273,652500,41049,6.448390947404321,9.739579526906867,25.15773831274818,20.110112304806453,7.018441374942143,18.755633511169577,12.77010402202246,60180,15.7,19.5,34.0,22.0,23133,32.0,29.6,18.1,20.3
11226,2015,2015_11226,36009,43399,58646,30639,1197,4531,470900,66662,8.975128258978128,10.571239986799077,32.09774684227896,17.60523236626564,5.808406588461192,16.777174402208157,8.16507155500885,99026,18.4,16.6,35.5,21.5,36009,30.1,27.5,18.0,24.4
11228,2015,2015_11228,15285,64250,87560,6268,1316,8670,713200,33117,12.730621735060543,9.022556390977442,28.154724159797084,11.86701693994021,6.8122112510191135,19.255971253434797,12.156898269770812,47190,17.2,12.5,35.8,25.2,15285,22.2,25.6,17.0,35.2
11229,2015,2015_11229,30764,52168,71111,15842,1160,14313,524700,57736,8.518082305667175,7.243314396563669,28.382638215324928,11.92843286684218,7.000831370375503,22.72585561867812,14.200845226548427,81732,16.6,12.899999999999999,33.5,28.099999999999998,30764,28.6,30.1,16.6,24.8
11230,2015,2015_11230,30653,41068,66632,21290,1245,8658,662700,55917,9.041972924155443,8.035123486596204,22.94472164100363,12.634798004184775,8.419621939660567,22.3670797789581,16.55668222544128,88589,20.6,14.9,29.7,23.400000000000002,30653,29.9,27.0,15.0,28.0
11231,2015,2015_11231,15265,83310,128453,10994,1623,4094,1021900,26738,5.093873887351335,8.130750243099708,14.511182586580896,9.720248335701998,2.401077118707457,33.10644027227168,27.03642755628693,35263,13.6,11.899999999999999,46.3,20.4,15265,29.7,37.3,18.1,14.9
11232,2015,2015_11232,8784,44474,60019,6621,1329,2014,546300,19604,22.163844113446235,16.216078351356867,23.58702305651908,11.55376453784942,3.810446847582126,12.68618649255254,9.982656600693735,29216,18.4,19.1,40.9,14.7,8784,18.0,27.1,20.9,34.0
11233,2015,2015_11233,26987,33745,50071,20328,1075,6120,571300,45034,9.572767242527869,15.670382377759026,31.986943198472268,16.620775414131543,7.141271039658924,13.225562908025047,5.782297819425323,71589,21.0,16.1,35.2,18.8,26987,31.6,29.2,16.8,22.3
11234,2015,2015_11234,32185,71115,89848,10487,1299,21328,492500,65800,5.206686930091185,6.83434650455927,29.306990881458965,17.4741641337386,8.861702127659575,19.606382978723406,12.709726443768998,95912,19.0,13.100000000000001,33.3,26.7,32185,21.7,27.8,19.4,31.1
11235,2015,2015_11235,32065,42818,68373,18554,1161,12979,520500,57709,6.174080299433364,5.026945537091268,23.90614982065189,11.504271430799356,8.97780242249909,28.77020915281845,15.640541336706578,76668,13.9,11.4,34.099999999999994,31.400000000000002,32065,36.4,28.9,15.7,19.0
11236,2015,2015_11236,32442,58705,72543,16297,1274,15589,470900,65718,7.110685048236404,7.939986000791259,29.401381661036552,19.94887245503515,10.333546364770688,16.48254663866825,8.7829818314617,98276,19.6,15.399999999999999,34.4,23.899999999999995,32442,22.3,25.7,22.8,29.1
11237,2015,2015_11237,16582,44950,62004,14816,1323,1530,511500,33898,25.24042716384448,18.25476429287864,20.46728420555785,11.460853147678328,3.2332290990618917,15.328337955041595,6.015104135937223,54182,18.6,24.2,37.1,11.9,16582,18.5,25.4,19.7,36.4
11238,2015,2015_11238,23310,70873,93918,16272,1461,6667,702000,40282,3.46805024576734,5.416811479072538,14.830445360210517,13.683531105704782,5.138771659798421,31.897621766545853,25.56476838290055,52999,10.6,20.1,40.7,20.6,23310,37.8,32.9,15.8,13.6
11239,2015,2015_11239,6362,26186,34840,6102,796,174,377300,9215,10.211611502984264,12.50135648399349,28.99620184481823,16.559956592512208,9.831795984807378,11.22083559413999,10.678241996744438,12924,14.9,15.100000000000001,28.5,32.0,6362,44.0,30.9,16.4,8.6
11351,2015,2015_11351,0,-666666666,-666666666,0,-666666666,0,-666666666,0,,,,,,,,0,-1999999998.0,-1333333332.0,-3333333330.0,-3999999996.0,0,-666666666.0,-666666666.0,-666666666.0,-666666666.0
11354,2015,2015_11354,20006,44741,62568,11370,1344,7771,421000,43934,11.576455592479627,11.128055719943552,30.181636090499385,12.630309100013656,10.959621250056903,15.983065507351938,7.540856739654937,56908,11.4,14.1,36.5,29.699999999999996,20006,23.9,31.8,21.1,23.1
11355,2015,2015_11355,27354,39168,54472,17920,1287,8673,500500,62118,16.03399980681928,13.060626549470363,27.96129946231366,8.675424192665572,10.455906500531247,15.517241379310343,8.295502108889533,82790,13.799999999999999,15.6,37.2,26.700000000000003,27354,22.3,26.0,21.5,30.1
11356,2015,2015_11356,7712,57194,75112,3978,1475,3507,555500,16560,10.591787439613528,9.057971014492754,35.03623188405797,15.585748792270532,7.916666666666666,15.917874396135264,5.8937198067632846,24631,16.8,15.2,35.300000000000004,23.4,7712,17.8,25.3,21.5,35.4
11357,2015,2015_11357,14846,73750,91915,3505,1610,11097,599000,29166,7.741891243228418,6.370431324144551,26.551464033463624,14.969485016800386,7.7007474456559,23.06452718919289,13.601453747514228,39737,15.4,10.899999999999999,32.800000000000004,32.0,14846,25.9,31.3,17.6,25.2
11358,2015,2015_11358,13114,65258,83944,5293,1514,7354,643300,28207,8.735420285744674,6.225405041301805,26.053816428546103,14.755202609281383,9.022583046761442,22.41287623639522,12.794696351969373,37486,14.9,13.5,36.3,29.0,13114,21.2,32.2,20.3,26.3
11359,2015,2015_11359,0,-666666666,-666666666,0,-666666666,0,-666666666,0,,,,,,,,0,-1999999998.0,-1333333332.0,-3333333330.0,-3999999996.0,0,-666666666.0,-666666666.0,-666666666.0,-666666666.0
11360,2015,2015_11360,8567,80235,97078,2448,1880,5866,503000,15414,3.568184767094849,2.88049824834566,21.422083819903985,15.596211236538212,7.519138445568964,25.67146749708057,23.34241598546776,19605,12.9,8.1,32.800000000000004,35.8,8567,34.4,35.9,15.0,14.7
11361,2015,2015_11361,10606,79158,93310,4156,1659,6125,588600,22260,7.0979335130278525,4.218328840970351,21.82389937106918,15.516621743036838,7.942497753818508,25.50314465408805,17.89757412398922,30207,15.8,12.100000000000001,37.9,25.8,10606,25.0,27.6,21.0,26.4
11362,2015,2015_11362,7068,86758,99502,1262,1757,5613,529500,14058,4.41741357234315,4.189785175700669,19.51913501209276,15.265329349836392,7.561530800967422,27.7706643903827,21.27614169867691,18139,12.3,11.0,34.4,31.2,7068,27.7,35.6,15.1,21.6
11363,2015,2015_11363,2649,89219,121953,800,1748,1831,798000,5401,3.2956859840770227,2.092205147194964,22.06998703943714,15.589705610072208,7.905943343825217,28.679874097389373,20.366598778004075,7662,20.6,10.3,34.2,28.8,2649,21.6,29.4,17.7,31.4
11364,2015,2015_11364,13205,72477,88789,3453,1582,9599,506900,25565,5.9026012125953455,4.079796596909838,22.745941717191474,13.886172501466849,8.183062781146099,26.67318599647956,18.52923919421084,34949,15.899999999999999,10.6,36.2,28.9,13205,28.7,28.0,17.6,25.6
11365,2015,2015_11365,15764,59520,79166,8154,1390,7444,596300,31733,7.544196892824504,6.51372388365424,24.66202376075379,16.065294803516846,9.674471370497589,21.126272334793438,14.4140169539596,45041,15.700000000000001,12.8,35.6,25.3,15764,25.3,26.5,21.9,26.3
11366,2015,2015_11366,4191,72486,93774,1111,1574,3004,647900,9074,5.047388141944016,6.3698479171258535,21.42384835794578,11.946219969142604,7.4498567335243555,28.675336125192857,19.08750275512453,13192,17.5,15.3,31.4,27.9,4191,17.3,30.9,21.0,30.7
11367,2015,2015_11367,14644,56557,73718,7388,1238,6935,378000,27759,7.413811736734033,7.237292409668935,26.092438488418168,11.996109369934077,8.584603191757628,22.45037645448323,16.225368349003926,42667,18.1,15.7,31.2,24.300000000000004,14644,26.2,27.1,20.2,26.5
11368,2015,2015_11368,29095,45004,55919,22613,1423,6182,465300,72094,27.96071795156324,12.064804283296809,31.05945016228812,12.505895081421478,5.499764196743141,7.558187921324936,3.351180403362277,112709,19.3,18.9,37.50000000000001,14.799999999999999,29095,16.3,20.7,17.9,45.1
11369,2015,2015_11369,11482,52310,67171,5771,1336,5449,471700,26110,14.075067024128687,9.739563385675986,35.67598621217924,14.860206817311376,6.798161623898889,12.596706242818842,6.254308693986978,39001,17.8,18.0,36.0,21.099999999999998,11482,23.5,20.7,19.3,36.5
11370,2015,2015_11370,8809,53427,75046,4623,1539,3998,540500,24601,10.99548798829316,17.913905938782975,32.726311938539084,11.088980122759237,6.845250193081583,12.832811674322182,7.5972521442217795,35507,16.3,19.299999999999997,38.7,20.0,8809,21.7,25.5,18.8,34.0
11371,2015,2015_11371,0,-666666666,-666666666,0,-666666666,0,-666666666,0,,,,,,,,0,-1999999998.0,-1333333332.0,-3333333330.0,-3999999996.0,0,-666666666.0,-666666666.0,-666666666.0,-666666666.0
11372,2015,2015_11372,24793,50485,63963,17126,1316,7378,263800,48126,13.605951045173088,11.575863358683456,25.85712504675228,12.562855836761832,6.522461870922163,19.25985953538628,10.615883306320908,64754,13.5,15.5,39.199999999999996,24.099999999999998,24793,33.3,27.4,17.4,21.9
11373,2015,2015_11373,31351,47588,62616,22240,1373,8449,473900,71136,17.245838956365272,11.143443544759334,25.09418578497526,12.691183085919928,6.794028340080972,18.89198155645524,8.139338731443994,98554,14.4,15.5,40.6,22.299999999999997,31351,21.7,25.5,20.7,32.0
11374,2015,2015_11374,19483,52132,70852,12243,1349,6816,288900,33821,5.724254161615564,3.911770793294108,20.102894651252186,13.96765323319831,8.302533928624227,28.7838916649419,19.20700156707371,43399,11.600000000000001,13.7,35.2,30.4,19483,41.1,29.9,14.9,14.1
11375,2015,2015_11375,32272,72414,95909,15535,1566,16072,360100,54477,4.031058979018669,2.7075646603153625,16.31514217009013,12.104190759403052,6.9240229821759645,30.2145859720616,27.703434476935215,70723,12.7,9.4,40.0,27.4,32272,42.4,28.7,14.6,14.4
11377,2015,2015_11377,31455,50436,64842,21836,1380,9101,428200,65398,14.738982843512034,10.989632710480445,26.49622312608949,10.942230649255327,8.218905776935074,19.797241505856448,8.816783387871189,90615,14.999999999999998,16.4,40.5,21.000000000000004,31455,26.8,27.4,17.5,28.3
11378,2015,2015_11378,12411,57127,74249,5779,1402,6413,544700,22608,7.714083510261855,6.9621372965322,35.74398443029017,15.746638358103326,7.307147912243455,17.87420382165605,8.65180467091295,31756,16.5,13.0,37.8,24.5,12411,37.4,22.9,17.4,22.3
11379,2015,2015_11379,13528,71551,83602,5065,1353,8030,563100,26540,7.328560663149962,6.627731725697061,31.160512434061797,16.842501883948756,6.627731725697061,20.109269027882444,11.303692539562924,35476,15.700000000000001,10.7,35.9,29.5,13528,30.2,28.6,18.6,22.6
11385,2015,2015_11385,34937,55331,69571,23418,1294,10740,487400,68935,11.185899760644084,8.413723072459563,34.474504968448535,18.00101544933633,5.686516283455429,15.067817509247842,7.170522956408211,102209,18.200000000000003,16.4,36.900000000000006,20.4,34937,23.2,27.7,21.3,27.7
11411,2015,2015_11411,6022,81149,93447,895,1377,5038,389000,14028,4.227259766181922,5.503279155973767,28.999144568006844,22.226974622184205,7.770173937838607,18.063872255489024,13.209295694325634,19208,15.200000000000001,12.7,33.1,32.3,6022,20.5,28.5,18.5,32.5
11412,2015,2015_11412,10871,72458,82631,2729,1278,8032,380200,25565,5.9417171914727165,6.712301975356934,31.965577938587916,22.745941717191474,10.467435947584589,13.874437707803638,8.292587522002739,37832,18.6,14.0,34.7,24.999999999999996,10871,17.0,24.4,19.6,39.0
11413,2015,2015_11413,12339,81287,92538,3125,1502,9016,405500,28969,4.24937001622424,8.03272463668059,27.13245193137492,23.901411854050885,10.193655286685766,16.666091339017573,9.824294935966032,42560,19.6,14.0,35.1,24.4,12339,17.4,24.6,22.2,35.8
11414,2015,2015_11414,10654,68374,88917,2947,1514,7582,503100,21451,7.034637079856417,7.719919817257937,32.51596662160272,15.575031467064472,9.896974500023308,18.1017201995245,9.155750314670644,28700,15.5,9.7,33.2,32.1,10654,23.1,34.9,18.3,23.7
11415,2015,2015_11415,8250,63756,80334,4994,1397,3046,305500,14048,4.384965831435079,5.929669703872437,18.166287015945333,14.542995444191344,10.734624145785878,25.405751708428248,20.83570615034169,19403,15.4,13.2,38.1,23.799999999999997,8250,38.6,31.4,13.1,17.0
11416,2015,2015_11416,7134,58392,72849,4007,1355,2997,442900,16806,14.625728906342973,9.990479590622396,30.93538022134952,14.1140069022968,8.300606926097823,16.238248244674523,5.79554920861597,26625,21.2,16.3,36.1,18.4,7134,14.8,19.9,19.6,45.7
11417,2015,2015_11417,9450,62057,79020,3982,1334,5358,437100,21825,10.831615120274911,11.097365406643757,32.87972508591066,16.398625429553267,7.1340206185567006,14.286368843069877,7.372279495990836,32415,18.3,16.0,36.5,21.599999999999998,9450,16.6,21.4,21.9,40.0
11418,2015,2015_11418,11371,61480,73486,6436,1357,4794,446900,25862,12.439099837599567,12.628567009512023,27.5655401747738,14.03990410641095,7.594153584409559,16.939911839764907,8.792823447529194,39308,19.9,16.6,36.3,19.5,11371,16.2,25.3,19.0,39.5
11419,2015,2015_11419,12357,58266,73064,5388,1366,6839,426500,33407,15.574580177807048,11.042595863142456,36.26186128655671,13.631873559433652,5.684437393360673,13.371449097494535,4.433202622204927,49306,18.0,17.700000000000003,36.6,21.7,12357,8.9,18.6,22.2,50.3
11420,2015,2015_11420,13474,59660,79434,4302,1395,8947,420800,33914,12.923866249926284,12.449136050008844,32.78881877690629,17.414637023058326,6.8142949814236005,13.289496962906174,4.319749955770479,50820,19.299999999999997,15.7,36.2,22.0,13474,12.6,19.6,21.9,45.9
11421,2015,2015_11421,12228,60996,78211,5237,1396,6792,406300,28040,13.776747503566334,10.663338088445078,29.753922967189727,16.419400855920113,7.781740370898717,14.964336661911554,6.640513552068474,43024,18.599999999999998,16.2,35.5,21.5,12228,16.8,22.4,20.4,40.4
11422,2015,2015_11422,9620,84955,92702,3266,1593,6302,410200,21971,4.228300942151017,6.731600746438487,27.354239679577624,21.846980110145196,10.058713759046016,19.74875972873333,10.031405033908332,33245,19.7,15.5,34.4,22.299999999999997,9620,17.5,20.9,22.5,39.1
11423,2015,2015_11423,9793,62179,80672,3814,1237,5842,430100,22239,11.340437969333154,8.687440982058545,27.02459642969558,17.343405728674853,8.673951166869013,18.386618103331983,8.543549620036872,31982,17.6,14.399999999999999,34.199999999999996,26.299999999999997,9793,22.2,25.5,17.1,35.1
11424,2015,2015_11424,0,-666666666,-666666666,0,-666666666,0,-666666666,0,,,,,,,,0,-1999999998.0,-1333333332.0,-3333333330.0,-3999999996.0,0,-666666666.0,-666666666.0,-666666666.0,-666666666.0
11425,2015,2015_11425,0,-666666666,-666666666,0,-666666666,0,-666666666,0,,,,,,,,0,-1999999998.0,-1333333332.0,-3333333330.0,-3999999996.0,0,-666666666.0,-666666666.0,-666666666.0,-666666666.0
11426,2015,2015_11426,6191,77146,90998,1357,1502,4697,477600,13735,5.307608299963597,6.0211139424827085,30.738987986894795,16.133964324717873,5.955587914088096,21.32508190753549,14.517655624317438,19842,16.0,14.399999999999999,32.7,26.3,6191,19.9,25.1,20.2,34.8
11427,2015,2015_11427,7739,66007,83020,3099,1275,4505,455700,17005,6.556895030873272,8.597471331961188,29.20317553660688,15.24257571302558,8.491620111731843,20.358718024110555,11.54954425169068,23568,13.799999999999999,14.5,35.699999999999996,27.199999999999996,7739,27.0,23.4,19.8,29.7
11428,2015,2015_11428,5620,67151,75806,1837,1377,3683,424200,13851,9.125694895675403,9.53721752942026,35.38372680672875,13.796837773445962,12.179626019781963,14.374413399754529,5.602483575193127,19744,17.2,15.5,36.3,25.3,5620,11.7,23.3,23.4,41.6
11429,2015,2015_11429,7318,68684,82902,2006,1331,5187,379300,18026,7.039831354709864,9.01475646288694,32.72495284588927,21.0085432153556,10.029956729168978,14.085210251858427,6.096749140130922,26362,18.1,15.5,36.0,25.099999999999994,7318,15.3,25.2,18.8,40.7
11430,2015,2015_11430,0,-666666666,-666666666,0,-666666666,0,-666666666,162,0.0,29.629629629629623,41.9753086419753,19.753086419753085,0.0,5.555555555555555,3.08641975308642,186,0.0,32.8,50.6,16.7,0,-666666666.0,-666666666.0,-666666666.0,-666666666.0
11432,2015,2015_11432,18362,50702,70442,11389,1317,6629,509100,41290,13.296197626543956,9.157180915475902,22.02470331799467,12.494550738677646,8.338580770162267,22.21361104383628,12.475175587309275,63533,19.5,16.3,33.1,22.299999999999997,18362,25.8,20.8,18.1,35.3
11433,2015,2015_11433,10394,42964,59055,5924,1071,4380,371100,21116,10.23394582307255,12.933320704678916,33.221254025383594,19.274483803750712,7.6482288312180335,11.488918355749195,5.199848456146997,34111,23.7,14.2,33.3,21.099999999999998,10394,25.2,21.9,15.1,37.7
11434,2015,2015_11434,20731,58076,70071,10296,1135,10226,371200,43534,5.097165433913722,9.275508797721322,31.690173197960213,23.811273946800203,8.055772499655442,14.731014838976431,7.339091284972666,65892,18.900000000000002,15.4,34.800000000000004,21.8,20731,26.3,22.4,21.4,29.8
11435,2015,2015_11435,18486,52686,66645,11661,1327,6432,336700,38600,13.422279792746114,9.83160621761658,26.090673575129536,14.686528497409329,7.89378238341969,17.997409326424872,10.077720207253886,55323,17.1,16.9,36.9,21.1,18486,25.4,28.2,17.1,29.3
11436,2015,2015_11436,5454,64005,78107,1666,1420,3707,362400,12800,7.171875,11.1953125,35.7109375,20.6875,7.515624999999999,11.5546875,6.1640625,19425,19.2,16.7,35.8,20.300000000000004,5454,16.7,22.2,24.1,37.0
11451,2015,2015_11451,0,-666666666,-666666666,0,-666666666,0,-666666666,0,,,,,,,,0,-1999999998.0,-1333333332.0,-3333333330.0,-3999999996.0,0,-666666666.0,-666666666.0,-666666666.0,-666666666.0
11691,2015,2015_11691,19607,42023,55708,14658,1074,4841,431300,38348,12.895066235527278,16.225096484823197,26.82017315114217,15.93824971315323,6.553144883696673,13.278397830395328,8.289871701262125,63989,21.0,14.5,30.4,21.400000000000002,19607,27.9,23.5,15.6,33.0
11692,2015,2015_11692,6249,42127,58512,3936,847,2183,349200,12098,11.911059679285833,14.51479583402215,26.89700776987932,17.391304347826086,9.323855182674825,12.828566705240537,7.133410481071252,18955,22.8,12.399999999999999,34.8,21.600000000000005,6249,23.9,27.6,23.2,25.3
11693,2015,2015_11693,4512,53281,64300,2305,935,2141,313100,7747,3.252872079514651,13.540725442106622,31.650961662579064,20.96295340131664,6.28630437588744,18.045695107783654,6.260487930811927,11194,16.9,14.3,37.2,24.199999999999996,4512,36.7,27.4,16.2,19.8
11694,2015,2015_11694,7956,75094,100077,3820,1212,4010,622700,15114,4.657933042212519,7.463279078999603,19.511710996427155,20.782056371576022,9.16368929469366,21.6223369061797,16.798994309911343,20773,18.8,9.8,32.3,30.7,7956,35.3,29.4,16.3,19.0
11697,2015,2015_11697,1520,93333,109500,42,-888888888,1469,530400,2715,1.0313075506445673,1.841620626151013,24.53038674033149,17.716390423572744,6.077348066298343,26.85082872928177,21.95211786372008,4006,22.2,9.5,27.299999999999997,31.9,1520,30.3,30.9,10.6,28.2
10001,2014,2014_10001,11169,81445,151316,8037,1865,3055,597600,16328,4.9,3.6,10.2,9.9,2.8,37.1,31.5,22767,12.1,25.700000000000003,37.400000000000006,20.7,11169,54.0,28.6,10.4,7.0
10002,2014,2014_10002,32550,32966,60564,27848,863,4370,544900,60932,23.3,11.4,20.9,9.9,4.1,20.9,9.5,79894,13.3,15.2,37.300000000000004,27.4,32550,39.6,29.9,14.9,15.7
10003,2014,2014_10003,27564,97524,156983,18653,1955,8537,863200,41182,1.9,1.7,6.8,8.5,2.4,43.6,35.0,57068,13.8,27.2,35.9,19.000000000000004,27564,56.1,30.9,8.2,4.8
10004,2014,2014_10004,1580,123409,181042,1018,2001,462,818600,2279,0.5,0.7,3.8,10.6,2.8,43.2,38.4,3024,11.9,23.200000000000003,44.5,16.9,1580,52.5,30.1,6.9,10.5
10005,2014,2014_10005,4100,121840,175864,3537,2001,544,1000001,5954,1.3,0.9,1.7,6.5,1.1,46.1,42.3,7570,4.7,48.900000000000006,40.4,2.5,4100,51.0,33.3,11.2,4.5
10006,2014,2014_10006,1686,121316,161202,1555,2001,121,760100,2334,0.0,0.4,5.4,5.4,5.1,48.2,35.6,2950,3.5,32.0,52.4,3.5999999999999996,1686,52.5,36.7,3.8,7.0
10007,2014,2014_10007,2646,250001,430777,1630,2001,1001,1000001,5132,1.9,4.4,6.8,7.6,0.5,37.3,41.5,6748,14.100000000000001,15.7,52.7,11.7,2646,33.3,36.3,14.4,16.0
10009,2014,2014_10009,29860,61154,86010,27357,1470,2353,685900,47212,9.0,5.9,12.8,9.7,3.5,36.4,22.8,61806,9.6,25.299999999999997,36.2,24.5,29860,48.2,30.2,13.1,8.5
10010,2014,2014_10010,16019,100763,150684,12005,2001,3823,806700,23829,1.9,1.8,7.4,8.6,4.9,40.1,35.4,30708,8.600000000000001,26.6,38.2,22.1,16019,56.7,30.1,8.4,4.8
10011,2014,2014_10011,29921,104974,193307,19395,1933,10094,903600,43938,2.0,2.5,6.9,7.9,3.5,39.6,37.6,52941,7.5,16.8,46.800000000000004,23.4,29921,57.1,29.9,7.6,5.4
10012,2014,2014_10012,12874,95577,141594,10659,1919,2162,1000001,19689,4.9,1.2,7.5,6.8,2.2,41.7,35.7,24846,6.6,28.2,37.4,22.8,12874,56.9,27.2,9.1,6.8
10013,2014,2014_10013,11501,97228,220757,8066,1462,3307,1000001,19718,12.9,5.4,9.3,7.7,1.7,35.1,27.9,26937,11.6,19.9,35.9,24.4,11501,40.2,32.5,12.4,14.9
10014,2014,2014_10014,18964,109557,175237,13024,2001,5524,951000,27517,0.4,0.9,6.6,7.2,2.9,48.0,33.9,31835,6.3,21.7,44.6,23.099999999999998,18964,59.2,28.9,7.2,4.7
10016,2014,2014_10016,27939,103960,152088,19447,2001,8192,731600,39350,1.7,2.3,7.6,8.3,3.1,42.3,34.8,50112,6.3,30.0,37.1,20.099999999999998,27939,57.9,28.1,8.9,5.1
10017,2014,2014_10017,10117,102165,161962,6689,2001,3344,639400,13629,0.8,1.4,5.5,8.9,2.5,44.1,36.9,16278,3.7,26.1,40.7,24.799999999999997,10117,62.7,27.2,7.2,2.9
10018,2014,2014_10018,4060,100298,141782,3585,2001,374,1000001,6168,5.2,1.9,8.0,9.2,3.0,41.7,31.0,8062,4.6,37.8,42.199999999999996,11.2,4060,48.1,36.1,11.1,4.7
10019,2014,2014_10019,23606,90174,137685,18884,2001,4341,818900,33629,3.5,3.4,9.7,9.4,3.4,37.0,33.6,38752,4.7,20.7,43.800000000000004,25.799999999999997,23606,61.5,28.3,6.3,3.9
10020,2014,2014_10020,0,-666666666,-666666666,0,-666666666,0,-666666666,0,-666666666.0,-666666666.0,-666666666.0,-666666666.0,-666666666.0,-666666666.0,-666666666.0,0,-1999999998.0,-1333333332.0,-3333333330.0,-3999999996.0,0,-666666666.0,-666666666.0,-666666666.0,-666666666.0
10021,2014,2014_10021,23504,109398,204533,13587,1876,9376,1000001,34715,0.8,2.3,6.0,7.9,2.7,40.5,39.9,42142,8.700000000000001,14.4,35.8,31.7,23504,53.4,32.4,5.7,8.5
10022,2014,2014_10022,17552,115604,221140,8919,2001,8403,848200,25422,0.4,1.3,5.3,9.9,2.1,43.0,38.0,29699,4.8,16.1,35.0,35.4,17552,56.7,32.0,7.2,4.1
10023,2014,2014_10023,32247,111265,185157,18866,2001,12918,893800,49091,1.1,1.6,6.2,7.7,2.3,33.1,47.9,60762,8.600000000000001,13.600000000000001,39.2,28.5,32247,51.4,30.3,10.4,7.9
10024,2014,2014_10024,28943,109784,195208,18053,1828,10259,1000001,47075,2.6,2.1,6.9,8.4,2.3,33.7,43.9,59249,11.5,12.5,41.1,26.5,28943,45.9,31.0,9.7,13.3
10025,2014,2014_10025,43607,71865,120674,33033,1438,9829,976900,72792,5.0,4.6,9.6,10.0,3.5,29.9,37.4,97373,12.4,19.4,34.6,26.1,43607,45.0,31.3,11.8,11.9
10026,2014,2014_10026,14481,47318,76406,11593,944,2712,613000,26162,7.6,10.4,23.5,12.6,5.1,22.0,18.8,38372,15.799999999999999,19.2,38.300000000000004,18.400000000000002,14481,37.4,28.7,14.7,19.2
10027,2014,2014_10027,22965,40013,70220,19389,978,3125,664600,39820,8.3,10.2,20.8,12.4,4.3,20.0,23.9,63057,19.1,24.8,31.4,17.9,22965,37.8,30.9,15.2,16.1
10028,2014,2014_10028,24848,115485,203702,16533,2001,7798,1000001,37552,0.8,1.2,6.3,7.6,3.3,40.4,40.3,46169,9.8,19.1,36.0,28.299999999999997,24848,48.1,34.6,8.4,9.0
10029,2014,2014_10029,29198,31446,60941,27217,885,1725,794500,51738,11.1,14.5,26.5,12.3,5.0,18.5,12.1,77857,19.6,19.4,33.199999999999996,20.9,29198,37.8,28.5,16.0,17.7
10030,2014,2014_10030,12008,32561,52572,10514,884,1269,483800,20042,9.1,14.6,26.8,16.4,5.5,17.6,9.9,29530,16.9,19.0,37.800000000000004,18.200000000000003,12008,44.7,25.3,14.8,15.3
10031,2014,2014_10031,20969,38338,56188,18206,1098,2111,339100,40463,14.6,13.4,20.9,15.5,5.3,18.0,12.3,58912,15.5,21.9,37.1,18.8,20969,36.0,25.5,17.9,20.6
10032,2014,2014_10032,19821,35979,49670,17952,1091,1448,316800,41132,20.7,13.2,18.9,14.4,4.9,18.7,9.3,59069,14.399999999999999,22.200000000000003,34.5,20.9,19821,34.8,27.2,15.7,22.3
10033,2014,2014_10033,19595,44595,65125,17136,1225,2055,466700,42361,18.5,10.8,18.8,14.3,5.1,18.6,13.9,60520,14.1,19.4,37.9,21.300000000000004,19595,27.3,28.7,20.0,24.0
10034,2014,2014_10034,15252,42522,58725,13429,1144,1370,358500,29772,19.2,10.0,20.2,15.0,5.2,18.1,12.3,42672,16.4,16.200000000000003,37.4,22.200000000000003,15252,32.1,27.9,15.8,24.2
10035,2014,2014_10035,13129,26764,46813,11955,753,1076,461400,23450,16.3,17.4,22.3,15.4,5.1,14.5,9.0,34760,16.5,19.5,35.3,19.8,13129,43.4,25.7,14.9,16.1
10036,2014,2014_10036,14534,70625,113730,12852,1853,1492,820200,20141,2.8,3.0,10.0,12.3,3.7,38.5,29.7,24127,4.1,25.4,45.400000000000006,21.3,14534,63.8,25.6,7.2,3.4
10037,2014,2014_10037,9040,37000,48731,8235,995,734,297800,12875,5.0,8.6,23.7,22.2,6.1,19.4,14.9,18041,15.5,16.7,34.099999999999994,24.099999999999998,9040,55.6,25.7,10.8,7.9
10038,2014,2014_10038,9578,73988,121805,6931,1994,2407,643900,15347,12.6,5.7,11.2,9.6,2.1,34.7,24.1,20997,12.5,25.1,35.2,20.099999999999998,9578,44.2,36.4,10.3,9.1
10039,2014,2014_10039,10367,33132,46959,8764,819,1443,371200,16422,10.3,12.4,24.7,17.2,9.2,16.6,9.6,25952,20.1,17.3,36.300000000000004,16.9,10367,38.9,28.4,15.9,16.9
10040,2014,2014_10040,15887,46944,62395,14067,1179,1597,357200,32288,15.1,12.6,18.4,15.3,4.7,20.3,13.6,45278,14.0,18.8,35.9,23.4,15887,33.0,26.8,17.6,22.5
10044,2014,2014_10044,4712,95259,112172,4141,2001,525,598900,9281,4.0,8.0,15.1,9.9,2.7,21.1,39.2,12050,8.399999999999999,16.6,39.99999999999999,25.8,4712,39.6,34.7,11.6,14.2
10065,2014,2014_10065,17396,110163,202954,11572,2001,5430,1000001,25843,0.3,0.9,7.3,8.5,2.8,39.3,40.9,31761,7.699999999999999,16.7,40.8,25.9,17396,52.1,30.2,10.3,7.4
10069,2014,2014_10069,2820,172926,231506,2146,2001,674,1000001,4490,0.0,0.0,3.7,4.6,3.0,42.8,45.9,5523,8.700000000000001,11.6,55.5,15.100000000000001,2820,43.2,37.0,9.8,10.1
10075,2014,2014_10075,13567,104583,200745,7211,1965,5966,806900,20566,0.5,1.8,6.0,8.0,3.6,42.4,37.7,24377,8.7,13.9,36.4,33.900000000000006,13567,50.6,34.5,7.2,7.7
10103,2014,2014_10103,0,-666666666,-666666666,0,-666666666,0,-666666666,0,-666666666.0,-666666666.0,-666666666.0,-666666666.0,-666666666.0,-666666666.0,-666666666.0,0,-1999999998.0,-1333333332.0,-3333333330.0,-3999999996.0,0,-666666666.0,-666666666.0,-666666666.0,-666666666.0
10110,2014,2014_10110,0,-666666666,-666666666,0,-666666666,0,-666666666,1,0.0,0.0,0.0,0.0,0.0,0.0,100.0,1,0.0,0.0,100.0,0.0,0,-666666666.0,-666666666.0,-666666666.0,-666666666.0
10111,2014,2014_10111,0,-666666666,-666666666,0,-666666666,0,-666666666,0,-666666666.0,-666666666.0,-666666666.0,-666666666.0,-666666666.0,-666666666.0,-666666666.0,0,-1999999998.0,-1333333332.0,-3333333330.0,-3999999996.0,0,-666666666.0,-666666666.0,-666666666.0,-666666666.0
10112,2014,2014_10112,0,-666666666,-666666666,0,-666666666,0,-666666666,0,-666666666.0,-666666666.0,-666666666.0,-666666666.0,-666666666.0,-666666666.0,-666666666.0,0,-1999999998.0,-1333333332.0,-3333333330.0,-3999999996.0,0,-666666666.0,-666666666.0,-666666666.0,-666666666.0
10115,2014,2014_10115,0,-666666666,-666666666,0,-666666666,0,-666666666,0,-666666666.0,-666666666.0,-666666666.0,-666666666.0,-666666666.0,-666666666.0,-666666666.0,0,-1999999998.0,-1333333332.0,-3333333330.0,-3999999996.0,0,-666666666.0,-666666666.0,-666666666.0,-666666666.0
10119,2014,2014_10119,0,-666666666,-666666666,0,-666666666,0,-666666666,0,-666666666.0,-666666666.0,-666666666.0,-666666666.0,-666666666.0,-666666666.0,-666666666.0,0,-1999999998.0,-1333333332.0,-3333333330.0,-3999999996.0,0,-666666666.0,-666666666.0,-666666666.0,-666666666.0
10128,2014,2014_10128,31919,100649,176612,22007,1901,9598,1000001,48763,2.5,2.1,6.2,7.5,2.4,40.1,39.1,62447,11.1,18.299999999999997,37.6,25.7,31919,46.6,32.8,10.5,10.1
10152,2014,2014_10152,0,-666666666,-666666666,0,-666666666,0,-666666666,0,-666666666.0,-666666666.0,-666666666.0,-666666666.0,-666666666.0,-666666666.0,-666666666.0,0,-1999999998.0,-1333333332.0,-3333333330.0,-3999999996.0,0,-666666666.0,-666666666.0,-666666666.0,-666666666.0
10153,2014,2014_10153,0,-666666666,-666666666,0,-666666666,0,-666666666,0,-666666666.0,-666666666.0,-666666666.0,-666666666.0,-666666666.0,-666666666.0,-666666666.0,0,-1999999998.0,-1333333332.0,-3333333330.0,-3999999996.0,0,-666666666.0,-666666666.0,-666666666.0,-666666666.0
10154,2014,2014_10154,0,-666666666,-666666666,0,-666666666,0,-666666666,0,-666666666.0,-666666666.0,-666666666.0,-666666666.0,-666666666.0,-666666666.0,-666666666.0,0,-1999999998.0,-1333333332.0,-3333333330.0,-3999999996.0,0,-666666666.0,-666666666.0,-666666666.0,-666666666.0
10162,2014,2014_10162,660,193238,203197,660,2001,0,-666666666,857,0.0,0.0,1.9,0.0,0.0,56.1,42.0,1252,13.6,0.0,52.6,15.900000000000002,660,67.0,5.0,0.0,28.0
10165,2014,2014_10165,0,-666666666,-666666666,0,-666666666,0,-666666666,0,-666666666.0,-666666666.0,-666666666.0,-666666666.0,-666666666.0,-666666666.0,-666666666.0,0,-1999999998.0,-1333333332.0,-3333333330.0,-3999999996.0,0,-666666666.0,-666666666.0,-666666666.0,-666666666.0
10167,2014,2014_10167,0,-666666666,-666666666,0,-666666666,0,-666666666,0,-666666666.0,-666666666.0,-666666666.0,-666666666.0,-666666666.0,-666666666.0,-666666666.0,0,-1999999998.0,-1333333332.0,-3333333330.0,-3999999996.0,0,-666666666.0,-666666666.0,-666666666.0,-666666666.0
10168,2014,2014_10168,0,-666666666,-666666666,0,-666666666,0,-666666666,0,-666666666.0,-666666666.0,-666666666.0,-666666666.0,-666666666.0,-666666666.0,-666666666.0,0,-1999999998.0,-1333333332.0,-3333333330.0,-3999999996.0,0,-666666666.0,-666666666.0,-666666666.0,-666666666.0
10169,2014,2014_10169,0,-666666666,-666666666,0,-666666666,0,-666666666,0,-666666666.0,-666666666.0,-666666666.0,-666666666.0,-666666666.0,-666666666.0,-666666666.0,0,-1999999998.0,-1333333332.0,-3333333330.0,-3999999996.0,0,-666666666.0,-666666666.0,-666666666.0,-666666666.0
10170,2014,2014_10170,0,-666666666,-666666666,0,-666666666,0,-666666666,0,-666666666.0,-666666666.0,-666666666.0,-666666666.0,-666666666.0,-666666666.0,-666666666.0,0,-1999999998.0,-1333333332.0,-3333333330.0,-3999999996.0,0,-666666666.0,-666666666.0,-666666666.0,-666666666.0
10171,2014,2014_10171,0,-666666666,-666666666,0,-666666666,0,-666666666,0,-666666666.0,-666666666.0,-666666666.0,-666666666.0,-666666666.0,-666666666.0,-666666666.0,0,-1999999998.0,-1333333332.0,-3333333330.0,-3999999996.0,0,-666666666.0,-666666666.0,-666666666.0,-666666666.0
10172,2014,2014_10172,0,-666666666,-666666666,0,-666666666,0,-666666666,0,-666666666.0,-666666666.0,-666666666.0,-666666666.0,-666666666.0,-666666666.0,-666666666.0,0,-1999999998.0,-1333333332.0,-3333333330.0,-3999999996.0,0,-666666666.0,-666666666.0,-666666666.0,-666666666.0
10173,2014,2014_10173,0,-666666666,-666666666,0,-666666666,0,-666666666,0,-666666666.0,-666666666.0,-666666666.0,-666666666.0,-666666666.0,-666666666.0,-666666666.0,0,-1999999998.0,-1333333332.0,-3333333330.0,-3999999996.0,0,-666666666.0,-666666666.0,-666666666.0,-666666666.0
10174,2014,2014_10174,0,-666666666,-666666666,0,-666666666,0,-666666666,0,-666666666.0,-666666666.0,-666666666.0,-666666666.0,-666666666.0,-666666666.0,-666666666.0,0,-1999999998.0,-1333333332.0,-3333333330.0,-3999999996.0,0,-666666666.0,-666666666.0,-666666666.0,-666666666.0
10177,2014,2014_10177,0,-666666666,-666666666,0,-666666666,0,-666666666,0,-666666666.0,-666666666.0,-666666666.0,-666666666.0,-666666666.0,-666666666.0,-666666666.0,0,-1999999998.0,-1333333332.0,-3333333330.0,-3999999996.0,0,-666666666.0,-666666666.0,-666666666.0,-666666666.0
10199,2014,2014_10199,0,-666666666,-666666666,0,-666666666,0,-666666666,0,-666666666.0,-666666666.0,-666666666.0,-666666666.0,-666666666.0,-666666666.0,-666666666.0,0,-1999999998.0,-1333333332.0,-3333333330.0,-3999999996.0,0,-666666666.0,-666666666.0,-666666666.0,-666666666.0
10271,2014,2014_10271,0,-666666666,-666666666,0,-666666666,0,-666666666,0,-666666666.0,-666666666.0,-666666666.0,-666666666.0,-666666666.0,-666666666.0,-666666666.0,0,-1999999998.0,-1333333332.0,-3333333330.0,-3999999996.0,0,-666666666.0,-666666666.0,-666666666.0,-666666666.0
10278,2014,2014_10278,0,-666666666,-666666666,0,-666666666,0,-666666666,0,-666666666.0,-666666666.0,-666666666.0,-666666666.0,-666666666.0,-666666666.0,-666666666.0,0,-1999999998.0,-1333333332.0,-3333333330.0,-3999999996.0,0,-666666666.0,-666666666.0,-666666666.0,-666666666.0
10279,2014,2014_10279,0,-666666666,-666666666,0,-666666666,0,-666666666,0,-666666666.0,-666666666.0,-666666666.0,-666666666.0,-666666666.0,-666666666.0,-666666666.0,0,-1999999998.0,-1333333332.0,-3333333330.0,-3999999996.0,0,-666666666.0,-666666666.0,-666666666.0,-666666666.0
10280,2014,2014_10280,4320,143636,182441,3147,2001,1075,679300,6745,0.5,1.4,3.8,8.3,3.0,41.9,41.1,8817,10.5,13.100000000000001,50.1,17.499999999999996,4320,39.5,36.1,13.3,11.1
10282,2014,2014_10282,2534,245556,316718,2368,2001,166,1000001,4088,0.8,0.8,4.9,2.1,4.3,42.6,44.5,5903,11.899999999999999,9.9,51.699999999999996,7.899999999999999,2534,32.8,30.7,13.0,23.5
10301,2014,2014_10301,14093,60278,76813,7800,1190,6162,400300,24744,6.5,8.5,27.1,17.9,8.0,18.2,13.8,39367,21.0,14.5,34.0,21.2,14093,32.5,27.1,14.2,26.2
10302,2014,2014_10302,5996,54150,68842,2397,1157,3458,368500,11646,6.7,9.8,34.3,20.7,6.8,15.2,6.4,18043,21.299999999999997,15.6,34.0,20.0,5996,26.1,22.3,17.4,34.2
10303,2014,2014_10303,8062,52826,67301,3096,920,4906,322900,15053,7.8,10.0,33.6,16.5,9.4,15.1,7.5,24348,22.5,17.2,34.7,17.9,8062,19.4,22.5,24.8,33.2
10304,2014,2014_10304,14475,53762,79892,6699,1096,7654,401500,26912,9.4,9.1,29.5,16.4,6.5,17.3,11.9,41864,20.6,15.299999999999999,32.6,22.5,14475,24.1,25.9,19.9,30.0
10305,2014,2014_10305,14884,70763,83184,4669,1181,9849,411100,29312,6.5,7.1,30.1,16.5,7.5,19.8,12.5,41471,16.8,13.0,36.9,25.000000000000007,14884,25.7,25.8,17.0,31.5
10306,2014,2014_10306,20241,79152,94614,5348,1200,14546,449400,38754,3.8,5.6,32.8,19.5,7.8,18.2,12.3,54888,18.7,11.8,35.0,27.1,20241,24.3,29.2,17.3,29.2
10307,2014,2014_10307,4953,86688,104973,888,1218,4009,571200,9576,3.6,3.1,29.7,19.0,9.4,20.1,15.2,15006,23.499999999999996,11.8,38.900000000000006,20.1,4953,16.7,27.0,15.0,41.3
10308,2014,2014_10308,10708,85814,101261,1721,1249,8789,454000,21471,3.2,6.2,37.2,17.4,6.8,17.5,11.9,29805,16.8,13.4,35.4,27.2,10708,20.8,28.3,21.3,29.6
10309,2014,2014_10309,11100,87536,111477,2218,1240,8658,546300,22596,3.2,6.5,30.7,19.2,8.1,19.5,12.8,33382,20.1,12.600000000000001,38.0,22.700000000000003,11100,19.1,25.2,19.7,35.9
10310,2014,2014_10310,8387,64724,78919,3199,1096,5025,409400,15316,4.6,8.6,30.9,19.1,8.8,16.1,11.8,24719,24.0,15.0,34.599999999999994,18.6,8387,22.2,22.7,21.6,33.5
10311,2014,2014_10311,0,-666666666,-666666666,0,-666666666,0,-666666666,0,-666666666.0,-666666666.0,-666666666.0,-666666666.0,-666666666.0,-666666666.0,-666666666.0,0,-1999999998.0,-1333333332.0,-3333333330.0,-3999999996.0,0,-666666666.0,-666666666.0,-666666666.0,-666666666.0
10312,2014,2014_10312,21208,87946,103272,3029,1280,17732,468200,42622,3.1,5.1,32.9,18.6,7.3,21.5,11.6,61105,18.4,12.600000000000001,33.400000000000006,29.3,21208,17.6,29.8,20.1,32.4
10314,2014,2014_10314,30972,78962,94547,7889,1195,22705,435000,62045,3.9,6.4,32.7,17.6,7.9,18.9,12.6,87524,17.299999999999997,12.5,34.1,27.799999999999994,30972,21.5,28.5,19.9,30.1
10451,2014,2014_10451,17862,27197,39062,15426,916,2331,108900,28860,19.0,17.9,25.1,16.7,6.0,10.0,5.4,47818,22.900000000000002,16.0,32.1,19.300000000000004,17862,38.2,22.1,16.9,22.8
10452,2014,2014_10452,25008,24965,35555,23609,1032,716,359300,43484,18.8,17.5,27.6,16.7,8.0,8.2,3.2,75252,25.2,15.299999999999999,33.9,16.299999999999997,25008,26.9,22.6,20.8,29.7
10453,2014,2014_10453,26059,24741,33985,24497,1017,970,439700,46912,16.9,16.4,30.4,15.9,8.6,7.7,4.1,79002,23.1,17.200000000000003,34.3,16.599999999999998,26059,28.3,23.9,19.2,28.6
10454,2014,2014_10454,12483,19536,31670,11759,639,643,365200,21423,23.1,19.8,27.8,14.9,5.3,6.8,2.2,38751,26.599999999999998,16.5,32.5,14.700000000000001,12483,27.5,25.2,16.6,30.8
10455,2014,2014_10455,13690,22996,33128,12401,785,1164,308300,23455,24.4,19.0,27.7,14.0,5.6,7.1,2.2,39951,22.900000000000002,17.299999999999997,32.7,16.200000000000003,13690,31.2,25.0,17.5,26.4
10456,2014,2014_10456,29156,22962,34536,26813,906,1770,362400,52775,20.8,19.9,25.8,17.5,5.1,8.4,2.5,91737,25.5,16.700000000000003,31.8,16.6,29156,28.0,24.3,16.7,30.9
10457,2014,2014_10457,22819,24883,36013,21118,1050,1419,393300,40192,20.6,16.9,27.0,17.6,5.6,8.0,4.3,71015,24.6,16.6,33.5,15.1,22819,28.7,22.4,18.5,30.4
10458,2014,2014_10458,25863,24829,37866,24214,1101,1109,341900,44076,17.4,17.9,28.3,18.0,6.4,8.3,3.8,76276,22.799999999999997,20.0,32.900000000000006,15.600000000000001,25863,30.7,25.4,16.4,27.5
10459,2014,2014_10459,15427,23400,36133,13709,917,1349,358800,27149,22.9,18.1,26.0,16.2,6.1,7.8,3.0,48269,26.1,16.7,31.200000000000003,16.299999999999997,15427,26.3,22.4,20.5,30.8
10460,2014,2014_10460,19534,23289,34899,17463,960,1709,353900,34370,19.0,21.6,26.9,15.8,6.3,8.2,2.2,58676,24.9,17.0,33.4,15.9,19534,26.4,24.8,21.7,27.0
10461,2014,2014_10461,19506,52230,69608,12991,1233,6145,444700,36956,9.7,10.2,29.6,17.9,6.6,16.2,9.9,52435,16.6,14.7,37.4,22.6,19506,32.0,28.7,16.7,22.6
10462,2014,2014_10462,28928,45234,55313,22220,1190,6332,246400,50758,12.2,10.8,26.7,16.9,9.3,15.3,8.8,76114,18.799999999999997,15.5,36.6,20.499999999999996,28928,35.5,26.2,15.0,23.3
10463,2014,2014_10463,27725,55354,77506,18716,1177,8506,280600,49579,9.8,9.2,20.1,17.5,6.1,18.8,18.6,71238,16.3,14.5,33.4,25.300000000000004,27725,35.4,30.3,15.7,18.5
10464,2014,2014_10464,2141,75696,90265,913,1338,1213,478900,3384,0.9,3.6,25.8,20.9,6.8,19.0,23.0,4532,15.2,10.0,34.5,35.6,2141,43.5,31.4,12.2,12.9
10465,2014,2014_10465,15956,68831,82114,7067,1237,8605,428900,31086,8.8,9.8,32.3,17.9,8.5,14.4,8.5,46360,19.700000000000003,14.100000000000001,31.7,26.6,15956,27.6,30.5,16.8,25.1
10466,2014,2014_10466,22615,42587,55669,13653,1102,8518,388600,44215,10.3,10.6,33.1,17.1,7.6,15.3,6.0,69657,21.6,14.7,34.3,21.5,22615,25.2,25.6,20.3,28.9
10467,2014,2014_10467,34861,35852,47788,30164,1127,4019,353700,62241,12.9,13.7,29.3,18.4,7.2,12.6,6.0,99251,21.4,15.899999999999999,35.0,18.2,34861,30.6,26.2,18.4,24.8
10468,2014,2014_10468,24195,33585,43225,21702,1129,2022,168100,44811,17.0,15.5,28.3,18.2,4.6,11.5,4.9,72683,21.3,17.700000000000003,34.8,17.1,24195,27.3,25.4,18.4,28.8
10469,2014,2014_10469,21837,57680,69954,10909,1267,10730,422300,47982,8.9,10.9,28.5,18.4,9.0,15.3,9.0,72241,20.4,14.7,33.2,23.6,21837,22.4,27.1,18.1,32.4
10470,2014,2014_10470,5813,58330,70004,3490,1253,2154,405700,10351,9.5,6.6,31.2,16.3,6.7,17.9,11.8,14880,15.4,16.5,33.5,24.700000000000003,5813,34.5,30.7,17.0,17.8
10471,2014,2014_10471,8848,73684,100733,4313,1401,4357,344300,15367,4.2,4.5,18.0,13.5,5.5,26.3,28.0,21935,17.299999999999997,13.899999999999999,29.3,29.000000000000004,8848,44.2,28.5,14.0,13.3
10472,2014,2014_10472,21207,30541,43989,17401,1058,3049,428200,42835,20.5,19.8,27.6,15.2,5.3,8.8,2.9,69659,21.1,17.9,32.099999999999994,18.799999999999997,21207,25.0,22.2,20.1,32.7
10473,2014,2014_10473,20427,36729,53120,14476,860,5804,375400,38889,11.3,14.1,30.2,18.4,8.9,12.2,4.9,59948,20.400000000000002,15.9,32.300000000000004,24.1,20427,26.2,27.2,21.5,25.1
10474,2014,2014_10474,3588,26460,34096,3211,985,225,368000,7193,14.6,21.1,28.0,16.3,9.2,8.5,2.3,12223,24.3,18.7,37.5,11.6,3588,22.5,26.1,22.4,28.9
10475,2014,2014_10475,18255,45886,59944,11020,939,7163,48100,33227,7.9,7.8,27.3,24.0,7.8,15.7,9.4,44582,14.399999999999999,12.7,33.5,33.0,18255,41.8,26.2,15.7,16.2
11001,2014,2014_11001,9047,100625,119250,1690,1460,7273,475000,19022,3.2,4.0,25.5,16.5,8.7,24.0,18.1,27156,19.1,12.3,34.1,26.599999999999998,9047,19.6,28.1,18.0,34.2
11003,2014,2014_11003,12048,88537,100315,2406,1467,9501,376300,30616,6.8,7.7,26.2,20.9,9.6,19.0,9.7,44907,19.3,15.8,35.2,23.3,12048,12.3,21.3,19.3,47.0
11004,2014,2014_11004,5065,82054,95851,1176,1171,3834,422500,10181,4.9,5.3,28.8,12.6,7.7,22.8,17.9,14045,14.2,14.6,33.4,27.9,5065,34.8,22.7,15.5,26.9
11005,2014,2014_11005,1619,61587,92034,139,2001,1470,378500,2123,0.8,2.1,17.7,27.2,3.3,24.1,24.9,2123,0.0,0.0,2.5999999999999996,59.900000000000006,1619,69.2,30.8,0.0,0.0
11040,2014,2014_11040,12983,105266,120751,1307,1450,11584,528400,28785,4.0,5.3,22.3,15.7,7.5,25.2,20.1,40799,19.4,10.2,33.8,28.6,12983,16.2,26.0,17.7,40.1
11101,2014,2014_11101,11494,48509,73313,9432,1215,1964,712100,18491,9.1,10.4,21.6,14.0,5.1,24.4,15.5,25317,14.0,18.799999999999997,44.1,17.2,11494,40.5,34.3,12.9,12.3
11102,2014,2014_11102,13834,50160,68309,11495,1464,1912,602900,25246,11.0,9.0,21.1,12.8,5.3,28.1,12.6,35027,13.8,23.8,40.2,15.899999999999999,13834,29.5,35.3,17.6,17.6
11103,2014,2014_11103,16351,57733,72396,13366,1452,2519,652300,29780,9.5,5.4,21.1,11.6,8.1,29.5,14.8,38257,9.7,24.8,39.99999999999999,19.7,16351,33.4,36.6,14.9,15.1
11104,2014,2014_11104,11519,56578,71040,9619,1386,1754,419400,20403,6.7,6.1,24.2,11.7,9.6,28.1,13.5,26555,11.5,15.9,44.599999999999994,21.4,11519,37.6,30.2,14.5,17.7
11105,2014,2014_11105,15571,60247,75740,11114,1487,4062,657800,28101,9.5,6.2,19.4,13.6,6.3,29.2,15.8,36816,11.6,21.200000000000003,40.7,20.299999999999997,15571,31.3,36.3,15.9,16.4
11106,2014,2014_11106,17011,52399,68551,13923,1347,2840,411200,29429,9.2,7.7,21.2,14.0,6.4,26.4,15.1,38633,12.7,19.4,41.800000000000004,20.400000000000002,17011,35.3,37.0,14.5,13.1
11109,2014,2014_11109,2418,128693,164048,1994,2001,424,442300,3638,0.0,0.0,4.1,9.7,3.6,35.6,47.0,4337,5.5,22.799999999999997,57.1,7.499999999999999,2418,43.0,43.0,9.1,4.9
11201,2014,2014_11201,24889,98775,151787,15213,1902,9155,714700,43120,3.4,4.3,10.5,9.6,3.3,33.5,35.4,56488,10.899999999999999,17.6,44.50000000000001,18.6,24889,41.0,36.2,11.8,11.0
11203,2014,2014_11203,27164,46630,60629,15688,1158,10891,420600,52758,7.8,7.5,34.6,21.4,8.6,13.4,6.6,77011,17.9,15.1,32.3,26.599999999999998,27164,28.7,27.7,18.3,25.2
11204,2014,2014_11204,24873,45593,63616,14645,1205,9510,660800,51638,15.0,12.6,31.1,11.5,5.0,16.5,8.3,80349,20.799999999999997,14.2,31.4,23.099999999999998,24873,20.4,26.0,18.1,35.5
11205,2014,2014_11205,15090,47050,73083,11501,1182,3351,621400,25396,7.6,11.1,21.4,13.8,4.3,22.7,19.0,43320,20.2,21.4,34.8,13.1,15090,30.6,31.2,15.6,22.6
11206,2014,2014_11206,28980,30686,47277,25327,893,3297,527800,49720,16.4,15.5,25.5,16.3,4.9,15.8,5.5,83180,22.4,21.3,30.7,16.200000000000003,28980,27.6,30.0,16.0,26.4
11207,2014,2014_11207,31648,33816,45940,23621,1054,7305,400600,55796,14.0,14.5,34.3,16.5,7.8,8.7,4.1,93465,23.4,17.1,31.9,18.8,31648,25.3,24.8,20.8,29.1
11208,2014,2014_11208,29020,34527,45934,21279,1137,7152,423100,54079,11.0,11.6,47.1,13.7,5.2,8.3,3.1,92262,24.7,15.7,34.5,16.3,29020,22.9,20.4,20.1,36.5
11209,2014,2014_11209,30916,59934,84945,19692,1330,10694,629200,53028,6.3,6.8,22.6,14.6,5.8,25.4,18.6,72582,15.399999999999999,13.5,37.9,24.599999999999998,30916,38.8,27.5,13.5,20.2
11210,2014,2014_11210,21906,56052,75085,11599,1130,10008,480500,42361,6.0,5.3,32.5,16.5,7.0,20.6,12.2,67042,22.0,14.799999999999999,34.599999999999994,20.7,21906,24.4,25.5,17.7,32.3
11211,2014,2014_11211,36422,50943,77466,30022,1337,5743,674900,61672,9.3,9.9,19.4,14.6,3.5,28.5,14.8,94681,16.6,23.0,34.99999999999999,13.899999999999999,36422,30.6,34.1,15.2,20.2
11212,2014,2014_11212,30685,28146,40233,25729,936,4497,383200,52986,10.0,15.5,36.9,19.4,7.1,8.3,2.8,87751,23.3,15.1,32.199999999999996,19.6,30685,28.8,26.5,21.1,23.6
11213,2014,2014_11213,23671,34804,47297,19490,1064,3577,599600,39245,9.0,12.5,32.1,19.4,6.6,12.8,7.6,62756,20.3,16.5,33.1,20.1,23671,36.1,23.6,18.1,22.2
11214,2014,2014_11214,31315,45838,62934,19817,1163,10695,616600,63783,13.9,12.6,31.0,10.6,6.1,17.1,8.6,88297,16.0,14.5,34.6,26.6,31315,26.5,27.8,17.3,28.4
11215,2014,2014_11215,28984,99040,139886,17875,1860,10786,937700,51584,4.0,4.2,9.1,9.4,3.1,35.1,35.2,70156,12.9,17.8,43.400000000000006,17.1,28984,27.6,36.0,18.1,18.2
11216,2014,2014_11216,23210,45566,63003,17931,1146,4935,646600,39549,5.8,10.5,24.3,16.0,5.6,23.3,14.5,54440,13.8,22.6,37.1,20.3,23210,38.1,30.4,16.8,14.7
11217,2014,2014_11217,16691,85199,120590,11525,1735,4935,890100,29747,6.3,6.4,11.2,10.2,3.6,33.0,29.4,38567,10.9,17.8,45.0,18.400000000000002,16691,33.9,36.1,15.5,14.5
11218,2014,2014_11218,24829,54441,72945,15886,1375,8288,571800,47215,11.5,8.4,22.1,11.5,6.0,22.2,18.2,75132,21.3,16.1,33.7,19.0,24829,26.5,26.3,16.8,30.4
11219,2014,2014_11219,26611,35083,51454,19044,1209,6599,746900,54307,20.3,14.6,34.0,10.5,4.3,11.1,5.2,98719,25.0,16.0,27.6,16.5,26611,17.4,23.2,15.2,44.2
11220,2014,2014_11220,29622,38052,53315,21813,1184,7158,617000,66466,27.6,20.2,21.5,8.0,4.4,12.5,5.9,101715,18.900000000000002,18.299999999999997,36.5,17.1,29622,19.0,21.4,18.0,41.6
11221,2014,2014_11221,28794,39785,53275,22248,1135,5949,541100,53122,14.3,15.5,27.6,16.5,5.8,13.8,6.4,83773,19.9,19.4,34.8,17.400000000000002,28794,30.5,22.6,18.0,28.9
11222,2014,2014_11222,16662,66610,80886,12981,1565,3461,702800,28366,5.2,4.2,17.3,13.2,6.0,34.5,19.6,34580,7.3,23.6,44.9,19.300000000000004,16662,38.9,35.8,14.9,10.4
11223,2014,2014_11223,27283,40873,61705,16293,1120,10259,612400,52320,11.5,12.1,32.3,12.1,6.5,16.9,8.6,76651,18.3,14.5,30.700000000000003,26.9,27283,26.7,28.6,15.8,28.9
11224,2014,2014_11224,18153,27011,47290,12574,732,5417,320100,30853,10.0,10.3,27.5,13.8,7.7,20.3,10.4,42698,16.0,12.7,27.2,35.199999999999996,18153,39.6,29.5,14.3,16.7
11225,2014,2014_11225,22790,43543,59118,19045,1183,3315,616600,40273,6.3,10.0,26.9,20.1,6.4,18.7,11.5,59613,16.5,18.8,33.699999999999996,22.700000000000003,22790,32.9,29.1,17.2,20.9
11226,2014,2014_11226,35998,42182,55874,30577,1164,4662,485900,66321,9.6,10.8,32.4,18.8,5.6,15.5,7.2,98299,18.2,16.7,36.0,21.200000000000003,35998,30.8,27.2,17.9,24.2
11228,2014,2014_11228,15244,62821,86920,6196,1287,8697,690600,32565,13.6,9.1,29.2,11.8,6.4,18.2,11.6,46059,17.6,12.6,35.4,25.8,15244,21.9,27.8,17.0,33.3
11229,2014,2014_11229,30987,51985,70010,16085,1131,14173,514300,57460,8.5,6.7,29.4,12.1,6.9,22.9,13.4,81351,16.7,13.1,34.1,27.7,30987,29.3,30.2,16.8,23.7
11230,2014,2014_11230,30228,41820,66750,20961,1229,8574,629700,55402,9.5,8.0,24.4,13.1,8.0,21.7,15.3,87064,20.2,15.3,30.199999999999996,23.400000000000002,30228,29.2,27.8,15.5,27.5
11231,2014,2014_11231,15275,83383,118321,11095,1629,4000,939100,26341,4.9,7.3,15.9,9.9,3.0,33.5,25.5,34605,12.7,14.200000000000001,45.599999999999994,19.4,15275,31.3,36.0,18.6,14.1
11232,2014,2014_11232,8700,44583,59324,6541,1335,2004,549000,19397,21.7,14.3,24.7,13.1,4.6,12.1,9.6,29452,18.9,20.5,40.099999999999994,14.1,8700,15.9,27.4,22.3,34.5
11233,2014,2014_11233,26412,34432,49486,19934,1053,5967,547500,44290,9.3,15.5,32.0,17.7,6.3,13.4,5.7,69637,20.799999999999997,15.5,36.0,18.7,26412,30.3,29.6,18.9,21.2
11234,2014,2014_11234,32314,67713,85437,10231,1277,21679,488400,64755,4.9,6.7,30.0,17.7,9.1,19.5,12.1,95610,19.1,13.4,33.4,25.599999999999998,32314,22.4,27.2,19.6,30.8
11235,2014,2014_11235,32104,42257,67317,18605,1136,12915,525600,57017,5.7,4.6,24.9,11.4,9.8,29.2,14.4,75622,14.0,11.5,34.00000000000001,31.099999999999998,32104,37.2,28.9,15.4,18.5
11236,2014,2014_11236,31920,60135,73164,16040,1260,15407,467500,64594,7.4,8.6,29.2,19.4,9.9,16.8,8.7,97714,20.0,15.2,35.0,22.899999999999995,31920,20.8,26.5,22.8,29.9
11237,2014,2014_11237,16683,42496,57515,14932,1299,1535,496100,33588,29.0,18.1,19.2,10.7,3.3,13.6,6.0,55258,18.9,25.2,35.7,11.7,16683,17.0,25.5,19.6,37.9
11238,2014,2014_11238,22943,69491,89269,16087,1446,6464,676800,39020,3.8,5.5,15.3,14.0,4.8,30.8,25.8,51959,10.4,21.0,40.9,19.7,22943,37.4,33.7,15.7,13.2
11239,2014,2014_11239,6355,27886,38019,6060,915,192,369600,9165,8.9,11.5,29.4,17.7,9.7,10.6,12.1,12943,16.6,14.8,29.800000000000004,30.800000000000004,6355,45.2,27.7,17.8,9.3
11351,2014,2014_11351,0,-666666666,-666666666,0,-666666666,0,-666666666,0,-666666666.0,-666666666.0,-666666666.0,-666666666.0,-666666666.0,-666666666.0,-666666666.0,0,-1999999998.0,-1333333332.0,-3333333330.0,-3999999996.0,0,-666666666.0,-666666666.0,-666666666.0,-666666666.0
11354,2014,2014_11354,19695,46650,63883,10989,1346,8002,400000,43857,11.8,10.7,29.8,13.0,9.3,17.6,7.7,56433,11.6,14.2,36.900000000000006,29.299999999999997,19695,23.4,31.4,20.5,24.7
11355,2014,2014_11355,27852,40539,56359,18132,1286,9027,494900,62111,15.8,12.2,28.3,9.3,9.7,16.1,8.6,83799,14.0,16.1,37.5,25.799999999999997,27852,23.1,25.0,21.2,30.7
11356,2014,2014_11356,7546,59084,73994,3762,1501,3668,550100,15875,10.2,10.0,34.3,16.1,6.7,16.1,6.7,23800,18.1,14.1,35.6,23.099999999999998,7546,19.9,24.4,19.2,36.5
11357,2014,2014_11357,15131,73189,91409,3688,1579,11210,600800,29613,7.5,7.0,28.1,15.5,7.2,21.7,13.1,40588,15.700000000000001,11.5,32.9,30.899999999999995,15131,26.7,30.2,17.0,26.2
11358,2014,2014_11358,13160,67277,82641,5433,1482,7468,627600,27897,8.9,6.3,25.1,15.5,7.8,22.8,13.6,37634,14.6,13.899999999999999,36.400000000000006,27.900000000000002,13160,22.0,30.1,20.3,27.6
11359,2014,2014_11359,0,-666666666,-666666666,0,-666666666,0,-666666666,0,-666666666.0,-666666666.0,-666666666.0,-666666666.0,-666666666.0,-666666666.0,-666666666.0,0,-1999999998.0,-1333333332.0,-3333333330.0,-3999999996.0,0,-666666666.0,-666666666.0,-666666666.0,-666666666.0
11360,2014,2014_11360,8573,79513,99142,2468,1966,5882,517300,15453,3.4,3.2,21.3,14.5,6.8,27.3,23.6,19916,13.8,8.0,34.0,34.8,8573,34.6,34.1,14.2,17.1
11361,2014,2014_11361,10691,77219,92549,4249,1654,6208,577500,22151,7.3,4.0,23.3,16.4,7.4,26.0,15.5,30352,16.1,12.4,37.4,25.3,10691,24.8,27.5,21.1,26.6
11362,2014,2014_11362,6973,82058,94462,1333,1660,5513,539700,13850,5.6,4.6,18.2,16.5,5.7,28.8,20.6,17897,12.9,10.5,35.6,30.899999999999995,6973,30.0,33.6,14.1,22.4
11363,2014,2014_11363,2589,92711,124271,773,1665,1799,698400,5201,5.1,1.7,17.8,15.4,8.9,30.6,20.6,7625,21.799999999999997,10.2,34.699999999999996,26.9,2589,23.4,24.6,18.2,33.9
11364,2014,2014_11364,13232,72344,86922,3238,1534,9821,515100,25789,5.8,4.4,22.4,14.8,6.9,27.3,18.3,34902,15.5,10.5,36.900000000000006,28.700000000000003,13232,29.4,26.6,17.3,26.7
11365,2014,2014_11365,15382,58990,74919,7774,1373,7464,579800,30513,7.1,7.0,23.3,16.8,10.3,20.6,14.9,43138,16.6,12.7,35.1,25.3,15382,25.0,27.6,20.5,26.9
11366,2014,2014_11366,4310,71692,93798,1160,1547,3084,624600,9006,4.6,6.5,22.2,13.7,7.3,27.0,18.7,13146,17.4,16.5,30.2,29.200000000000003,4310,17.8,31.3,21.8,29.1
11367,2014,2014_11367,14585,54218,72653,7510,1220,6698,379000,26904,6.8,6.7,25.3,12.2,8.4,23.6,17.0,41582,18.4,15.7,32.1,23.2,14585,28.3,27.3,17.4,27.0
11368,2014,2014_11368,29031,45014,56401,22695,1410,6009,461500,70910,27.4,12.5,30.8,12.5,5.6,7.9,3.4,110385,18.9,19.4,37.1,15.2,29031,17.3,20.5,16.8,45.4
11369,2014,2014_11369,11603,54181,67335,5877,1355,5502,455500,26675,14.3,8.9,37.6,14.0,6.3,12.5,6.5,39862,18.0,17.5,36.300000000000004,21.099999999999994,11603,22.0,21.4,19.3,37.3
11370,2014,2014_11370,8650,54196,69161,4499,1513,3946,504400,24929,11.6,17.6,31.4,10.8,8.3,12.9,7.4,36271,16.5,20.6,39.699999999999996,18.099999999999998,8650,20.2,26.0,17.8,36.0
11371,2014,2014_11371,0,-666666666,-666666666,0,-666666666,0,-666666666,0,-666666666.0,-666666666.0,-666666666.0,-666666666.0,-666666666.0,-666666666.0,-666666666.0,0,-1999999998.0,-1333333332.0,-3333333330.0,-3999999996.0,0,-666666666.0,-666666666.0,-666666666.0,-666666666.0
11372,2014,2014_11372,24346,46402,62444,16622,1298,7432,264300,46674,13.0,11.0,24.8,13.6,7.3,19.9,10.4,63202,13.5,16.2,39.6,22.499999999999996,24346,33.7,26.9,17.4,21.9
11373,2014,2014_11373,31788,49042,65470,22518,1372,8721,487600,72154,17.0,11.8,24.6,12.8,7.4,18.9,7.6,100713,14.899999999999999,16.1,40.6,21.200000000000003,31788,21.5,24.7,20.8,33.0
11374,2014,2014_11374,19415,50606,68255,12458,1333,6644,295100,32871,5.2,4.3,19.9,13.3,10.1,29.5,17.7,41792,11.2,13.799999999999999,35.6,30.7,19415,41.7,31.2,14.5,12.6
11375,2014,2014_11375,31731,71643,94340,15053,1553,15882,358700,53547,4.3,2.8,16.7,12.1,6.9,30.4,26.8,69652,13.200000000000001,10.2,39.5,27.4,31731,41.3,29.8,13.9,15.1
11377,2014,2014_11377,31473,49641,63387,22462,1363,8551,406600,64053,14.1,12.0,25.0,12.4,8.3,19.4,8.8,88939,15.0,17.3,40.800000000000004,20.099999999999998,31473,27.2,27.7,17.5,27.6
11378,2014,2014_11378,12505,56278,69886,5816,1375,6483,538000,22638,7.6,7.9,34.8,16.4,8.5,17.0,7.8,30854,15.1,13.0,37.9,25.7,12505,37.7,25.8,15.7,20.8
11379,2014,2014_11379,13682,71393,84041,5155,1359,8110,548200,26619,8.1,7.2,30.5,16.5,6.7,19.6,11.4,35725,16.1,10.3,36.9,29.1,13682,30.7,28.1,17.8,23.4
11385,2014,2014_11385,34605,53558,66944,23542,1276,10240,484900,67375,12.1,8.8,35.0,17.1,5.9,14.6,6.6,100132,18.3,16.200000000000003,36.5,20.6,34605,23.7,27.5,20.6,28.3
11411,2014,2014_11411,6087,81117,93666,1043,1363,4987,381100,14075,4.0,6.1,30.9,21.7,7.2,18.2,12.0,19177,15.6,12.4,34.099999999999994,31.999999999999996,6087,20.7,28.8,19.6,30.9
11412,2014,2014_11412,11066,70709,80823,2746,1273,8210,380400,25459,5.2,7.3,30.7,23.5,11.5,14.6,7.1,37690,19.0,14.3,35.3,23.9,11066,17.8,24.6,19.1,38.6
11413,2014,2014_11413,12263,80237,91263,2963,1506,9130,400600,28147,4.3,8.8,27.6,23.4,9.9,16.1,9.8,41689,19.8,13.6,35.4,24.599999999999998,12263,17.6,23.9,21.6,36.9
11414,2014,2014_11414,10796,69088,90543,2692,1452,8046,503400,21417,6.0,8.1,34.0,15.2,9.2,18.6,8.9,28742,14.799999999999999,10.0,33.0,32.1,10796,24.0,36.3,15.5,24.2
11415,2014,2014_11415,8308,64696,80185,5092,1373,3053,296800,14201,5.0,5.7,18.2,15.0,11.6,23.5,21.0,19020,13.399999999999999,14.600000000000001,37.4,25.5,8308,38.4,32.0,13.3,16.3
11416,2014,2014_11416,7111,58621,73653,3930,1318,3065,446900,16488,14.1,11.1,28.7,15.0,8.9,16.1,6.2,25973,20.9,16.0,36.4,18.4,7111,14.4,20.5,19.3,45.8
11417,2014,2014_11417,9515,61617,77103,4154,1334,5295,439400,21013,11.4,11.4,33.0,16.1,7.2,14.2,6.8,31556,19.2,15.1,37.1,20.699999999999996,9515,17.4,21.9,22.4,38.3
11418,2014,2014_11418,11094,61472,72887,6370,1316,4585,431300,24493,11.7,12.0,27.8,14.8,7.3,17.0,9.4,36751,18.8,16.5,37.3,19.599999999999998,11094,19.1,25.0,18.8,37.2
11419,2014,2014_11419,12422,55557,68973,5412,1345,6894,435200,32240,15.2,11.7,37.6,12.6,5.5,13.2,4.1,48370,18.9,16.799999999999997,36.8,21.4,12422,11.0,17.7,21.2,50.0
11420,2014,2014_11420,13674,57784,76420,4192,1406,9331,417900,33075,12.8,11.3,34.6,16.4,7.4,13.2,4.4,50162,19.7,16.0,35.5,21.8,13674,13.9,19.7,21.0,45.4
11421,2014,2014_11421,12198,61974,78375,5258,1374,6692,399400,27701,12.9,10.6,30.4,16.3,8.1,14.7,7.0,42745,18.799999999999997,16.5,35.3,20.3,12198,15.8,21.1,21.7,41.3
11422,2014,2014_11422,9796,83631,92001,3152,1584,6585,409800,21424,4.8,7.0,24.7,24.3,10.4,19.4,9.4,32589,19.5,15.3,34.7,22.299999999999997,9796,18.5,21.5,23.2,36.8
11423,2014,2014_11423,9961,60161,78204,3959,1217,5908,414100,22184,10.9,7.7,28.5,18.5,7.8,17.8,8.9,32053,17.9,14.2,35.1,25.4,9961,23.1,24.0,18.9,34.0
11424,2014,2014_11424,0,-666666666,-666666666,0,-666666666,0,-666666666,0,-666666666.0,-666666666.0,-666666666.0,-666666666.0,-666666666.0,-666666666.0,-666666666.0,0,-1999999998.0,-1333333332.0,-3333333330.0,-3999999996.0,0,-666666666.0,-666666666.0,-666666666.0,-666666666.0
11425,2014,2014_11425,0,-666666666,-666666666,0,-666666666,0,-666666666,0,-666666666.0,-666666666.0,-666666666.0,-666666666.0,-666666666.0,-666666666.0,-666666666.0,0,-1999999998.0,-1333333332.0,-3333333330.0,-3999999996.0,0,-666666666.0,-666666666.0,-666666666.0,-666666666.0
11426,2014,2014_11426,6084,77917,96119,1288,1406,4639,456800,13697,4.8,7.0,28.8,16.3,6.4,22.0,14.7,19348,16.1,13.2,33.8,26.9,6084,18.9,27.0,20.8,33.3
11427,2014,2014_11427,7667,69847,85937,2948,1297,4584,455400,16796,5.7,10.1,27.3,15.0,8.4,22.3,11.1,23460,14.5,14.4,36.3,26.7,7667,23.7,26.3,20.0,30.0
11428,2014,2014_11428,5826,68077,77377,1925,1437,3731,411300,14424,9.5,9.0,34.4,14.0,12.0,15.5,5.6,20461,17.0,15.3,36.9,24.8,5826,11.7,22.0,24.0,42.4
11429,2014,2014_11429,7542,71208,83725,2268,1337,5104,380800,18808,6.4,9.2,33.5,21.5,9.5,13.1,6.8,27506,18.7,14.899999999999999,35.9,24.5,7542,12.6,26.1,18.2,43.1
11430,2014,2014_11430,0,-666666666,-666666666,0,-666666666,0,-666666666,148,0.0,28.4,50.0,9.5,0.0,8.1,4.1,171,0.0,34.0,42.7,23.4,0,-666666666.0,-666666666.0,-666666666.0,-666666666.0
11432,2014,2014_11432,18674,49631,67770,11601,1290,6701,523100,41061,12.8,9.9,23.2,11.3,8.3,21.5,12.9,62395,19.1,15.6,34.2,22.099999999999998,18674,24.4,23.2,18.4,34.1
11433,2014,2014_11433,10419,44799,58601,6060,964,4228,374100,21483,10.7,12.5,30.9,19.4,8.9,12.9,4.8,37927,24.6,14.700000000000001,32.3,17.299999999999997,10419,23.0,22.7,15.1,39.2
11434,2014,2014_11434,20569,58178,70272,10284,1118,10119,369700,42489,5.3,9.9,31.2,23.8,7.7,14.4,7.7,65255,20.7,14.899999999999999,34.199999999999996,21.499999999999996,20569,26.7,23.4,19.7,30.3
11435,2014,2014_11435,18318,52939,65791,11440,1332,6576,335600,37872,12.2,9.2,27.5,13.9,7.7,19.0,10.4,54523,17.5,16.5,37.5,21.2,18318,25.8,27.5,17.5,29.3
11436,2014,2014_11436,5396,61544,74994,1564,1453,3763,358900,12349,8.0,9.3,36.3,21.8,7.2,11.8,5.6,18609,18.9,16.8,36.7,20.4,5396,17.4,25.1,20.9,36.6
11451,2014,2014_11451,0,-666666666,-666666666,0,-666666666,0,-666666666,0,-666666666.0,-666666666.0,-666666666.0,-666666666.0,-666666666.0,-666666666.0,-666666666.0,0,-1999999998.0,-1333333332.0,-3333333330.0,-3999999996.0,0,-666666666.0,-666666666.0,-666666666.0,-666666666.0
11691,2014,2014_11691,19390,39986,56999,14350,1037,4887,431200,37582,13.8,16.2,27.3,16.5,6.7,12.2,7.3,62577,21.8,14.600000000000001,30.4,21.599999999999998,19390,29.1,23.1,14.5,33.3
11692,2014,2014_11692,6140,40298,58042,3969,837,2074,351200,11217,10.9,14.5,25.6,20.5,9.0,12.2,7.2,17970,22.4,13.3,34.5,20.400000000000002,6140,26.9,25.1,24.2,23.8
11693,2014,2014_11693,4497,51116,62443,2415,888,2005,326100,7560,3.2,14.1,31.1,19.4,7.5,18.4,6.3,11338,18.8,13.4,38.1,22.299999999999997,4497,33.8,27.6,17.7,20.8
11694,2014,2014_11694,8136,75615,95102,3637,1232,4364,618200,15407,4.2,7.5,21.0,19.7,8.8,20.5,18.3,21507,19.2,8.9,33.9,28.900000000000002,8136,33.9,28.0,17.0,21.0
11697,2014,2014_11697,1584,82230,100398,41,528,1534,516100,2899,1.7,2.8,27.9,16.8,6.6,25.5,18.7,4078,21.4,7.8,25.6,36.6,1584,28.5,37.1,9.2,25.3
10001,2013,2013_10001,11024,81671,157557,7944,1830,3007,650200,15876,4.1,4.0,8.4,10.9,3.2,37.5,31.8,21966,11.4,26.1,37.0,20.7,11024,54.8,29.7,8.8,6.6
10002,2013,2013_10002,32467,33218,60347,27894,848,4361,535600,62471,24.6,11.4,20.1,10.7,4.0,20.8,8.5,82191,13.7,15.5,36.9,27.300000000000004,32467,38.7,30.3,13.9,17.1
10003,2013,2013_10003,27505,92540,146769,18725,1855,8358,817700,41525,1.9,2.1,7.0,9.5,1.9,42.9,34.8,57310,13.899999999999999,27.4,36.2,18.7,27505,55.7,31.7,8.3,4.4
10004,2013,2013_10004,1430,129313,206142,988,2001,361,894200,2087,0.3,1.6,6.2,9.4,4.0,41.6,36.8,2807,10.5,24.200000000000003,47.0,14.100000000000001,1430,53.3,25.5,11.0,10.1
10005,2013,2013_10005,3725,124670,178458,3148,2001,560,1000001,5403,1.2,1.1,1.0,7.4,0.7,47.8,40.9,6822,3.4,50.0,40.6,2.4,3725,52.7,34.9,7.0,5.4
10006,2013,2013_10006,1598,119274,149520,1418,2001,168,714300,2002,0.0,1.1,5.4,5.9,6.1,40.7,40.8,2507,3.5,33.599999999999994,54.8,5.0,1598,62.1,32.9,0.8,4.3
10007,2013,2013_10007,2595,216037,385882,1685,2001,895,1000001,5006,2.3,4.2,6.6,8.1,2.0,35.3,41.5,6525,11.899999999999999,17.1,53.199999999999996,10.6,2595,33.7,35.8,15.4,15.1
10009,2013,2013_10009,29565,59929,85508,27133,1436,2326,672800,47733,9.4,6.9,13.5,9.2,3.3,36.1,21.5,62810,9.5,25.6,36.6,23.4,29565,48.0,29.7,13.1,9.2
10010,2013,2013_10010,16004,97955,145088,11839,2001,4006,746200,23431,1.7,1.8,8.5,9.8,4.5,39.8,33.8,30670,8.5,26.9,37.6,21.8,16004,56.3,30.3,8.6,4.7
10011,2013,2013_10011,29457,104238,191483,18670,1911,10227,914500,43189,2.1,2.5,7.0,8.4,3.0,40.3,36.8,52167,7.3,17.4,46.4,23.1,29457,57.3,30.2,7.5,5.0
10012,2013,2013_10012,13128,86594,136376,10762,1843,2296,1000001,20579,5.3,1.5,8.9,7.0,1.8,42.0,33.5,26145,8.0,27.9,36.9,22.2,13128,56.3,27.5,9.2,7.0
10013,2013,2013_10013,11048,83725,207336,7792,1388,3155,1000001,18751,13.4,5.8,10.6,7.1,1.4,33.5,28.2,26065,11.8,21.1,34.5,24.7,11048,42.4,30.4,12.3,14.9
10014,2013,2013_10014,18383,108483,170750,12893,2001,5104,947300,26135,0.7,1.0,6.3,7.8,2.4,47.3,34.6,30597,6.6000000000000005,22.6,44.3,22.700000000000003,18383,60.5,28.4,6.8,4.3
10016,2013,2013_10016,27892,105324,155107,19432,2001,8111,759600,39874,1.4,1.9,6.3,8.1,2.8,43.9,35.6,51196,6.2,30.6,38.0,19.099999999999998,27892,55.6,29.9,9.4,5.0
10017,2013,2013_10017,9908,100652,157023,6510,2001,3326,637100,13376,0.9,1.5,5.7,8.1,3.2,43.4,37.3,16129,3.8,27.400000000000002,40.1,23.900000000000002,9908,63.7,25.6,7.4,3.3
10018,2013,2013_10018,3537,104635,139891,3102,2001,373,1000001,5462,5.5,2.4,8.7,10.8,3.6,38.9,30.2,7021,5.1,37.5,41.9,11.399999999999999,3537,51.7,34.3,8.9,5.1
10019,2013,2013_10019,23420,84424,135288,18526,1984,4547,808600,32937,4.0,3.8,9.3,9.5,3.3,36.8,33.3,38394,4.3,22.9,43.3,24.400000000000002,23420,62.0,27.7,7.0,3.3
10020,2013,2013_10020,0,-666666666,-666666666,0,-666666666,0,-666666666,0,-666666666.0,-666666666.0,-666666666.0,-666666666.0,-666666666.0,-666666666.0,-666666666.0,0,-1999999998.0,-1333333332.0,-3333333330.0,-3999999996.0,0,-666666666.0,-666666666.0,-666666666.0,-666666666.0
10021,2013,2013_10021,23175,107907,208019,13513,1859,9141,1000001,33940,0.7,2.0,6.3,8.0,3.0,38.1,41.9,40862,8.200000000000001,14.0,36.7,32.5,23175,53.8,33.4,5.6,7.2
10022,2013,2013_10022,17647,109019,214340,9197,2001,8120,866100,25005,0.4,1.2,5.7,9.8,2.2,43.3,37.4,29618,5.2,17.4,35.6,33.6,17647,58.6,30.0,6.6,4.7
10023,2013,2013_10023,32793,103534,183329,19845,1951,12356,872500,49140,1.4,1.9,6.5,8.3,2.4,33.5,45.9,61315,9.100000000000001,14.5,38.0,28.4,32793,53.7,28.6,9.6,8.1
10024,2013,2013_10024,29083,109956,194424,18198,1905,10456,1000001,46852,2.6,2.3,6.8,8.9,1.9,34.1,43.5,59164,11.6,12.8,39.199999999999996,28.3,29083,46.2,31.5,10.0,12.3
10025,2013,2013_10025,43421,68516,119878,32777,1451,9920,934600,73169,5.1,4.8,9.0,9.7,3.4,29.3,38.7,97390,11.5,20.0,35.599999999999994,25.1,43421,45.1,32.0,11.5,11.4
10026,2013,2013_10026,14324,43107,69653,11286,914,2876,602400,25287,7.2,10.2,23.0,15.2,5.1,21.4,17.9,37871,16.7,20.0,37.800000000000004,17.299999999999997,14324,38.8,28.3,14.4,18.4
10027,2013,2013_10027,22862,37872,67382,19186,950,3202,716100,39760,8.6,9.5,20.9,11.8,5.0,19.9,24.3,62617,19.200000000000003,23.5,32.9,17.2,22862,38.9,30.6,14.7,15.9
10028,2013,2013_10028,24232,104638,193882,15937,1944,7731,1000001,35363,1.1,1.4,6.0,7.2,3.0,39.7,41.7,44295,9.7,17.6,37.6,27.500000000000004,24232,50.8,32.6,7.2,9.4
10029,2013,2013_10029,28738,31888,61307,26656,853,1888,787000,51167,11.5,14.9,26.6,11.8,5.2,17.7,12.4,77454,19.799999999999997,18.9,33.2,21.0,28738,37.2,29.0,15.7,18.1
10030,2013,2013_10030,11590,31925,53814,9937,823,1449,509000,19379,9.7,13.3,24.5,18.0,5.7,18.3,10.6,28472,17.1,19.1,37.699999999999996,18.700000000000003,11590,45.0,24.6,14.6,15.8
10031,2013,2013_10031,20782,37655,57606,17788,1062,2309,369800,40296,15.9,11.6,20.5,16.8,4.8,17.8,12.7,59092,15.799999999999999,22.5,36.300000000000004,18.4,20782,35.4,27.0,16.4,21.2
10032,2013,2013_10032,19548,34568,49378,17529,1035,1495,334900,41220,21.1,14.8,18.7,14.8,4.1,17.5,9.0,59374,15.3,21.8,34.5,20.800000000000004,19548,34.7,25.6,16.0,23.7
10033,2013,2013_10033,19254,41556,62147,16604,1160,2202,422100,40807,18.4,11.6,18.8,14.2,5.2,18.2,13.6,58710,14.5,19.5,37.0,21.7,19254,30.3,27.0,18.6,24.1
10034,2013,2013_10034,14967,41171,57323,13238,1102,1341,354700,29248,19.0,9.8,19.8,14.7,4.8,19.1,12.8,41510,16.3,16.1,38.9,20.9,14967,32.4,30.1,15.4,22.1
10035,2013,2013_10035,12391,24533,46385,11369,666,972,445900,22191,17.1,18.9,23.1,13.9,4.2,13.7,9.0,33488,17.9,18.9,34.300000000000004,20.4,12391,43.9,24.1,13.7,18.2
10036,2013,2013_10036,14066,66599,106275,12405,1770,1453,810300,19133,3.0,2.9,11.7,12.4,3.4,37.6,29.0,23132,4.199999999999999,26.4,43.9,22.0,14066,64.8,25.3,6.7,3.2
10037,2013,2013_10037,8455,37341,49722,7659,953,681,260200,12215,4.0,9.2,19.7,23.8,8.5,19.9,14.9,17377,16.7,16.0,33.4,24.599999999999998,8455,55.0,24.5,10.3,10.1
10038,2013,2013_10038,9047,66074,121450,6778,1537,2075,616300,14254,11.4,6.0,10.9,9.8,2.5,34.2,25.4,20082,12.1,27.3,34.0,19.3,9047,45.9,33.9,10.8,9.4
10039,2013,2013_10039,10456,33595,46310,8910,802,1414,352300,16741,10.7,12.3,24.1,18.3,8.2,16.7,9.7,26577,20.0,17.5,36.5,17.3,10456,37.6,29.7,16.6,16.1
10040,2013,2013_10040,15580,42721,60419,13841,1127,1509,317300,31456,15.2,13.7,18.5,13.8,4.3,20.7,13.8,44825,15.2,17.8,35.2,23.4,15580,35.7,25.0,16.9,22.4
10044,2013,2013_10044,4519,83066,109332,3956,1982,502,580400,9349,5.3,8.3,15.7,11.1,3.3,20.9,35.5,12346,9.2,15.4,39.3,26.6,4519,36.5,34.9,14.3,14.4
10065,2013,2013_10065,17867,115519,214581,11942,2001,5474,1000001,26998,0.6,1.0,7.6,8.1,2.7,38.8,41.1,32797,6.4,17.9,40.3,27.000000000000004,17867,51.6,31.6,9.4,7.3
10069,2013,2013_10069,2854,170630,219955,2127,2001,727,966600,4309,0.0,0.0,2.8,6.8,3.3,44.0,43.2,5118,6.6000000000000005,7.8,56.699999999999996,19.6,2854,51.0,32.2,9.8,7.0
10075,2013,2013_10075,13735,102941,189081,7272,1868,6274,805300,20750,0.5,1.8,5.9,8.4,2.9,42.9,37.7,24849,8.5,15.1,36.6,32.4,13735,51.4,33.8,7.1,7.7
10103,2013,2013_10103,0,-666666666,-666666666,0,-666666666,0,-666666666,0,-666666666.0,-666666666.0,-666666666.0,-666666666.0,-666666666.0,-666666666.0,-666666666.0,0,-1999999998.0,-1333333332.0,-3333333330.0,-3999999996.0,0,-666666666.0,-666666666.0,-666666666.0,-666666666.0
10110,2013,2013_10110,0,-666666666,-666666666,0,-666666666,0,-666666666,2,0.0,0.0,50.0,0.0,0.0,0.0,50.0,2,0.0,0.0,100.0,0.0,0,-666666666.0,-666666666.0,-666666666.0,-666666666.0
10111,2013,2013_10111,0,-666666666,-666666666,0,-666666666,0,-666666666,0,-666666666.0,-666666666.0,-666666666.0,-666666666.0,-666666666.0,-666666666.0,-666666666.0,0,-1999999998.0,-1333333332.0,-3333333330.0,-3999999996.0,0,-666666666.0,-666666666.0,-666666666.0,-666666666.0
10112,2013,2013_10112,0,-666666666,-666666666,0,-666666666,0,-666666666,0,-666666666.0,-666666666.0,-666666666.0,-666666666.0,-666666666.0,-666666666.0,-666666666.0,0,-1999999998.0,-1333333332.0,-3333333330.0,-3999999996.0,0,-666666666.0,-666666666.0,-666666666.0,-666666666.0
10115,2013,2013_10115,0,-666666666,-666666666,0,-666666666,0,-666666666,0,-666666666.0,-666666666.0,-666666666.0,-666666666.0,-666666666.0,-666666666.0,-666666666.0,0,-1999999998.0,-1333333332.0,-3333333330.0,-3999999996.0,0,-666666666.0,-666666666.0,-666666666.0,-666666666.0
10119,2013,2013_10119,0,-666666666,-666666666,0,-666666666,0,-666666666,0,-666666666.0,-666666666.0,-666666666.0,-666666666.0,-666666666.0,-666666666.0,-666666666.0,0,-1999999998.0,-1333333332.0,-3333333330.0,-3999999996.0,0,-666666666.0,-666666666.0,-666666666.0,-666666666.0
10128,2013,2013_10128,31345,96296,167623,21726,1879,9314,1000001,47275,2.3,2.1,6.6,8.2,2.9,39.6,38.3,60121,10.8,18.3,38.5,25.299999999999997,31345,48.9,32.1,9.4,9.7
10152,2013,2013_10152,0,-666666666,-666666666,0,-666666666,0,-666666666,0,-666666666.0,-666666666.0,-666666666.0,-666666666.0,-666666666.0,-666666666.0,-666666666.0,0,-1999999998.0,-1333333332.0,-3333333330.0,-3999999996.0,0,-666666666.0,-666666666.0,-666666666.0,-666666666.0
10153,2013,2013_10153,0,-666666666,-666666666,0,-666666666,0,-666666666,0,-666666666.0,-666666666.0,-666666666.0,-666666666.0,-666666666.0,-666666666.0,-666666666.0,0,-1999999998.0,-1333333332.0,-3333333330.0,-3999999996.0,0,-666666666.0,-666666666.0,-666666666.0,-666666666.0
10154,2013,2013_10154,0,-666666666,-666666666,0,-666666666,0,-666666666,0,-666666666.0,-666666666.0,-666666666.0,-666666666.0,-666666666.0,-666666666.0,-666666666.0,0,-1999999998.0,-1333333332.0,-3333333330.0,-3999999996.0,0,-666666666.0,-666666666.0,-666666666.0,-666666666.0
10162,2013,2013_10162,700,168667,200459,700,2001,0,-666666666,942,0.0,1.4,1.7,1.6,3.3,59.9,32.2,1327,17.6,0.0,54.800000000000004,15.2,700,61.7,15.1,0.0,23.1
10165,2013,2013_10165,0,-666666666,-666666666,0,-666666666,0,-666666666,0,-666666666.0,-666666666.0,-666666666.0,-666666666.0,-666666666.0,-666666666.0,-666666666.0,0,-1999999998.0,-1333333332.0,-3333333330.0,-3999999996.0,0,-666666666.0,-666666666.0,-666666666.0,-666666666.0
10167,2013,2013_10167,0,-666666666,-666666666,0,-666666666,0,-666666666,0,-666666666.0,-666666666.0,-666666666.0,-666666666.0,-666666666.0,-666666666.0,-666666666.0,0,-1999999998.0,-1333333332.0,-3333333330.0,-3999999996.0,0,-666666666.0,-666666666.0,-666666666.0,-666666666.0
10168,2013,2013_10168,0,-666666666,-666666666,0,-666666666,0,-666666666,0,-666666666.0,-666666666.0,-666666666.0,-666666666.0,-666666666.0,-666666666.0,-666666666.0,0,-1999999998.0,-1333333332.0,-3333333330.0,-3999999996.0,0,-666666666.0,-666666666.0,-666666666.0,-666666666.0
10169,2013,2013_10169,0,-666666666,-666666666,0,-666666666,0,-666666666,0,-666666666.0,-666666666.0,-666666666.0,-666666666.0,-666666666.0,-666666666.0,-666666666.0,0,-1999999998.0,-1333333332.0,-3333333330.0,-3999999996.0,0,-666666666.0,-666666666.0,-666666666.0,-666666666.0
10170,2013,2013_10170,0,-666666666,-666666666,0,-666666666,0,-666666666,0,-666666666.0,-666666666.0,-666666666.0,-666666666.0,-666666666.0,-666666666.0,-666666666.0,0,-1999999998.0,-1333333332.0,-3333333330.0,-3999999996.0,0,-666666666.0,-666666666.0,-666666666.0,-666666666.0
10171,2013,2013_10171,0,-666666666,-666666666,0,-666666666,0,-666666666,0,-666666666.0,-666666666.0,-666666666.0,-666666666.0,-666666666.0,-666666666.0,-666666666.0,0,-1999999998.0,-1333333332.0,-3333333330.0,-3999999996.0,0,-666666666.0,-666666666.0,-666666666.0,-666666666.0
10172,2013,2013_10172,0,-666666666,-666666666,0,-666666666,0,-666666666,0,-666666666.0,-666666666.0,-666666666.0,-666666666.0,-666666666.0,-666666666.0,-666666666.0,0,-1999999998.0,-1333333332.0,-3333333330.0,-3999999996.0,0,-666666666.0,-666666666.0,-666666666.0,-666666666.0
10173,2013,2013_10173,0,-666666666,-666666666,0,-666666666,0,-666666666,0,-666666666.0,-666666666.0,-666666666.0,-666666666.0,-666666666.0,-666666666.0,-666666666.0,0,-1999999998.0,-1333333332.0,-3333333330.0,-3999999996.0,0,-666666666.0,-666666666.0,-666666666.0,-666666666.0
10174,2013,2013_10174,0,-666666666,-666666666,0,-666666666,0,-666666666,0,-666666666.0,-666666666.0,-666666666.0,-666666666.0,-666666666.0,-666666666.0,-666666666.0,0,-1999999998.0,-1333333332.0,-3333333330.0,-3999999996.0,0,-666666666.0,-666666666.0,-666666666.0,-666666666.0
10177,2013,2013_10177,0,-666666666,-666666666,0,-666666666,0,-666666666,0,-666666666.0,-666666666.0,-666666666.0,-666666666.0,-666666666.0,-666666666.0,-666666666.0,0,-1999999998.0,-1333333332.0,-3333333330.0,-3999999996.0,0,-666666666.0,-666666666.0,-666666666.0,-666666666.0
10199,2013,2013_10199,0,-666666666,-666666666,0,-666666666,0,-666666666,0,-666666666.0,-666666666.0,-666666666.0,-666666666.0,-666666666.0,-666666666.0,-666666666.0,0,-1999999998.0,-1333333332.0,-3333333330.0,-3999999996.0,0,-666666666.0,-666666666.0,-666666666.0,-666666666.0
10271,2013,2013_10271,0,-666666666,-666666666,0,-666666666,0,-666666666,0,-666666666.0,-666666666.0,-666666666.0,-666666666.0,-666666666.0,-666666666.0,-666666666.0,0,-1999999998.0,-1333333332.0,-3333333330.0,-3999999996.0,0,-666666666.0,-666666666.0,-666666666.0,-666666666.0
10278,2013,2013_10278,0,-666666666,-666666666,0,-666666666,0,-666666666,0,-666666666.0,-666666666.0,-666666666.0,-666666666.0,-666666666.0,-666666666.0,-666666666.0,0,-1999999998.0,-1333333332.0,-3333333330.0,-3999999996.0,0,-666666666.0,-666666666.0,-666666666.0,-666666666.0
10279,2013,2013_10279,0,-666666666,-666666666,0,-666666666,0,-666666666,0,-666666666.0,-666666666.0,-666666666.0,-666666666.0,-666666666.0,-666666666.0,-666666666.0,0,-1999999998.0,-1333333332.0,-3333333330.0,-3999999996.0,0,-666666666.0,-666666666.0,-666666666.0,-666666666.0
10280,2013,2013_10280,4190,129574,167317,2971,2001,1067,685700,6690,1.3,1.0,4.4,9.8,4.1,42.1,37.3,8685,10.1,11.0,50.6,19.099999999999998,4190,38.2,33.7,18.1,9.9
10282,2013,2013_10282,2574,230952,293121,2395,2001,179,1000001,4088,0.8,1.0,3.7,2.1,6.0,37.6,48.8,6217,14.5,6.3,52.900000000000006,6.300000000000001,2574,34.1,23.3,14.1,28.6
10301,2013,2013_10301,14101,56848,75422,7876,1155,6107,402300,24653,6.6,9.2,26.7,16.9,7.4,18.7,14.5,38885,20.1,15.100000000000001,35.0,20.8,14101,34.2,27.2,12.3,26.4
10302,2013,2013_10302,5669,56841,70132,2344,1129,3151,382000,10832,8.4,10.7,34.3,19.5,6.1,14.1,6.9,16811,20.5,15.6,33.8,19.6,5669,26.2,25.2,16.7,31.9
10303,2013,2013_10303,8086,51537,65878,3327,1013,4707,325100,14843,7.7,9.4,33.9,16.8,9.7,14.6,8.0,24537,23.1,17.5,35.0,16.2,8086,18.8,22.5,24.1,34.6
10304,2013,2013_10304,14807,53168,77659,6788,1100,7865,403700,27455,9.3,10.1,30.2,16.2,6.2,16.0,12.0,43084,21.299999999999997,15.799999999999999,32.800000000000004,21.999999999999996,14807,24.2,26.0,19.0,30.8
10305,2013,2013_10305,14867,70758,83935,4617,1183,9803,415300,29627,6.3,8.3,30.2,16.1,7.4,19.5,12.2,42006,16.9,13.1,36.3,25.2,14867,26.0,25.1,16.3,32.6
10306,2013,2013_10306,20526,75807,93591,5390,1201,14751,450200,39339,3.8,5.9,32.2,20.0,8.5,17.7,11.9,55902,18.1,12.899999999999999,34.8,26.399999999999995,20526,24.0,28.0,18.1,29.9
10307,2013,2013_10307,4828,86457,109555,1016,1334,3768,567400,9409,3.7,4.6,27.9,21.1,10.7,18.3,13.7,14829,23.299999999999997,11.2,39.5,18.900000000000002,4828,16.1,25.8,15.4,42.6
10308,2013,2013_10308,10420,88075,105080,1574,1333,8714,452600,20633,3.3,5.5,37.8,18.5,7.1,16.0,11.8,28939,17.7,12.600000000000001,36.0,27.200000000000003,10420,21.4,28.3,18.5,31.8
10309,2013,2013_10309,10756,86297,105948,1971,1274,8542,539100,22138,3.1,5.7,32.7,20.5,7.1,18.4,12.5,32646,20.9,12.399999999999999,39.0,21.499999999999996,10756,18.1,24.9,21.2,35.8
10310,2013,2013_10310,8438,61925,82052,3132,1178,5159,414600,15478,4.1,7.7,32.8,18.9,8.9,14.8,12.7,25227,25.8,12.9,35.9,17.599999999999998,8438,23.3,21.2,19.2,36.3
10311,2013,2013_10311,0,-666666666,-666666666,0,-666666666,0,-666666666,0,-666666666.0,-666666666.0,-666666666.0,-666666666.0,-666666666.0,-666666666.0,-666666666.0,0,-1999999998.0,-1333333332.0,-3333333330.0,-3999999996.0,0,-666666666.0,-666666666.0,-666666666.0,-666666666.0
10312,2013,2013_10312,21243,85324,101227,2894,1166,17859,467300,42179,3.1,5.5,33.6,18.8,7.3,20.5,11.2,60081,18.599999999999998,12.5,34.1,28.8,21243,18.6,30.0,19.6,31.7
10314,2013,2013_10314,30868,77242,91434,7911,1187,22554,437500,61330,3.5,6.5,32.9,19.2,7.3,18.2,12.4,87276,17.9,11.8,34.199999999999996,27.499999999999996,30868,22.2,27.9,19.1,30.7
10451,2013,2013_10451,17529,26754,36560,15408,874,2011,170600,28103,19.3,18.2,26.2,16.7,5.1,9.3,5.1,47069,22.8,16.4,33.1,18.4,17529,36.7,23.2,16.6,23.5
10452,2013,2013_10452,24701,25979,36082,23269,996,792,402800,43921,19.4,17.1,28.1,17.0,7.6,7.6,3.3,74931,24.6,16.1,34.2,16.299999999999997,24701,26.5,22.4,21.8,29.2
10453,2013,2013_10453,25624,25470,35381,24109,990,1091,445200,46878,17.7,16.9,29.1,15.8,8.4,8.4,3.7,79793,24.200000000000003,16.7,35.0,15.5,25624,26.3,22.7,20.8,30.2
10454,2013,2013_10454,12467,20232,31814,11741,633,631,386000,21352,24.1,20.6,27.3,13.8,5.0,6.8,2.4,38089,26.099999999999998,16.1,32.300000000000004,16.1,12467,27.3,26.2,17.4,29.1
10455,2013,2013_10455,13228,22609,32350,12082,770,1028,318600,22305,24.6,19.2,28.0,15.1,4.5,7.2,1.5,38576,24.1,18.3,31.6,15.7,13228,31.1,24.4,18.4,26.1
10456,2013,2013_10456,28349,23452,34753,25940,890,1741,388600,51628,20.3,19.3,27.2,18.2,4.9,7.6,2.6,87723,24.5,17.1,33.099999999999994,16.700000000000003,28349,28.1,24.4,17.3,30.2
10457,2013,2013_10457,22570,24949,36595,20819,1016,1426,397500,39326,20.3,17.9,26.2,18.0,5.9,8.4,3.4,70282,25.2,16.6,33.300000000000004,14.600000000000001,22570,28.2,22.6,19.3,29.9
10458,2013,2013_10458,25329,24618,39384,23723,1070,1082,330300,42967,19.6,16.9,27.9,17.7,6.2,7.7,4.1,74859,23.5,19.3,33.1,15.299999999999999,25329,31.9,23.7,17.5,26.9
10459,2013,2013_10459,15402,24461,35421,13531,913,1450,343900,26606,22.3,20.2,25.2,15.3,6.4,7.6,3.0,47977,27.5,15.8,31.1,15.700000000000001,15402,26.1,21.8,20.8,31.3
10460,2013,2013_10460,19128,22307,34517,17089,942,1719,391700,32311,20.5,19.7,27.4,14.7,6.6,8.6,2.5,56084,26.0,15.5,33.1,16.1,19128,27.5,24.8,20.7,27.0
10461,2013,2013_10461,19330,52347,67093,12676,1199,6359,454700,36576,9.7,10.2,29.6,18.5,6.7,15.9,9.4,51730,16.4,14.3,37.1,23.3,19330,33.3,27.8,16.0,22.8
10462,2013,2013_10462,28908,45864,55062,22413,1167,6155,271300,51541,12.4,11.1,26.7,16.7,9.2,15.7,8.2,77369,19.2,15.0,36.1,20.7,28908,33.5,26.0,16.5,24.0
10463,2013,2013_10463,27261,54258,76188,18382,1137,8467,289700,49236,10.5,9.2,20.3,17.3,6.3,17.8,18.6,70420,16.5,13.7,34.300000000000004,25.200000000000003,27261,35.5,29.5,15.9,19.1
10464,2013,2013_10464,2062,70078,79490,944,1319,1088,484000,3190,1.8,5.4,24.9,17.9,7.0,18.1,25.0,4248,15.8,10.5,34.6,34.6,2062,44.7,32.6,11.1,11.7
10465,2013,2013_10465,15572,65450,80849,6725,1188,8454,437800,30403,9.7,10.0,31.0,18.2,7.1,15.1,8.8,44862,19.7,14.3,31.9,26.4,15572,27.2,31.1,16.5,25.2
10466,2013,2013_10466,22595,44012,56384,13504,1100,8705,391300,44429,10.4,11.0,31.4,18.1,8.3,14.6,6.3,70609,22.0,14.3,33.800000000000004,21.6,22595,25.1,24.5,21.1,29.2
10467,2013,2013_10467,34796,36048,47694,29834,1097,4300,369500,61430,13.1,14.1,28.4,18.9,7.0,12.7,5.7,98754,21.7,15.9,34.8,17.8,34796,31.1,26.5,17.1,25.3
10468,2013,2013_10468,23680,33776,43327,20972,1104,2217,171200,43742,16.3,15.5,29.8,18.1,4.5,11.3,4.5,71822,22.4,16.9,35.6,16.800000000000004,23680,27.0,24.7,17.9,30.4
10469,2013,2013_10469,21832,57776,69599,11016,1235,10649,427100,46628,8.5,11.2,26.3,19.5,9.2,16.2,9.1,71843,21.200000000000003,14.5,33.3,22.4,21832,23.4,26.0,17.1,33.5
10470,2013,2013_10470,5801,58600,69447,3518,1193,2144,401200,10379,8.5,7.7,31.0,18.8,6.4,16.0,11.6,14850,15.7,15.9,35.3,23.0,5801,33.7,32.7,15.5,18.0
10471,2013,2013_10471,8980,71798,103040,4371,1342,4452,360800,15540,4.4,4.0,18.4,14.1,4.7,26.1,28.3,22030,16.2,14.3,30.300000000000004,29.2,8980,43.9,28.7,15.0,12.4
10472,2013,2013_10472,21006,30288,43093,17431,1052,2862,429600,41331,20.3,18.8,28.4,15.2,5.7,8.8,2.7,68898,22.3,17.5,31.700000000000003,17.8,21006,24.0,22.2,21.2,32.6
10473,2013,2013_10473,20355,35866,52054,14728,808,5526,386600,37504,11.6,14.2,29.3,19.2,8.6,12.3,4.8,58660,21.1,15.9,31.8,23.4,20355,26.6,26.7,22.5,24.2
10474,2013,2013_10474,3656,25676,33007,3257,970,277,351800,7331,13.6,23.9,27.2,15.1,10.4,7.8,2.1,12519,24.8,19.4,35.199999999999996,12.7,3656,22.7,27.1,20.2,30.0
10475,2013,2013_10475,17992,43629,58630,10214,904,7680,76000,32076,7.8,8.4,28.8,22.7,8.6,15.1,8.6,43231,15.2,12.600000000000001,34.099999999999994,31.900000000000002,17992,43.1,25.9,13.3,17.8
11001,2013,2013_11001,9025,101634,119168,1586,1479,7319,477300,18968,3.1,4.5,26.4,16.8,8.7,22.7,17.8,27001,18.6,11.9,35.5,26.300000000000004,9025,19.9,28.6,17.0,34.6
11003,2013,2013_11003,11889,85672,97730,2445,1389,9338,380800,29189,5.3,7.4,26.1,21.8,9.6,18.8,10.8,43739,21.0,15.4,35.4,21.900000000000002,11889,12.5,21.8,20.0,45.6
11004,2013,2013_11004,5138,81709,94946,1237,1210,3869,432500,10427,4.9,5.8,24.9,11.5,8.0,26.0,18.8,14500,15.600000000000001,12.3,34.9,26.700000000000003,5138,34.4,20.8,16.4,28.4
11005,2013,2013_11005,1566,64300,100544,155,1917,1403,403700,2055,0.9,1.6,12.6,27.5,2.5,25.2,29.8,2055,0.0,0.0,4.9,60.2,1566,69.2,30.8,0.0,0.0
11040,2013,2013_11040,13208,101434,118525,1424,1386,11675,536900,28245,3.8,5.6,23.2,16.1,7.6,25.8,18.0,40231,19.7,9.6,34.400000000000006,28.5,13208,17.8,27.2,17.4,37.6
11101,2013,2013_11101,11075,47142,67121,9232,1189,1752,654900,17642,9.7,11.0,21.4,15.6,5.8,23.9,12.6,25537,15.899999999999999,19.4,41.5,16.3,11075,37.8,34.2,13.3,14.7
11102,2013,2013_11102,13873,49924,67035,11613,1397,1845,597700,24941,10.3,8.1,22.3,12.4,5.6,28.3,13.1,34529,13.2,24.4,40.3,15.699999999999998,13873,30.7,34.1,17.5,17.7
11103,2013,2013_11103,16283,55129,69034,13339,1413,2620,648900,29141,10.8,6.5,21.2,11.5,8.6,28.2,13.3,37745,10.100000000000001,24.2,39.699999999999996,19.7,16283,34.3,35.7,15.5,14.5
11104,2013,2013_11104,11502,56059,69522,9621,1353,1715,421800,20038,7.6,4.9,25.2,11.8,9.6,27.2,13.8,25729,10.1,17.5,44.1,21.8,11502,38.6,30.8,13.8,16.7
11105,2013,2013_11105,15729,57525,74283,10728,1433,4549,658700,27940,9.4,6.4,20.7,14.2,6.5,28.3,14.5,36190,11.3,21.5,39.7,21.200000000000003,15729,33.1,36.0,15.9,15.0
11106,2013,2013_11106,16704,48720,65573,13559,1270,2948,433600,28222,10.6,8.5,21.9,13.1,6.7,23.3,15.8,36869,12.2,19.0,40.400000000000006,22.400000000000002,16704,37.5,35.0,14.9,12.6
11109,2013,2013_11109,2000,125871,157687,1628,2001,372,428600,3028,0.0,0.0,4.6,9.6,2.5,38.4,45.0,3524,3.5,27.6,54.5,7.8999999999999995,2000,40.7,47.0,10.7,1.7
11201,2013,2013_11201,24389,95369,151188,14902,1796,9165,669000,41579,3.9,3.8,10.8,8.8,3.2,32.8,36.6,54668,11.0,17.5,43.9,18.700000000000003,24389,42.1,34.9,12.2,10.8
11203,2013,2013_11203,26933,48400,61959,15432,1142,11007,426100,53894,7.5,7.5,35.5,20.5,8.9,13.4,6.8,79572,18.5,15.3,32.4,25.7,26933,26.3,26.6,19.5,27.6
11204,2013,2013_11204,25221,45472,62859,15221,1171,9348,657500,51894,14.4,13.3,31.0,12.2,5.6,14.8,8.6,80963,20.700000000000003,15.4,31.200000000000003,22.400000000000002,25221,19.5,27.0,18.5,35.0
11205,2013,2013_11205,14656,44688,73758,11171,1111,3248,636900,25124,8.6,11.4,22.0,13.9,4.1,22.0,18.0,43002,20.700000000000003,21.0,34.5,13.2,14656,29.7,31.0,15.2,24.1
11206,2013,2013_11206,28314,28559,43235,25032,842,2971,533400,47816,18.7,15.9,26.1,15.3,5.0,13.8,5.1,81525,23.5,20.7,30.099999999999998,16.099999999999998,28314,27.7,29.1,16.6,26.7
11207,2013,2013_11207,30879,32945,45365,22832,1027,7375,403800,54070,13.7,15.9,33.1,16.9,7.3,9.0,4.0,92491,23.7,16.9,31.799999999999997,18.2,30879,23.4,25.8,20.4,30.5
11208,2013,2013_11208,28779,35079,45630,21060,1132,7215,441100,54000,10.8,13.1,45.4,15.2,5.3,7.4,2.8,93107,24.6,16.2,34.4,15.8,28779,20.7,21.5,19.8,38.0
11209,2013,2013_11209,30877,58261,82258,19453,1291,10956,625600,52815,6.5,6.9,23.0,14.5,5.3,25.6,18.3,72623,15.600000000000001,13.399999999999999,37.9,24.2,30877,39.2,27.2,13.1,20.5
11210,2013,2013_11210,21520,55429,73990,11276,1104,9982,485500,41447,5.0,5.8,34.0,16.1,6.4,21.1,11.5,65302,21.8,14.8,34.9,20.599999999999998,21520,24.6,25.9,17.4,32.0
11211,2013,2013_11211,35527,46848,70753,29393,1206,5472,655500,59787,10.6,10.1,20.7,14.5,3.4,26.8,13.8,93271,17.1,23.4,33.5,14.3,35527,30.4,33.9,14.5,21.2
11212,2013,2013_11212,30167,28348,39952,25081,928,4718,391700,51370,10.2,14.8,38.3,19.3,7.2,7.5,2.7,84520,22.9,15.7,32.6,19.400000000000002,30167,28.3,26.8,21.7,23.2
11213,2013,2013_11213,23512,34794,46913,19242,1024,3647,582300,38603,8.6,12.6,33.0,19.4,6.4,12.7,7.3,62059,21.3,16.4,33.2,19.799999999999997,23512,35.6,23.2,18.5,22.7
11214,2013,2013_11214,30415,43398,59810,18926,1103,10517,598800,60581,14.0,14.3,32.2,11.1,5.8,15.5,7.1,83156,15.399999999999999,14.2,33.8,28.300000000000004,30415,27.0,30.0,16.5,26.5
11215,2013,2013_11215,28822,95654,132302,17426,1778,10975,913200,50747,3.9,4.4,9.4,9.8,3.1,34.7,34.7,68891,12.6,18.0,42.800000000000004,18.099999999999998,28822,27.5,38.0,17.4,17.1
11216,2013,2013_11216,22832,43996,61139,17108,1102,5277,623300,38649,6.1,11.6,24.8,16.5,6.2,21.4,13.3,53783,14.7,21.4,36.8,20.8,22832,38.5,29.5,16.0,16.1
11217,2013,2013_11217,16726,81862,117480,11679,1650,4842,857000,29767,6.0,7.2,11.6,9.5,4.0,32.3,29.5,38787,11.299999999999999,19.2,44.800000000000004,16.9,16726,34.8,35.2,15.0,15.0
11218,2013,2013_11218,24869,52445,70046,16141,1314,8198,546300,47497,11.2,8.7,21.8,11.9,6.5,22.5,17.3,74758,21.0,16.700000000000003,34.2,18.9,24869,26.5,27.3,15.8,30.3
11219,2013,2013_11219,26609,34316,50967,19074,1176,6638,726700,53758,20.6,13.9,33.5,10.9,4.5,11.3,5.3,96971,23.9,16.700000000000003,28.200000000000003,16.4,26609,17.3,23.4,14.8,44.5
11220,2013,2013_11220,30042,37580,53080,22051,1155,7283,615300,67323,29.4,19.6,20.4,7.8,4.3,12.7,5.8,103089,19.1,18.5,36.4,17.1,30042,19.7,20.4,17.7,42.2
11221,2013,2013_11221,27803,39178,51952,21619,1118,5626,543800,51576,15.7,15.3,27.8,16.5,6.1,12.9,5.9,81321,20.9,18.4,35.4,17.1,27803,30.2,21.7,18.4,29.6
11222,2013,2013_11222,16395,63739,79763,12865,1436,3226,726500,27500,5.3,4.4,18.5,13.6,7.9,31.3,19.0,34186,8.4,24.5,44.29999999999999,18.6,16395,38.6,35.2,16.1,10.1
11223,2013,2013_11223,27050,41328,60488,15623,1077,10474,613000,52146,11.4,11.8,34.5,11.9,6.2,15.9,8.3,74606,17.599999999999998,14.0,31.399999999999995,27.8,27050,26.5,30.2,15.2,28.0
11224,2013,2013_11224,18134,27481,46350,12836,741,5091,317800,31114,9.7,12.4,29.3,12.8,6.6,19.2,9.9,42535,15.799999999999999,12.4,27.3,36.2,18134,39.2,31.0,14.8,15.0
11225,2013,2013_11225,22599,42922,56892,18935,1131,3300,615700,38782,6.8,10.1,28.9,19.5,6.1,18.1,10.4,59182,18.6,17.4,33.800000000000004,21.6,22599,32.3,29.7,15.6,22.4
11226,2013,2013_11226,35551,40734,54348,30317,1123,4547,480500,65117,9.3,10.9,33.5,19.3,5.1,14.5,7.3,98325,19.1,17.0,36.5,19.5,35551,30.2,26.4,18.8,24.6
11228,2013,2013_11228,15156,61893,83920,6009,1241,8841,681700,31512,13.1,8.5,31.2,12.8,6.1,16.6,11.8,43929,17.2,14.0,34.0,26.8,15156,22.2,29.7,17.2,30.9
11229,2013,2013_11229,30892,51725,67981,15811,1092,14266,524100,56793,8.3,7.3,29.4,12.4,7.2,22.7,12.6,81030,17.7,12.6,34.199999999999996,26.9,30892,29.0,30.9,16.2,23.9
11230,2013,2013_11230,29819,42170,63309,20370,1179,8733,598000,53674,8.5,7.2,24.9,13.4,8.8,22.4,14.9,84219,20.5,15.4,30.5,23.4,29819,29.9,28.0,15.7,26.5
11231,2013,2013_11231,14993,78174,109631,10926,1595,3895,912000,25090,6.9,6.6,14.8,9.4,3.5,33.1,25.6,34137,14.9,14.0,44.3,18.900000000000002,14993,31.0,35.7,18.2,15.1
11232,2013,2013_11232,8824,43595,57917,6641,1245,2022,582900,19088,20.5,15.3,22.9,13.8,4.4,13.1,10.0,28824,18.5,21.1,40.2,14.2,8824,18.1,28.2,21.8,31.8
11233,2013,2013_11233,26130,34492,49669,19599,1031,6095,551900,43322,8.6,14.7,32.2,18.2,7.0,13.3,6.0,68599,21.7,14.7,36.3,18.1,26130,31.0,29.1,18.5,21.4
11234,2013,2013_11234,31989,68431,84530,10080,1226,21454,488200,62933,4.8,6.5,29.2,18.5,9.6,19.3,12.1,94259,19.5,13.3,33.9,25.0,31989,21.9,27.6,18.8,31.8
11235,2013,2013_11235,31958,41639,64292,18607,1112,12738,531000,56088,5.2,5.1,25.1,12.0,10.1,28.4,14.0,74630,13.9,12.2,33.9,31.2,31958,36.8,29.1,16.8,17.4
11236,2013,2013_11236,31542,61061,72060,15943,1256,15155,478700,64221,6.6,8.8,29.9,20.0,9.8,16.1,8.8,97217,20.4,14.8,36.0,21.900000000000002,31542,19.5,26.4,23.9,30.2
11237,2013,2013_11237,16721,40372,53955,14803,1225,1688,464500,33282,32.3,18.7,18.5,9.5,3.5,12.4,5.1,55478,19.5,24.6,35.0,12.2,16721,16.7,25.6,20.0,37.7
11238,2013,2013_11238,23003,65315,88005,16064,1390,6600,656800,38537,4.0,6.0,14.5,14.4,5.0,30.9,25.0,51895,11.4,21.0,40.5,19.4,23003,37.9,33.6,15.2,13.2
11239,2013,2013_11239,6377,26275,36453,6156,901,139,354600,9103,9.5,10.3,32.2,17.1,9.2,11.6,10.1,12879,17.700000000000003,14.6,27.900000000000002,32.2,6377,49.3,22.9,16.5,11.3
11351,2013,2013_11351,0,-666666666,-666666666,0,-666666666,0,-666666666,0,-666666666.0,-666666666.0,-666666666.0,-666666666.0,-666666666.0,-666666666.0,-666666666.0,0,-1999999998.0,-1333333332.0,-3333333330.0,-3999999996.0,0,-666666666.0,-666666666.0,-666666666.0,-666666666.0
11354,2013,2013_11354,19822,46566,63705,11217,1305,7972,380600,43785,11.3,9.5,30.0,12.8,8.8,19.6,8.0,56258,12.0,13.899999999999999,37.5,28.3,19822,24.4,32.8,17.9,25.0
11355,2013,2013_11355,28245,41884,57510,18348,1289,9289,507500,61043,15.4,12.4,26.2,9.4,10.0,17.7,9.0,83221,14.8,16.3,37.1,25.3,28245,22.9,27.2,19.4,30.4
11356,2013,2013_11356,7599,58465,75087,3848,1460,3648,562900,15829,9.8,10.5,32.5,16.4,6.6,18.0,6.3,23037,18.5,13.8,36.1,23.4,7599,21.1,26.3,19.9,32.7
11357,2013,2013_11357,15268,71978,89578,3920,1542,11031,590800,29815,7.1,6.3,28.9,16.4,7.6,21.6,12.1,40872,15.9,10.5,34.199999999999996,30.0,15268,27.3,29.6,16.7,26.5
11358,2013,2013_11358,13395,65722,83862,5671,1476,7494,625200,28423,9.1,7.1,24.8,15.0,7.1,23.4,13.4,38317,14.3,14.2,37.6,26.8,13395,22.3,28.5,20.8,28.4
11359,2013,2013_11359,0,-666666666,-666666666,0,-666666666,0,-666666666,0,-666666666.0,-666666666.0,-666666666.0,-666666666.0,-666666666.0,-666666666.0,-666666666.0,0,-1999999998.0,-1333333332.0,-3333333330.0,-3999999996.0,0,-666666666.0,-666666666.0,-666666666.0,-666666666.0
11360,2013,2013_11360,8737,76183,95613,2611,1940,5924,524000,15394,3.4,3.3,22.7,16.0,7.0,24.9,22.8,19865,13.299999999999999,8.5,33.400000000000006,35.4,8737,37.1,32.1,13.8,17.0
11361,2013,2013_11361,10773,75335,89065,4469,1616,6107,574200,22085,7.5,4.3,23.9,16.0,6.6,25.2,16.4,30597,16.4,12.6,38.300000000000004,23.900000000000002,10773,25.0,27.2,20.7,27.1
11362,2013,2013_11362,7035,82332,94915,1416,1579,5531,538000,13656,5.0,4.2,18.3,14.8,5.0,31.1,21.6,17865,13.5,10.0,36.5,29.999999999999996,7035,29.5,32.5,15.3,22.7
11363,2013,2013_11363,2618,90799,123731,822,1622,1788,714200,5039,4.8,1.5,17.9,12.6,9.6,33.1,20.5,7354,20.1,11.0,34.1,27.799999999999997,2618,26.4,22.5,21.3,29.9
11364,2013,2013_11364,13343,72909,86027,3180,1500,9923,510800,25598,6.0,4.5,22.5,15.8,6.8,26.4,18.0,34751,16.3,10.8,36.9,27.5,13343,29.0,26.9,17.5,26.6
11365,2013,2013_11365,15385,55492,71148,8061,1347,7211,580300,29922,7.2,7.2,23.3,17.1,10.0,21.1,14.1,41924,16.3,12.899999999999999,35.9,25.3,15385,26.7,28.9,17.6,26.7
11366,2013,2013_11366,4346,71350,90718,1196,1494,3054,610100,9182,6.5,6.3,19.8,14.8,7.4,27.9,17.3,13499,17.0,15.3,30.9,29.300000000000004,4346,18.0,28.7,21.1,32.1
11367,2013,2013_11367,14505,56608,73125,7423,1179,6760,376400,26536,5.9,7.4,22.9,12.7,8.8,24.7,17.6,41022,18.3,15.100000000000001,32.699999999999996,23.0,14505,28.0,26.3,19.2,26.5
11368,2013,2013_11368,28318,45964,57070,22310,1392,5679,480900,69211,26.4,13.4,30.0,12.3,6.0,8.6,3.2,107962,18.700000000000003,19.6,37.6,14.6,28318,17.0,19.3,16.8,46.9
11369,2013,2013_11369,11396,53617,66369,5701,1342,5449,464500,26578,15.9,9.6,36.6,15.5,5.6,11.2,5.5,40761,19.0,18.2,35.7,19.0,11396,19.6,20.0,18.4,42.0
11370,2013,2013_11370,8696,52500,68954,4296,1484,4205,517100,25302,12.0,19.3,31.4,11.0,6.9,12.4,7.0,37244,17.7,19.8,39.9,17.4,8696,20.5,23.2,19.1,37.2
11371,2013,2013_11371,0,-666666666,-666666666,0,-666666666,0,-666666666,0,-666666666.0,-666666666.0,-666666666.0,-666666666.0,-666666666.0,-666666666.0,-666666666.0,0,-1999999998.0,-1333333332.0,-3333333330.0,-3999999996.0,0,-666666666.0,-666666666.0,-666666666.0,-666666666.0
11372,2013,2013_11372,24220,48683,62316,16215,1246,7696,265500,46342,13.5,11.2,24.9,13.8,7.4,19.1,10.1,63320,13.899999999999999,16.7,40.199999999999996,21.6,24220,33.5,26.3,17.7,22.6
11373,2013,2013_11373,31651,47667,62530,22379,1342,8866,499600,70389,17.5,12.7,24.3,12.2,7.7,18.5,7.2,99159,15.2,16.6,40.5,20.7,31651,20.2,26.2,20.4,33.1
11374,2013,2013_11374,19056,52532,74469,11945,1303,6902,297300,32639,4.5,4.9,19.6,13.2,9.4,30.3,18.2,42297,12.1,14.2,36.1,29.3,19056,39.2,32.0,14.8,14.0
11375,2013,2013_11375,32079,72000,94345,15315,1499,16053,358300,53956,4.2,3.2,17.2,12.3,7.0,29.9,26.2,69757,12.8,11.0,39.0,27.799999999999997,32079,41.0,30.0,14.4,14.6
11377,2013,2013_11377,31532,49886,63139,22367,1302,8677,395800,62123,13.9,11.1,24.3,12.8,9.2,20.2,8.5,86316,15.299999999999999,16.5,41.1,20.099999999999998,31532,27.7,28.9,17.6,25.8
11378,2013,2013_11378,12619,57474,69726,5794,1338,6641,538600,23223,7.3,10.4,35.0,17.0,8.1,15.3,7.0,32268,15.2,14.0,37.900000000000006,24.200000000000003,12619,34.5,25.5,17.2,22.8
11379,2013,2013_11379,13648,69843,83856,5205,1329,8056,543800,26971,8.6,7.2,31.4,15.9,6.5,19.1,11.3,35822,15.5,10.8,37.0,29.2,13648,29.1,28.9,18.4,23.6
11385,2013,2013_11385,34622,50799,64260,23813,1247,9893,495800,66132,12.6,9.9,34.8,17.7,5.5,13.2,6.3,99379,18.7,16.4,36.5,20.3,34622,23.9,27.8,20.1,28.3
11411,2013,2013_11411,6108,83099,93660,1057,1252,5000,387900,13630,4.0,6.2,29.8,21.3,7.9,19.5,11.2,18722,16.6,12.3,34.800000000000004,30.4,6108,21.1,28.7,19.8,30.4
11412,2013,2013_11412,11034,70672,80374,2620,1257,8299,385700,24936,5.6,7.6,30.1,23.9,11.3,15.0,6.5,37176,20.0,13.9,35.5,23.299999999999997,11034,18.0,24.2,20.2,37.6
11413,2013,2013_11413,12114,78667,89814,2888,1441,9078,406200,27244,4.4,9.8,27.6,22.9,9.4,16.7,9.3,40385,19.7,14.0,35.0,24.7,12114,18.0,24.3,21.9,35.9
11414,2013,2013_11414,11059,66790,84024,2840,1435,8136,501700,21227,6.7,10.5,34.5,15.0,8.2,16.5,8.6,28094,15.399999999999999,9.2,33.7,32.8,11059,26.5,37.3,14.5,21.8
11415,2013,2013_11415,8466,63549,78864,5250,1313,3029,289800,14182,4.9,5.7,18.0,14.5,10.7,25.1,20.9,19145,14.2,15.5,36.6,25.799999999999997,8466,38.4,33.1,13.3,15.2
11416,2013,2013_11416,7127,56724,71675,3932,1294,3101,447200,16289,14.4,11.9,28.6,15.3,7.9,14.9,7.0,25950,21.9,17.0,35.800000000000004,17.500000000000004,7127,14.7,20.0,18.2,47.1
11417,2013,2013_11417,9483,62086,76485,4227,1299,5184,442900,20259,11.0,10.1,34.3,15.5,8.2,13.8,7.0,31004,19.3,15.399999999999999,37.8,19.2,9483,17.8,22.2,21.5,38.5
11418,2013,2013_11418,11058,60691,71669,6237,1295,4717,427000,24122,11.5,12.5,29.1,14.3,6.9,16.1,9.7,36828,20.0,15.5,36.9,19.3,11058,18.7,24.5,16.8,40.0
11419,2013,2013_11419,12507,56735,70532,5316,1330,7117,442900,32627,15.1,11.5,39.1,11.2,5.3,13.6,4.3,49193,19.1,17.5,37.0,20.8,12507,10.1,16.2,22.5,51.2
11420,2013,2013_11420,13485,59832,77629,3952,1346,9397,421200,31943,11.5,10.8,36.1,15.8,7.1,13.8,4.8,48449,19.6,15.8,36.4,21.2,13485,13.9,20.3,19.8,46.0
11421,2013,2013_11421,12188,60897,76733,5431,1336,6488,414700,27457,11.9,11.7,30.5,17.3,7.3,14.8,6.5,42588,20.0,16.799999999999997,35.9,18.7,12188,14.9,21.6,22.1,41.3
11422,2013,2013_11422,10041,84824,93330,3207,1603,6759,413800,21452,4.1,6.4,25.9,23.4,10.1,20.8,9.2,33280,21.5,14.399999999999999,35.5,20.400000000000002,10041,19.6,20.5,22.1,37.8
11423,2013,2013_11423,9948,60892,81033,3783,1196,6086,422200,21759,11.4,10.3,27.3,17.9,6.9,17.2,9.0,31625,18.799999999999997,13.2,35.6,25.0,9948,21.2,26.6,17.1,35.1
11424,2013,2013_11424,0,-666666666,-666666666,0,-666666666,0,-666666666,0,-666666666.0,-666666666.0,-666666666.0,-666666666.0,-666666666.0,-666666666.0,-666666666.0,0,-1999999998.0,-1333333332.0,-3333333330.0,-3999999996.0,0,-666666666.0,-666666666.0,-666666666.0,-666666666.0
11425,2013,2013_11425,0,-666666666,-666666666,0,-666666666,0,-666666666,0,-666666666.0,-666666666.0,-666666666.0,-666666666.0,-666666666.0,-666666666.0,-666666666.0,0,-1999999998.0,-1333333332.0,-3333333330.0,-3999999996.0,0,-666666666.0,-666666666.0,-666666666.0,-666666666.0
11426,2013,2013_11426,5950,82301,99850,1224,1303,4630,460500,13623,4.5,6.2,26.8,17.5,7.6,22.8,14.6,19575,18.4,13.0,35.6,24.3,5950,18.3,23.9,20.0,37.9
11427,2013,2013_11427,7960,70108,85446,2914,1252,4955,458400,17447,5.9,8.3,26.3,15.8,9.1,24.0,10.6,24877,15.8,15.100000000000001,37.3,24.4,7960,21.5,25.6,21.3,31.6
11428,2013,2013_11428,5699,69330,81239,1689,1339,3837,407700,14069,10.0,9.3,31.5,14.8,10.7,17.2,6.6,20307,17.1,16.3,35.900000000000006,24.6,5699,11.0,20.5,25.0,43.4
11429,2013,2013_11429,7635,68890,83891,2363,1338,5096,384700,19359,7.3,8.8,32.1,22.3,9.5,13.3,6.6,28311,18.5,14.6,35.4,25.3,7635,14.0,23.8,17.6,44.6
11430,2013,2013_11430,0,-666666666,-666666666,0,-666666666,0,-666666666,119,0.0,24.4,55.5,10.1,0.0,5.0,5.0,140,0.0,36.4,37.9,25.8,0,-666666666.0,-666666666.0,-666666666.0,-666666666.0
11432,2013,2013_11432,18653,50450,67975,10974,1276,7344,519000,40798,13.7,9.5,23.3,11.3,7.8,21.0,13.4,61687,18.799999999999997,15.5,34.400000000000006,22.2,18653,24.0,23.1,18.6,34.3
11433,2013,2013_11433,10160,42887,58033,5670,1001,4377,379700,20032,11.5,13.5,30.9,20.7,7.1,10.7,5.5,32821,23.599999999999998,15.0,32.3,20.1,10160,23.3,23.3,17.3,36.1
11434,2013,2013_11434,20120,59229,70618,10083,1103,9822,371900,41273,5.5,9.3,30.8,24.7,8.7,13.8,7.3,62809,20.6,14.4,35.0,21.8,20120,26.7,24.2,19.0,30.1
11435,2013,2013_11435,18287,53041,64739,11401,1274,6640,338100,36610,13.2,9.4,27.6,13.5,7.9,18.4,10.0,53542,17.7,16.9,36.699999999999996,20.9,18287,27.8,26.8,16.1,29.3
11436,2013,2013_11436,5272,62114,73273,1509,1422,3662,365500,11763,8.6,10.8,35.0,21.2,7.1,11.7,5.7,17636,19.2,15.8,36.0,21.4,5272,18.2,24.6,22.2,35.0
11451,2013,2013_11451,0,-666666666,-666666666,0,-666666666,0,-666666666,0,-666666666.0,-666666666.0,-666666666.0,-666666666.0,-666666666.0,-666666666.0,-666666666.0,0,-1999999998.0,-1333333332.0,-3333333330.0,-3999999996.0,0,-666666666.0,-666666666.0,-666666666.0,-666666666.0
11691,2013,2013_11691,18942,39409,56640,13955,1012,4825,448200,35984,12.5,14.4,28.3,16.9,6.4,13.5,8.0,61091,21.8,15.6,29.599999999999998,20.5,18942,29.1,22.4,15.2,33.2
11692,2013,2013_11692,5974,43354,60455,3918,875,2000,355800,11102,10.7,13.6,28.7,19.9,7.8,13.0,6.2,17674,22.0,13.8,34.7,20.7,5974,26.4,23.1,23.1,27.3
11693,2013,2013_11693,4518,50570,60995,2419,831,1992,323100,7664,3.4,15.5,30.2,19.5,7.4,17.2,6.6,11335,19.700000000000003,12.100000000000001,38.5,23.1,4518,31.6,30.1,18.3,19.9
11694,2013,2013_11694,8190,76944,93633,3494,1161,4570,623200,15705,5.1,6.9,22.7,19.2,8.4,19.8,17.7,21725,19.099999999999998,9.0,35.1,29.1,8190,32.5,28.0,17.7,21.8
11697,2013,2013_11697,1701,87636,100542,52,908,1649,525600,3085,1.8,3.7,27.4,16.1,6.8,24.9,19.3,4223,19.4,7.1,25.9,39.3,1701,28.9,37.2,11.9,22.0
